GCIN,pre_epsilon_mean,pre_qobs_valid_days,pre_n_recession_days_predicted,pre_nse,pre_kge,pre_fold_nse_mean,pre_fold_nse_std,pre_fold_kge_mean,pre_folds_scored,post_epsilon_mean,post_qobs_valid_days,post_n_recession_days_predicted,post_nse,post_kge,post_fold_nse_mean,post_fold_nse_std,post_fold_kge_mean,post_folds_scored,delta_epsilon_mean
1,0.13517106936446258,574,574,0.2601680603833477,0.394612622619255,0.43120975522989075,0.34893131400052085,0.49453217950649825,3,,0,0,,,,,,0,
2,0.07265762171815628,1489,1489,0.11062355328799411,0.3685456373115973,-0.16607063070528016,0.3714221153836821,0.30528929550167855,3,0.055749742176794875,3502,3502,0.13448757438943348,0.5896830161500516,0.13033729757911314,0.22743695272688572,0.4148526089124515,5,-0.0169078795413614
3,0.057267924822184076,2886,2886,0.3019443482647174,0.3581315252231596,0.3155417868623297,0.214872667753009,0.3368916025133991,5,0.06984410413209832,3010,3010,0.5053288817685697,0.473539991620466,0.5189885120168947,0.12579496299281476,0.47616585289263486,5,0.012576179309914247
4,0.12266563021643515,1547,1547,0.23406934471754937,0.37288175730858075,0.0510766949237514,0.515425777150361,0.1713262043946443,5,0.2548744416598758,2204,2204,0.38037312359981346,0.39662135859952474,0.44818428962649504,0.2292605177667091,0.4283945304948135,5,0.13220881144344063
5,0.10737385783028047,1083,1083,0.24715572172179934,0.5178940459911134,0.21500134871613863,0.18048119185418193,0.43437647162060167,5,0.11239173445765495,1882,1882,0.3691279278104489,0.496707776512079,0.379040916676395,0.17634438272854847,0.4211466163172143,5,0.005017876627374476
6,0.08863062603585076,1613,1613,0.17254048439733094,0.2567695941493997,0.16953556325655952,0.15861055400632418,0.28046644155668304,5,0.0998324694081408,1830,1830,0.30576900641451177,0.31913369252759094,0.24832077697495483,0.24985293859255595,0.33764916445363247,5,0.011201843372290049
7,0.04160271394961726,1238,1238,0.22116094967166866,0.374360299122949,-0.08647590719348142,0.7894650927665242,0.20342829925020914,5,0.04121098513029732,1862,1862,0.30617232536135874,0.43179586441174966,0.3154266458149314,0.18438497729868847,0.4447697846394593,5,-0.0003917288193199392
8,0.05634331240474088,3063,3063,0.369089669410511,0.6448965518699155,0.3114861302081847,0.2915210777154332,0.6029307607648915,5,0.05504325474062045,2919,2919,0.7260110410496641,0.7883928653904841,0.6436979044135503,0.22758594169634713,0.7366452750201309,5,-0.0013000576641204326
9,0.05368627172341333,1114,1114,0.04212861656067235,0.4689515574283559,-0.1401705249756801,0.519168068626502,0.4194263988405506,5,0.054731077064279016,1001,1001,0.06051269745459331,0.5198527257020049,-6.833988535224364,16.00350033465117,-0.2938488233513089,5,0.0010448053408656857
10,0.015159123515722642,2402,2402,0.40262380176261137,0.6209891422423505,0.38713809418921996,0.07444079875253862,0.5805482602986818,5,0.014851204287922123,1887,1887,0.44823441495039196,0.6396147081382559,0.4430253065790069,0.31102763388909654,0.6069420344725422,5,-0.0003079192278005183
11,2.3572939585714403,1532,1532,0.4549933382082415,0.3325682682953863,0.3945559034176114,0.17838629842374684,0.35732907724116547,3,1.4940409870155857,2632,2632,0.35767942353891036,0.18688523869347096,0.27449087420952967,0.17055341971519042,0.08010619846414288,4,-0.8632529715558546
12,1.6106374811363278,1045,1045,0.26330095003325515,0.08859632467571121,0.16821653170640158,0.2670071718532949,0.11398741557124814,3,1.6351563116978105,1915,1915,0.3537618246885442,0.2280205941401564,0.28459843157611653,0.13401834819722727,0.15685420038963424,4,0.02451883056148274
13,11.916175975974026,1405,1405,0.5102064350784967,0.7394009401159688,0.513194435648891,0.029420751064035026,0.5338173610294933,3,9.570175687080168,2080,2080,0.46755508431605675,0.20893809741304448,0.4842842134288044,0.23810161286419626,0.274892600575133,4,-2.3460002888938583
14,4.6140967541886075,1221,1221,0.513167339264339,0.6563404442337932,0.4617415517612344,0.32095675417591574,0.4038484452058362,3,1.9593162929635817,2189,2189,0.6620093148346856,0.7645228460226725,0.28737541263277044,0.6385585507283547,0.445483556921406,4,-2.654780461225026
15,2.1962722172783664,3389,3389,0.6281585320259953,0.5343321606713153,0.610434584266966,0.02454297876140093,0.5887966256655086,3,1.896124224480313,3547,3547,0.5112192353337343,0.39102469977351484,0.49408952456933874,0.1387756757929687,0.3553002564595787,4,-0.3001479927980535
16,4.120651978101967,2142,2142,0.4689593978955885,0.4001136274858098,0.12711863482837005,0.5916561821768104,0.2542409297198832,3,2.9275240154389115,2727,2727,0.5176218366751946,0.39291950346098503,0.48982629051326704,0.06663479309581731,0.42298235499968606,4,-1.1931279626630555
17,4.119043034851082,2267,2267,0.791754660401816,0.8058553338469185,0.7453098766023203,0.11453346289204187,0.7698050949815786,3,3.819506169759533,2782,2782,0.6787049558580496,0.5464005479056886,0.6984747176756813,0.05294659940988305,0.5734814967459686,4,-0.2995368650915484
18,0.9439381422345038,2272,2272,0.47797144639961375,0.36529307221135243,0.4770141351235026,0.09636393552798707,0.3748725736446495,3,0.8372810434723309,2908,2908,0.5069750895486893,0.44404416963316184,0.5145160829776491,0.10419221314017005,0.45462401502927735,4,-0.10665709876217289
19,0.43100249071654967,2956,2956,0.7313607542014807,0.6998308885977536,0.6950588087012151,0.08763574976160426,0.7039704118769488,4,0.5356199216685043,2925,2925,0.7493402923888264,0.6664719040503193,0.7557469849319154,0.054478598081406635,0.6387876926705558,4,0.10461743095195458
20,0.05672120284840327,1301,1301,0.5774252024331142,0.7843017796425824,0.5891118283546654,0.08091004842082121,0.6634714236381073,3,0.05339463579721919,2671,2671,0.6281873791531403,0.8091215650900161,0.5808707423601941,0.11616264474838192,0.6502357998257693,4,-0.0033265670511840803
21,10.232354290778265,2174,2174,0.37374113133664855,0.29672679617651887,0.2892424462988574,0.19304000856803807,0.1746170996031103,4,7.966351387404716,2262,2262,0.5229875659757257,0.25348073805486293,0.5575203424768832,0.11378691555817451,0.32088983676201,4,-2.2660029033735487
22,6.100298059093691,2188,2188,0.19944555546959986,0.01428077659330762,-0.49413886396059475,1.2131078012868397,-0.014028904213466364,3,3.8709507767142495,2834,2834,0.3155175715283891,0.15877770072363484,0.3048235437820714,0.1412654677208499,0.11472797744377464,4,-2.229347282379442
23,5.968278905137957,2091,2091,0.04193055939383927,-0.342306908156109,-0.023495201388577042,0.025488598475410858,-0.34683026778466014,3,3.48716456644579,2851,2851,-0.043709863078075006,-0.46231211431737873,-0.198804986915936,0.20231767492113095,-0.24493275737664488,4,-2.481114338692167
24,1.8708707857877016,132,132,0.3803434601924871,0.5014041745421436,-0.2605599602947653,0.7509859638632512,0.165107430690456,3,5.687348299344216,242,242,0.4383246677071446,0.5711303465830156,-0.7626581965841792,1.6720775168796222,-0.01992075144857866,4,3.8164775135565145
25,0.5637075658707968,5158,5158,0.5059223881916823,0.7295207879146542,0.5100828370345083,0.14987525061889426,0.5972118635308821,5,0.42218199632230685,3451,3451,0.5340988280651555,0.6873687304709885,0.45827786675119087,0.05562727489802897,0.5579016037214435,4,-0.14152556954849
26,0.058791234993694944,3368,3368,0.7624012754628781,0.8151880579324859,0.7483326508166342,0.10839707669316218,0.761691022581608,3,0.05178158537373225,4010,4010,0.7454851623426316,0.8289098448432317,0.7272163650583781,0.033941272136430556,0.7685339967575024,4,-0.007009649619962692
27,8.80931804544712,1310,1310,0.350958197937022,0.24780740154994663,-81605.51588632634,141345.57160165734,0.19946368325231612,3,9.073293608023368,1746,1746,0.4327220360289208,0.24442182264121404,0.4042181599357581,0.19494446681631994,0.23075586889703875,4,0.263975562576249
28,0.10185166629533092,6006,6006,0.49271017244456294,0.728830307542877,0.4398573526621088,0.27668096572809503,0.6496924353860987,5,0.09759232162249931,4311,4311,0.616706709567022,0.8018933463404355,0.605464432398898,0.07023655652478865,0.706633207831962,4,-0.004259344672831608
29,0.1390375418433812,3931,3931,0.7121709159355953,0.8393908844807985,0.6837975218126129,0.042962523218255874,0.6898399409622857,4,0.1107628066984516,4193,4193,0.7303277352763726,0.8200169601875273,0.6736360884470285,0.06741530423354855,0.6345772849048197,4,-0.02827473514492962
30,0.05113294535014992,6100,6100,0.7440961364617082,0.8223219092081049,0.7403370002407611,0.08736412732002777,0.7253163948312518,5,0.04748054375594481,4302,4302,0.7946229271475338,0.7543502642724228,0.7770606552284796,0.06470437845024903,0.733716204616097,4,-0.0036524015942051152
31,0.0432140516964406,5391,5391,0.7656744932738276,0.8247832897177704,0.750166739150715,0.07086868860759171,0.7663613693026654,5,0.04068594973083683,3881,3881,0.7419568790170474,0.779777029727041,0.7258381866124584,0.06521329582739005,0.7274337871315133,4,-0.0025281019656037754
32,0.04824259459784304,6368,6368,0.6213130248786064,0.7632466325077235,0.6315623217812762,0.11284330208856558,0.7355294430096541,5,0.04298396179960039,4285,4285,0.7424136411529709,0.8401749517566663,0.7463324742639394,0.05604492150485593,0.8183691872019969,4,-0.005258632798242652
33,0.13186854032080464,2932,2932,0.7591121413481556,0.80731059576556,0.7314205360491876,0.07654215557345904,0.6775465000723003,3,0.11749161073016656,4205,4205,0.7731763071208568,0.8210641799136394,0.7527320314074131,0.08260258734052152,0.7036409265995073,4,-0.014376929590638077
34,0.5991110438233553,3463,3463,0.6908872083646467,0.6688895939087475,0.6994133333771698,0.12373606950351294,0.6834431624347056,3,0.41996584855728364,3863,3863,0.808439759910622,0.8552041644591476,0.7609275715279649,0.08379781135980742,0.7764306240025525,4,-0.1791451952660717
35,0.23200227064372686,1833,1833,0.7547715869124728,0.8366155538031868,0.7522917745891811,0.08845624121682202,0.7780996230453348,2,0.1861068996719699,2820,2820,0.7614305965357047,0.8246957293023246,0.6863198125338483,0.17516708714798984,0.7847734912421184,4,-0.04589537097175697
36,0.8375845843751546,3015,3015,0.7164499940976854,0.8073919268072827,0.7078788132275209,0.05000926444675797,0.711902269970059,3,0.5138615414073597,3580,3580,0.7048424351449754,0.8338180162458428,0.6623256208717506,0.1512308879588377,0.6904177669964954,4,-0.32372304296779486
37,0.6807900432793562,2744,2744,0.7460534070238372,0.8634521148906198,0.7337792280921436,0.045468779686955514,0.7561555154445343,3,0.5324808889175149,2755,2755,0.7162399809582777,0.8485399059021441,0.6652259919262534,0.1190735400947058,0.5827719712638184,4,-0.14830915436184133
38,0.3467528335596475,5850,5850,0.734547202403377,0.7568437130959015,0.745341208529966,0.1387517803362445,0.712657884789914,5,0.34485361764318073,3318,3318,0.7881163116681194,0.7241609451340518,0.7805693598426731,0.09624764140698487,0.7338234112203832,4,-0.0018992159164667455
39,0.6110948651915197,4295,4295,0.7713223305330096,0.8119808190311285,0.7450115712468938,0.1427922965135594,0.8014843780244276,4,0.732080014185829,3604,3604,0.7585830478593593,0.6938610782390224,0.7491725095723272,0.07035984287537163,0.688554530828447,4,0.12098514899430934
40,0.555561303373246,3661,3661,0.7286585878808054,0.80742485234888,0.7249813215210346,0.06147621753885991,0.7265347248466127,4,0.6008685829630425,3378,3378,0.7845212302471283,0.8531666346449348,0.7478824008257665,0.11758781578682054,0.7927785751560543,4,0.04530727958979641
41,1.004965518004773,3665,3665,0.7627951544327759,0.7309284992228213,0.7460854601507121,0.14832261039512848,0.700202069692554,3,1.03741530389764,4267,4267,0.728105848841964,0.6849198755078161,0.7258686490267483,0.09992860461101176,0.6026040827112442,4,0.032449785892866956
42,1.363040772650251,3806,3806,0.7250148816325586,0.7423365515005649,0.6373834987627216,0.20609715538718423,0.5605323332204228,4,1.3144898248994124,3531,3531,0.7986522138990914,0.8173961982645807,0.7745927058391207,0.08087105779256892,0.7444819142589433,4,-0.04855094775083857
43,0.3418759531594432,4400,4400,0.7788592293450155,0.8404294142428739,0.647762043147466,0.2878830750480377,0.676819515713289,4,0.36197861614015564,4443,4443,0.8188747861754658,0.8306295552534678,0.8060879879851668,0.09009332866364977,0.8191295167229323,4,0.02010266298071245
44,0.7366120129835663,3110,3110,0.7359987582831155,0.6411509717536967,0.734495704550583,0.10356670599330552,0.6423985768499278,3,0.6789243729848079,3016,3016,0.7787325424548168,0.6713497391663015,0.7751777039365689,0.1036287973183591,0.671510652973003,4,-0.05768763999875837
45,0.29110320086104546,2470,2470,0.6763240982115722,0.7727883963091766,0.5752481602451169,0.3179704604383013,0.5973764678669437,3,0.2327794906270607,3198,3198,0.7563594902903232,0.7424912888998231,0.7483076389153064,0.11751763568975437,0.7217524655127019,4,-0.05832371023398478
46,0.8323384940900473,4538,4538,0.7366800296556215,0.7906519734773861,0.6668692428810209,0.2139763345283988,0.7486974587687671,4,0.9602442936295311,3574,3574,0.8216453386127709,0.831839361494017,0.7847491857014763,0.11623763948066727,0.7380614363276758,4,0.12790579953948378
47,0.041436576439903,2172,2172,0.7233923023636373,0.847804192626636,0.7101145328152416,0.08686266873997792,0.8326159003939304,2,0.038849810449081444,3673,3673,0.7400697711515762,0.8709483505962153,0.6777203010213477,0.07603571748706243,0.7722234714157102,4,-0.0025867659908215546
48,0.059840347461407366,2259,2259,0.7332320835531003,0.7862626863275959,0.007531010657261324,1.2521651938722251,0.6228723212955359,3,0.061700270177926,3581,3581,0.7705556769457551,0.7555016263531102,0.7790720386372757,0.08234384242265731,0.7797829362013801,4,0.001859922716518636
49,0.17137266944054388,2609,2609,0.8400592318740773,0.8820835155458117,0.8393743680273507,0.016059569809601524,0.878812966697615,2,0.18598556948559752,4153,4153,0.834005494989243,0.8732303515619978,0.8230824284319288,0.04948283835929593,0.8423256162945119,4,0.01461290004505364
50,0.22991891806754478,2295,2295,0.717649980559427,0.7762085072307044,0.7212738854300366,0.02486456507023765,0.7834499341684327,2,0.1769984456248051,3498,3498,0.7048320264169394,0.8095102304719322,0.6921412819012404,0.041373811121402246,0.6885761174515173,4,-0.052920472442739674
51,0.09188208670745669,5097,5097,0.802708860752435,0.8387167868159775,0.7987406682769227,0.037167196532987334,0.7863303412148726,4,0.09517712430203364,4297,4297,0.8529851062402865,0.8713170464939589,0.8413508608877147,0.032547820146182994,0.830219280276041,4,0.003295037594576944
52,0.1335035552475116,3645,3645,0.8106193768666112,0.8771783699963319,0.807223483408619,0.03956425919067522,0.8322369163548622,3,0.1485409372372147,3802,3802,0.8247457430627161,0.7603999780738846,0.8105471717080163,0.0230702653848176,0.7064476072696177,4,0.015037381989703114
53,5.919063226095683,2123,2123,0.6060682890280213,0.4748996798521954,0.6330524046640451,0.15594916196040082,0.5025987329200949,2,5.238865784580813,3097,3097,0.358959334225865,0.16351216353997045,0.2734895565007084,0.12305044496893808,0.21198166591469852,4,-0.6801974415148697
54,0.08084955282457992,3193,3193,0.8521389042781905,0.9032678203976292,0.8498224944055165,0.020351497374545773,0.878665237072366,3,0.07924483372722711,3955,3955,0.8447935847002346,0.8149860075383563,0.8200991787494869,0.05992204353914506,0.7844718224235174,4,-0.0016047190973528108
55,3.1773383112579756,1924,1924,0.7430291077685489,0.7069808581084356,0.7687808455460675,0.07323849844847077,0.7052264335498122,3,1.9708679580692212,2394,2394,0.7631362905644402,0.7778512664203828,0.6973512067818265,0.12788599129869502,0.7063979345665314,4,-1.2064703531887544
56,7.219955803928729,2495,2495,0.34761647579109467,0.2801441946543578,0.46497651933780393,0.2094715636088975,0.3638831818258514,3,5.512235343170178,3047,3047,0.4038760094143873,0.32494792615059065,0.5628472230100696,0.17970812597500635,0.4695319986301988,4,-1.7077204607585506
57,8.037621645067256,2220,2220,0.5181245333072193,0.3298800619216188,0.5152734435433982,0.16952186948629858,0.30860279432417254,3,6.433765731574886,1957,1957,0.6205167557264473,0.5070196088564906,0.5170302676049265,0.12723198949770967,0.4175137245186311,4,-1.60385591349237
58,0.6106758077067853,2304,2304,0.6762592469301931,0.7041367210341001,0.6408762853727067,0.048313224715017936,0.6638795201533102,3,0.347296054500006,3465,3465,0.6215648794565786,0.6139656493474928,0.5651314616381666,0.04930453197564731,0.5445947821366656,4,-0.2633797532067793
59,0.15377935453245256,2341,2341,0.7773299295276364,0.8548269197539088,0.77737040008659,0.005501029668362802,0.7750316922282906,2,0.14762516579637489,3506,3506,0.7739645700336657,0.6781022249720083,0.7550324865687079,0.0668549350318458,0.6564681578160682,4,-0.006154188736077676
60,0.06831812723392165,2303,2303,0.8220911837337351,0.8437223350978817,0.8220218103778794,0.002113460320486359,0.8401336409101186,2,0.06840897010310623,3692,3692,0.8377690168092857,0.831822625149808,0.8213148024976696,0.05510862569454298,0.7882726373958544,4,9.084286918457918e-05
61,3.2863186808898237,1937,1937,0.6758708586282571,0.5621879443671395,0.6925932272247913,0.09620934010276119,0.5840583825117129,2,2.7304065606349104,3627,3627,0.5123597594193092,0.35621472595551773,0.46055931295383246,0.10971912826259288,0.3412928499873826,4,-0.5559121202549133
62,1.8510232081892763,4104,4104,0.3383464455035984,0.2062464418220643,0.25743192022081524,0.45861040172162787,0.20280530318762408,5,0.9705675527891953,2523,2523,0.5422985095081696,0.5764838694213978,-0.06727730733181794,1.1948363243013749,0.2010442655332946,4,-0.8804556554000811
63,5.422496366597402,2045,2045,0.7010303588265561,0.5293669143954751,0.6987490020150413,0.07223060733832552,0.5039976950524765,2,3.5343428359243876,2936,2936,0.5955124141240034,0.4348865701160475,0.658374765685146,0.15729923663653514,0.5176935018562321,4,-1.8881535306730144
64,7.537356732402743,2143,2143,0.7399280776114121,0.6757239173150298,0.6908199664554799,0.09559626236707508,0.5851989160470322,3,7.13004126623501,2286,2286,0.4852355155075644,0.45180319793824164,0.4531398986655316,0.22240557722592197,0.470103647704606,4,-0.4073154661677325
65,10.30431676383775,832,832,0.39491995933225577,0.15045774764418018,0.4018966000500647,0.01822550670896253,0.16733140979261568,2,11.788051194841529,818,818,0.20452963915696742,-0.08441043866762765,0.1275689566885183,0.13950844996646222,-0.09478146917141064,4,1.4837344310037786
66,4.71498431305035,4112,4112,0.4933805531004595,0.4684628459890494,0.5035174159454833,0.29000211150920424,0.5008347202614959,5,3.892564778353218,2535,2535,0.6631667957471299,0.7459000096888551,0.15341187423542368,1.018592244821163,0.3916796718470147,4,-0.8224195346971324
67,4.606105611129232,2109,2109,0.7487737404478798,0.7592550857159115,0.7399837826773916,0.061579613971542546,0.7543754460872522,2,2.793803209431427,2983,2983,0.5518384599263858,0.5588584983947843,0.54931658599189,0.22356301082248628,0.5719454277555912,4,-1.812302401697805
68,7.5415164976941576,2212,2212,0.5046437794621548,0.35552328082351736,0.4575939408269658,0.11958108313653594,0.27607658940689195,3,3.876082751676775,2003,2003,0.6218718859195363,0.5428273240460367,0.6303928072013156,0.10493112357939287,0.5373353076632118,4,-3.6654337460173827
69,4.9646450781487275,2051,2051,0.6591957959359372,0.7059540805414063,0.5984967304071519,0.12598893030056077,0.6520002592412674,3,3.0417768991597423,2270,2270,0.6845801686532131,0.7294707687427238,0.5539403578278677,0.325528936992535,0.6118169774874302,4,-1.9228681789889852
70,5.569610809685261,2550,2550,0.4053135501483546,0.2617943720152911,-0.7855170050666863,2.058161640142574,0.37589970018130286,3,4.417376386575045,3304,3304,0.3840228544699994,0.25332943638051963,0.28123193889477915,0.23787358057073552,0.15805327785758147,4,-1.1522344231102162
71,14.125545670059502,3402,3402,0.363401831363501,0.34877101824837065,0.13146830010769453,0.4553133119649316,0.09619570309682549,4,11.701385149408345,1951,1951,0.29725848624933693,0.21395693007804684,-0.422979016516505,1.3292022235256613,-1.0245880253406425,4,-2.4241605206511565
72,4.5376238876778325,3016,3016,0.6654103758650567,0.5839758739164795,0.6668542222866991,0.119459370665744,0.5787101618043429,3,2.454763567375957,2421,2421,0.7169938660157913,0.7329168058371905,0.6113956819871014,0.14396637484895758,0.484539803679835,4,-2.0828603203018754
73,0.09879682390082493,5379,5379,0.7670148803837684,0.8257102155739438,0.7585844455729793,0.07090792958342684,0.8052404260852463,5,0.06155013566574061,4489,4489,0.7077281915703652,0.8004947821729029,0.7100126871862518,0.15367195441213352,0.7154772150090603,4,-0.03724668823508433
74,0.17063651897220597,4598,4598,0.3094634170060462,0.4164304575290181,0.42857427663292197,0.2768454370520496,0.5132915263044039,5,0.13189414900710036,3559,3559,0.6067428382034807,0.7272084633475827,0.6511663536989263,0.12899721781750667,0.6068331839124088,4,-0.038742369965105605
75,2.3145890481312095,5068,5068,0.4705713195820588,0.2840477784418922,0.4659828256743214,0.07257923707685408,0.2965099870019114,5,2.394316547400895,3261,3261,0.5481388740781336,0.6237470443271637,0.4445220506738916,0.14240060173244995,0.46390448232345904,4,0.0797274992696857
76,0.10621298394403267,4136,4136,0.7005393102877719,0.6667419740944434,0.6557456808133267,0.16388371391406292,0.6079735493290487,4,0.09447074854647287,4085,4085,0.746650229410077,0.7988391305169323,0.7304251684412923,0.0466228892666896,0.7268678694084314,4,-0.011742235397559794
77,0.9692656307910191,4073,4073,0.690895869207891,0.5281500172293201,0.6538964764769059,0.15875408311083322,0.46362942491574366,4,0.8301313059776348,3877,3877,0.5162609491530628,0.7190279421321957,0.5650094469774535,0.24246155945485293,0.5388191496822261,4,-0.13913432481338428
78,1.27437110871679,3729,3729,0.6443850512920051,0.42553979201927694,0.6367991985064739,0.06452015358594151,0.4128494325782522,3,0.8390517019697015,3752,3752,0.6344273134772156,0.6633609486739225,0.5071405676073536,0.12926530895084912,0.40518497672007536,4,-0.43531940674708847
79,2.6919245594972367,2460,2460,0.69941979299169,0.5460678950100628,0.6767666469785136,0.09164709955292052,0.5425395391936428,2,1.7456028864682067,3432,3432,0.8328525944496703,0.7531422970403568,0.6538821745916179,0.1843057112296847,0.5933885046647345,4,-0.94632167302903
80,1.91810381800625,5950,5950,0.7106893065533304,0.647001732496282,0.6898525816409247,0.15425673469295587,0.5826637989507795,5,1.8348669612035156,3900,3900,0.5997614226434076,0.7379566589647131,0.4309663659150421,0.3308113857050411,0.4994011728031824,4,-0.0832368568027344
81,1.7829633434143748,3302,3302,0.5685387099385145,0.6376018086923616,0.5268787395878195,0.16553282376669826,0.5396335509210334,3,1.617109898780967,3674,3674,0.6916349934095379,0.676871865224512,0.5967666009444625,0.15138889196252478,0.5664448779150283,4,-0.1658534446334079
82,1.834943143176051,4719,4719,0.6713119673337687,0.5483068553772201,0.611967206084227,0.1847677521995139,0.49334775428643596,4,2.2504095402506654,4236,4236,0.5373317570327014,0.7011197435277797,0.506456757125819,0.11238426739388505,0.6338014731806028,4,0.4154663970746144
83,3.116669367352272,3771,3771,0.6253162319807637,0.574944368183262,0.6329010289945265,0.08203693292373496,0.5622867405575686,4,2.038713134885348,2711,2711,0.7061323507824504,0.6694796644384565,0.14797791477580513,0.9867456225567555,0.3418689838356005,4,-1.0779562324669238
84,9.186345372194848,1039,1039,0.15246879456740225,-0.1421077214986759,0.15560292908606588,0.12486404231352573,-0.14644379911814065,3,7.8952339841769295,546,546,0.4493461654673391,0.31888788530526924,0.35979835916462344,0.3002610490560943,0.2113100683650299,4,-1.291111388017919
85,6.245651870621603,1309,1309,0.4868109872478329,0.3670814396984714,0.500503629176614,0.1302648314232619,0.3759418644531139,2,6.47158687321306,1633,1633,0.6576645428936936,0.5992809459346464,0.5378087126100175,0.13534044510579196,0.534624468934993,4,0.2259350025914575
86,3.311111070179633,2014,2014,0.5514657350574721,0.6686501305921051,0.5212971004983529,0.03135642672581361,0.5402492452271317,2,2.6654816810385444,3576,3576,0.7007084026825742,0.7750745150530799,0.6119951499708428,0.16882718482878772,0.6258553633075252,4,-0.6456293891410887
87,4.024124502250941,2819,2819,0.40922449513270676,0.38222397980710054,0.4420405796174842,0.10105665446563233,0.32155985136809734,3,4.120978306446019,3607,3607,0.47407470027430954,0.2993904432490988,0.4584862319841001,0.04986270679779686,0.2854302140319712,4,0.09685380419507794
88,1.9289127747946138,3265,3265,0.47168204891704546,0.4289232877396302,0.38257983929544653,0.317815139798337,0.26744122360881895,3,2.0435883601402907,3774,3774,0.576673001609407,0.46710177593942814,0.49652256515403814,0.2483194848838537,0.3772188001380937,4,0.1146755853456769
89,4.870568087975065,3012,3012,0.511363839050611,0.39167820006801746,0.42616557704777747,0.24925796145321438,0.2919159833092853,3,4.361020830679086,3739,3739,0.4717004517782235,0.4982112227435841,0.5173261303542549,0.2989235181125941,0.44340471044265817,4,-0.5095472572959787
90,1.3814708689692927,5365,5365,0.5089470208548752,0.3762200958554316,0.49358577369265005,0.12022745618787739,0.38541898443219164,5,1.1939335995916318,3561,3561,0.5101846966796828,0.4823625644591627,0.45142233471052223,0.2608074527271258,0.4283053211307074,4,-0.1875372693776609
91,10.988075874932727,2113,2113,0.1508665352702745,-0.1215316350183997,0.10635409989312292,0.14208388907903105,-0.10775096908892583,5,11.342546626302852,1789,1789,0.20056084658711293,-0.07605564508080254,0.1281114915209883,0.1343248488992123,-0.16899928746659268,4,0.3544707513701244
92,1.5569115512123994,2632,2632,0.37902660664550236,0.2073089432248596,0.3558767416252347,0.11991101777949241,0.200085808126778,5,1.500174481588477,2312,2312,0.30214317687823367,0.2155830432068908,0.34780003759546724,0.22278412450377427,0.2733725920223402,4,-0.05673706962392244
93,1.5089072967493402,2118,2118,0.39294446644378356,0.2993324330027384,0.4197079507422468,0.12717595392332226,0.3311277614575093,3,1.7432707212659888,2629,2629,0.2996323734074604,0.20369221049748043,0.4975784786241757,0.177007917892574,0.37525678874580537,4,0.2343634245166486
94,3.8943044956998785,2216,2216,0.498728167482414,0.5017752979248941,0.4025538521629466,0.263937426702859,0.4258620267413276,3,2.8499472845568286,1925,1925,0.523971222351526,0.7571526989299592,0.45047114201877214,0.10011907277722867,0.47843994819323016,4,-1.04435721114305
95,0.1343935064362417,1624,1624,0.6838056085496458,0.6450057371290598,0.68526260274616,0.04078113981539782,0.6173065223082482,3,0.15779009262279273,2419,2419,0.5405360570677227,0.5020341141452194,0.5708786862447819,0.14846600116115377,0.46622021158457194,4,0.02339658618655102
96,7.753267373529971,1657,1657,0.41294386987939946,0.20068318067868562,0.4234555288231218,0.24022107563502249,0.2464645868162509,3,7.373019484816312,2182,2182,0.15944368923648966,0.17372017541618012,0.15030285981363065,0.10174857914243408,0.18160430161323146,4,-0.3802478887136589
97,1.2788374853271103,2455,2455,0.6647229310460545,0.5915703147144113,0.6898921102216987,0.09495649893861212,0.5824645728634853,3,1.4482281083833188,3234,3234,0.6799286234917121,0.7080651564418168,0.5682837557854502,0.13245095769156887,0.46532125590281603,4,0.16939062305620856
98,12.248313803119766,2172,2172,0.20712448978939924,0.20793028707450623,0.21997636747471042,0.10582844518854895,0.10442469899772149,3,10.016954747320582,2927,2927,0.19592916441691588,0.04478215195053803,0.19559169439008933,0.31894317492541036,0.11785403504151967,4,-2.2313590557991834
99,1.0222760582552097,2638,2638,0.33654661264466557,0.2745819741753919,0.3917554977790813,0.15986395175179294,0.3137136918029178,3,1.2330759054431193,3043,3043,0.595286475778867,0.5429557419016764,0.6132439198998336,0.06234119152101782,0.5588577494141123,4,0.21079984718790956
100,3.213218242857284,1496,1496,0.5389571002883956,0.4386334002894331,0.559956179053764,0.1252602879411184,0.4673465776706068,3,2.637506754219428,2287,2287,0.5054313917288364,0.4718233825465672,0.5345204943670807,0.08586102002259013,0.5109492873868056,4,-0.575711488637856
101,4.239949509419659,2613,2613,0.49510325450860115,0.3524451202208734,0.4281856102386028,0.1213144623805781,0.41918015164389627,3,2.8928074497107783,3189,3189,0.4644910973028963,0.3860228925188893,0.4600370387566598,0.04969510010116559,0.39250066587967547,4,-1.3471420597088803
102,7.313558352514378,1957,1957,0.40919240380379485,0.26808282574523934,-0.18503229751036854,1.114773336494972,0.07490427586422066,3,4.751369664275441,2267,2267,0.24360935461319122,0.07769199098564727,0.21312173741397486,0.07911298410204488,0.07671370120681484,4,-2.562188688238937
103,2.117687618123695,2467,2467,0.5235447997803482,0.49492282098178875,0.4932007307689516,0.12187272739757354,0.5161226574197849,3,1.0547795458318774,3246,3246,0.43815839805154033,0.4442877268482698,0.5213975201832892,0.23765814737669738,0.48702545136056297,4,-1.0629080722918176
104,2.013860904743192,2570,2570,0.510268616902295,0.4791819510409203,0.44638903399539903,0.116342120095303,0.4806880763011386,3,1.720921447689233,3167,3167,0.5924507489436843,0.6478944228416486,0.5676213711687574,0.0868799688208925,0.5985022265826169,4,-0.2929394570539592
105,0.05795064294973176,2754,2754,0.46967073258900227,0.46580581449053593,0.4615281686041908,0.02514900544423733,0.4954526804027475,3,0.05071449089287357,3487,3487,0.6313024932050937,0.602768160618405,0.6343093401938086,0.04773702655242848,0.6048284082811911,4,-0.007236152056858194
106,0.02737314999602418,3267,3267,0.5268241030279013,0.46961410783482316,0.5289964327495237,0.05561242896513998,0.46983783270019525,3,0.028072089319050687,4218,4218,0.3848786559269548,0.3287725808830533,0.46279727406670684,0.18662835786158422,0.38984329752374214,4,0.0006989393230265074
107,0.015442135999353313,2131,2131,0.2095329348330025,0.14928096863143303,0.3196701610067768,0.21953124531461007,0.3136263425147908,5,0.01947800038319906,3725,3725,0.551035180945483,0.586849621938814,0.5723805054325038,0.09955820831489251,0.5955865127165672,4,0.004035864383845749
108,0.01940219553368244,2231,2231,0.5758918068673657,0.5714357108112037,0.5852131693110606,0.06522717108017599,0.5580037265372451,3,0.02004985219748838,3566,3566,0.6563410898525935,0.6059024162645514,0.6554216067744583,0.059848242611043115,0.5992023884201754,4,0.0006476566638059407
109,0.020185845715256487,3109,3109,0.5363733856301025,0.5026841133027271,0.5414833698579149,0.06738608781311808,0.47931605185817777,3,0.02042570354356726,4066,4066,0.6472151689255596,0.566830327900821,0.6526653513021623,0.04152301027417763,0.5777371423346762,4,0.0002398578283107737
110,0.39999154463801867,2888,2888,0.49470742234928944,0.34779011149802563,0.5342453178574335,0.1753631290717322,0.3997184589354701,3,0.6591340688761388,3913,3913,0.5944366006862752,0.4526967736856111,0.6376938113540779,0.10979174480836029,0.4870064908869413,4,0.2591425242381201
111,0.08691962528838208,4464,4464,0.5285759121920208,0.5440156939097611,0.526297804062967,0.09576655556604678,0.5119235545763302,4,0.09640010470763201,3920,3920,0.6116385001476787,0.4966489240269957,0.6347218686928608,0.10658142991116565,0.5316909062890821,4,0.009480479419249926
112,0.05905688826243598,3136,3136,0.4453032329889234,0.40182259392513375,0.5234967367417164,0.17898892260759827,0.5279320454517789,4,0.05813429651383241,3163,3163,0.4767000689489411,0.42141562401379373,0.5355181880217492,0.11951395289160113,0.4821095942638811,4,-0.0009225917486035684
113,0.6398935704342178,4599,4599,0.4189301721574463,0.29088238301037117,0.4803301238659376,0.18234143604618677,0.3571901014948669,4,0.7902831765414928,4250,4250,0.5031240904040792,0.3397878065911172,0.5603004053195171,0.1182837274023148,0.41938662390350123,4,0.15038960610727503
114,0.08120742658060384,3292,3292,0.4172551607520286,0.3427138824764029,0.5080502972320915,0.13927296937433709,0.47897340487639245,4,0.10283821069097535,3319,3319,0.5759311561160905,0.5166417978710096,0.5669444060578934,0.03798238285627977,0.5177597740206096,4,0.021630784110371504
115,2.416521674578259,3956,3956,0.5854451899512532,0.41793116933692853,0.6224802566908929,0.12396453888271218,0.46186426559411387,4,2.1910362053918386,3338,3338,0.6600411862989315,0.5622335681903117,0.6597188224496304,0.050913716989991836,0.5570637522575097,4,-0.22548546918642032
116,0.12573111792836633,2553,2553,0.4068115743264533,0.31707061118125257,0.4479717227707101,0.1661207531601778,0.3534653651332957,3,0.1974574170754664,3653,3653,0.6377816847250968,0.5718771239091474,0.6336182813851221,0.07475937807523908,0.5670122133960935,4,0.07172629914710008
117,6.17447618554048,2957,2957,0.4126543851672009,0.2020048586848734,0.43112027543992254,0.1594965633673995,0.30958050682429417,5,5.18780429261505,2236,2236,0.5858769551306022,0.4104237098608904,0.49390306468560374,0.21188567190598218,0.35989770955732847,4,-0.9866718929254299
118,0.4926087003007841,1565,1565,0.3001976488841589,0.16121415436247888,0.3451272697047632,0.10763416995171325,0.19378344097213754,3,0.5413895460378542,2681,2681,0.33492502060335305,0.2673902164946814,0.3630280180354444,0.09303511862200403,0.279278290064119,4,0.04878084573707009
119,0.7392485712087397,1349,1349,0.3140703448660408,0.20380528398771536,-5.217226487780292,9.608166497392226,-0.7645639053278085,3,0.6493859315706267,2151,2151,0.39103339681657645,0.35535841376373667,0.38133826301722107,0.07040596636975807,0.30392351403016643,4,-0.08986263963811292
120,4.205241106253842,3404,3404,0.48681042573364874,0.27927107851198096,0.3970538792780685,0.168314226686878,0.21723833636933085,4,3.5176413943991065,2584,2584,0.49420440354146633,0.40448761651904397,0.3686481276931228,0.20319485992395533,0.26848358491375846,4,-0.6875997118547357
121,2.6818652102014435,2978,2978,0.4549765399934401,0.3421061468538318,0.3949378810955925,0.20190551346819682,0.2876758807737125,5,2.0764463207373116,1379,1379,0.5346481973799586,0.5003423366345761,0.3961237114017777,0.12058359585916283,0.21406836098323537,4,-0.6054188894641319
122,6.182191978287867,2577,2577,0.4720080126225835,0.3404678941940269,0.42571312706155906,0.05919625568743363,0.37925262908527513,3,4.143486897439116,2032,2032,0.6051120191272519,0.447112418805348,0.5033478045867548,0.12887433838911502,0.3627341407777869,4,-2.038705080848751
123,6.025807548938525,2438,2438,0.2984056811257353,0.05890920465122684,0.3144366825441686,0.19034740223307917,0.0865718765113956,3,4.920122997477403,2199,2199,0.23089897337739185,0.044198253336282245,0.22031678344869443,0.4056709343414313,0.16899967320101783,4,-1.1056845514611222
124,6.91903464919836,2801,2801,0.3563069009059189,0.15422028343136407,0.3382906189443193,0.14340619203953006,0.13540349932550902,3,4.843021230351284,2224,2224,0.28587166856923607,0.27732943007207744,0.23077258157634828,0.341139539133138,0.3072977755234265,4,-2.076013418847076
125,5.429612325709353,1836,1836,0.29825341256325666,0.10185608862912499,0.3704303424867958,0.19898213199772563,0.12514062472552395,2,3.5102501169837623,2941,2941,0.2653515950770783,0.04596549174262465,0.35307445284115024,0.14316725456428864,0.2189754608403521,4,-1.919362208725591
126,1.2767912571776958,2149,2149,0.5349595699364271,0.47079740356742383,0.5441474021498411,0.07555145373342334,0.4837868100245358,2,0.6334771032160916,3208,3208,0.2599346796840353,0.18634907399954548,0.40874353198138513,0.23393359218078885,0.32538997578646855,4,-0.6433141539616042
127,5.044793474190476,1246,1246,0.4203985840619038,0.3750931376124811,0.40491350433750756,0.059522209407636965,0.34975485088299824,2,3.304158989920601,1585,1585,0.6234584855215219,0.6432014049283674,0.18657050637629033,0.6214641563701467,0.33012482330275805,4,-1.7406344842698744
128,1.1896126815870136,2049,2049,0.376718648248762,0.27078580219875203,0.3846820432218432,0.060476273366729616,0.33107616491789343,3,0.9243686001875229,2866,2866,0.5840183268245271,0.5428482290298805,0.6275394693014343,0.06888999276869992,0.5967366474992634,4,-0.26524408139949074
129,3.5801444706265575,4131,4131,0.5668556932550415,0.420663317116851,0.38609440343769297,0.23566564829520242,0.3501925613240857,4,3.037267614784413,3136,3136,0.7457880983649162,0.7811474515645859,0.5948588732477114,0.29680516198527596,0.5828201206699009,4,-0.5428768558421444
130,2.6248365911080707,1931,1931,0.32710484515027083,0.16814261326456315,0.3294038620310305,0.11330374319281578,0.21926590984764804,3,3.001986451290175,1538,1538,0.41783014346203384,0.3529502951112664,0.41135156112513804,0.14072202915451076,0.3512038122022824,4,0.3771498601821044
131,0.1895558204886452,4612,4612,0.32698787501928206,0.2056004256529098,0.3539607126515491,0.13949142203140222,0.26406916139334413,5,0.17735466491059143,3594,3594,0.5193366227674725,0.5690939932851513,0.5025201598861377,0.0745002028983223,0.5460270732110143,4,-0.012201155578053763
132,0.13476293107910245,2694,2694,0.5885418635550572,0.598713753135765,-1.4021643997256528,3.947723263343877,0.49427740777340345,4,0.13303246229321727,2613,2613,0.6304656349008197,0.7473480572235697,0.601687784864961,0.14986036429375277,0.5788871723358302,4,-0.0017304687858851753
133,1.1431026562916493,2599,2599,0.3631258500740474,0.25227004449694923,0.4022833053160005,0.1047670277146744,0.3146780815009795,3,1.1164578423861946,2450,2450,0.5462690618090957,0.6786649975312536,0.5454340720119559,0.17259578965642858,0.6126901459448687,4,-0.0266448139054547
134,0.9358914154113868,2120,2120,0.6114762532600455,0.5249936809252767,0.6133447283793728,0.03170164552543637,0.5328656813973832,3,0.844556935382929,2749,2749,0.6464692947161145,0.7570361609899677,0.5259825779411959,0.22838371598148627,0.537937769868543,4,-0.09133448002845779
135,0.21418782277537887,3549,3549,0.5062031753100789,0.5082023786656129,0.504439028812822,0.09834268643511378,0.5356537908639825,5,0.2048973365900981,2779,2779,0.5447128282617162,0.6634993434770451,0.5540890456452537,0.09803737145153063,0.5109894188548014,4,-0.009290486185280777
136,0.1342420711201214,1969,1969,0.4933046869399238,0.43615450162625846,0.5163008510977927,0.08007989229914192,0.47566242435302913,3,0.11354650782287232,3211,3211,0.615973219483485,0.6160093078026627,0.6143883880309928,0.06683832199812711,0.575007716009598,4,-0.020695563297249087
137,0.31001693624199744,3275,3275,0.40295512699945013,0.29751642496971276,0.3576668653041571,0.09212672890607895,0.2990634519318906,4,0.2757693703448122,3080,3080,0.37141230263265756,0.30205473811414696,0.5198678066631595,0.14456095344939854,0.42434887948227784,4,-0.03424756589718525
138,0.1426246281740514,2408,2408,0.46921383618435153,0.3590410853094168,0.46610348222430503,0.06980173820413992,0.3568181781593549,3,0.16083642091333095,4127,4127,0.5674241303717036,0.5101166228103751,0.5804028594824076,0.08548156550996164,0.5132504380888394,4,0.01821179273927956
139,0.08893854870683635,1150,1150,0.4553833019685025,0.3396788058113043,0.4470360136068033,0.016346147934570992,0.333426639710838,3,0.0983317547855781,2656,2656,0.16988503224362994,0.08969820624532854,0.42364696532192087,0.2809594369467441,0.4359495741314478,4,0.00939320607874175
140,0.21241294158794716,2300,2300,0.40252912081183423,0.26255660057203667,0.3932351551595101,0.07599425186345256,0.2612365373336573,3,0.27114669506481126,3721,3721,0.5864018441893835,0.5126895381148264,0.5801105951225237,0.03771723004664819,0.4790520952939605,4,0.0587337534768641
141,1.0960948229143033,2148,2148,0.5465513182830795,0.6434240472511021,0.4042944392742931,0.29394998163271496,0.42775309609671003,3,0.9756558071954659,2526,2526,0.621650099035481,0.5865937443458442,0.6168704389543598,0.12141404289790388,0.5219505483789126,4,-0.12043901571883742
142,0.42239051009789946,1335,1335,0.6641370022159294,0.5541088179964206,0.6623699948183277,0.004092836983399198,0.5519627888874752,2,0.33312976342951595,1630,1630,0.6214107621396718,0.5741213837371699,0.5785426173680243,0.18927429197533782,0.5039157227457499,3,-0.08926074666838352
143,0.5139537446318974,1293,1293,0.742798857703292,0.8212276113403254,0.7457268372485204,0.015804119088368755,0.8179500071642141,2,0.4305353845728586,2899,2899,0.617912845874421,0.6203755797953959,0.593821609407063,0.119228949960289,0.6072843929548111,4,-0.08341836005903874
144,5.882233955205367,1152,1152,0.6013444959313028,0.6392445891396559,0.6129211240671155,0.1750313705532064,0.6039013055914217,2,4.590590664620601,1550,1550,0.5056889513087135,0.4366167363663095,0.5022076115380549,0.20205237864760714,0.3686354910241453,4,-1.2916432905847657
145,2.1359546071622866,1962,1962,0.6707896225695987,0.7159647379130643,0.27859740929280247,0.7176074762827928,0.5408901141688429,3,2.5869826909394993,2852,2852,0.7471691046005933,0.6949853713601226,0.6806280330352247,0.2218055155583186,0.6052584675644114,4,0.4510280837772127
146,1.8045643527567223,3012,3012,0.5941710558156807,0.5448971901620396,0.5680696481327432,0.10567249803002841,0.47874051714857185,3,1.3152296034086843,4349,4349,0.4009695644100376,0.24867074792900146,0.5264746696225443,0.24338493254573004,0.40457448333357826,4,-0.489334749348038
147,2.680122215178569,5867,5867,0.5151551033335976,0.36692086443653593,0.5328964130715491,0.08837075513556163,0.37813588197715364,5,2.677211475621756,3877,3877,0.634274687866945,0.49627023474942944,0.5934198098412902,0.127928944270304,0.42821085366890066,4,-0.002910739556813091
148,3.8513464314496497,4893,4893,0.4756932069486747,0.4625504734956115,0.43315413335194763,0.11870439362902013,0.43031308376224386,4,3.617965957492596,3682,3682,0.4698337627637603,0.5198603880486922,0.4547577634567995,0.13375886975878046,0.5246213807645984,4,-0.23338047395705352
149,0.1651188876902935,3947,3947,0.5344159332118363,0.46984020709639507,0.5204632343775908,0.08636613777285194,0.46088266545365586,5,0.15088342595517787,3837,3837,0.5827792246520755,0.5325479056979359,0.527478444868863,0.05836801650089523,0.5487435030872295,4,-0.01423546173511564
150,0.18519535994383082,3488,3488,0.443151751174198,0.37424894616195303,0.35726825052435596,0.2849006564820159,0.33857393750423753,5,0.16449802327814195,4114,4114,0.6280646732362256,0.6019940252463004,0.6086816201928452,0.04418194344826705,0.5958863480978461,4,-0.020697336665688876
151,4.503180527268366,3477,3477,0.2891173905195624,0.3796830253138427,0.29810840207758016,0.16389968131325805,0.2132100629751347,5,4.370539759799269,2880,2880,0.44380834566406524,0.35588881449156917,0.6255999931060677,0.33188556651248197,0.46953184091529937,4,-0.13264076746909748
152,0.3989270414266592,4493,4493,0.42047557456863593,0.33289954784719566,0.42388198546558364,0.04583068108565503,0.34088380725747747,5,0.26419876970941847,4087,4087,0.5719635737734392,0.5384128020734332,0.5925465127937619,0.11946406224935323,0.5509097288178321,4,-0.13472827171724072
153,2.3601081195846056,2594,2594,0.40225843702196773,0.2335670619473389,0.39517378812402976,0.07641348201047696,0.19105227362178231,3,2.174447411661711,2725,2725,0.48046973926309744,0.37317096312683595,0.5003197379936054,0.10453027795262362,0.4052285315636369,4,-0.18566070792289446
154,0.1045744383697664,2800,2800,0.4167024032312643,0.6027315749585102,0.4469018005581273,0.28930791342595824,0.5610752407290095,3,0.11641985638413697,2612,2612,0.19264266688889786,0.24635621113976303,0.27150030519264545,0.3918886169018744,0.3436799308022701,4,0.01184541801437057
155,0.5572425891417984,3307,3307,0.620392441431575,0.4178395981305496,0.5836832522888843,0.1373672346472917,0.3724187370584497,3,0.5512595661200271,4036,4036,0.702844130307625,0.6821564769396741,0.6448674916044185,0.14870050700007642,0.656804653052091,4,-0.005983023021771228
156,0.5957433319505941,3142,3142,0.4893118961459688,0.30372027852795735,0.5025095827362623,0.05008562847650648,0.36485301860981373,3,0.3274640218249612,3844,3844,0.7494255465482624,0.7612471519531507,0.6739678846874438,0.14508333965100437,0.5846671846572334,4,-0.26827931012563294
157,0.5459203856139414,6300,6300,0.4365243810146374,0.32471289070208764,0.4409925276325361,0.06002027202992886,0.31254236334261054,5,0.4043571617374611,4576,4576,0.5057739525125005,0.5298620948123839,0.5111206688623251,0.09818570580437572,0.4609181038364569,4,-0.1415632238764803
158,1.8064094491982392,2259,2259,0.5606509919613087,0.47573343295798287,0.5986591815965274,0.07064492788728953,0.4645102115058751,2,0.6983961616389672,4158,4158,0.6526287993863452,0.8133201198353504,0.6044112577826551,0.10971393872074853,0.49839276448063285,4,-1.108013287559272
159,0.3836152991502032,4718,4718,0.41148601594618217,0.27107707733086894,0.4237649623714722,0.11918318549369958,0.29004960465515384,4,0.29575970696302223,4586,4586,0.6651446269788843,0.5989412428870797,0.6693370193962974,0.018657657958171012,0.5394680167749041,4,-0.08785559218718098
160,2.1438970179317867,2682,2682,0.5991021901790283,0.624460039753318,0.6028490022136106,0.024632144148244207,0.5925841465545715,3,1.671658233505078,2897,2897,0.651394661309648,0.5992574932550465,0.6599647903197039,0.03749509711603671,0.6366250157327716,4,-0.47223878442670864
161,0.36038935632918706,2923,2923,0.5692170385034109,0.48028893461875255,0.5653950758721477,0.06759676606558196,0.4865053500602568,3,0.221504037729183,3772,3772,0.6246779762384057,0.6756181475006044,0.5765483144364504,0.13313600203855874,0.5801443484302644,4,-0.13888531860000405
162,0.08767366143077349,5483,5483,0.4247595192024354,0.3623707733013991,0.4791311033541862,0.15848273151878886,0.4447944205327551,5,0.07433842478499594,3573,3573,0.585938732896048,0.5664902192459944,0.49974114610007836,0.17885897113574206,0.4125147224037832,4,-0.013335236645777543
163,0.058393194625307045,3423,3423,0.5905021058364697,0.43351888612591327,0.5922374236073968,0.06662043162075423,0.42968577180159234,3,0.05263319842275337,3717,3717,0.5110441137910301,0.5754521613514775,0.5099279262068951,0.1691851758300421,0.42600612364743184,4,-0.005759996202553672
164,3.0443593215783054,2932,2932,0.592703125133319,0.39447150992751556,0.6458314557183528,0.15760573463940358,0.440834277209979,3,1.6214016282354098,3915,3915,0.7126759979368795,0.655910852335829,0.6928738727811372,0.16532373947121684,0.5231580196796504,4,-1.4229576933428956
165,0.3268392335742494,5424,5424,0.5551393232698503,0.45955367487210086,0.5453289693756863,0.19529330453894772,0.45551097070324065,5,0.30526187459888293,3954,3954,0.6441439973664393,0.6357846762015966,0.6891866145226744,0.11970558930050668,0.6582970461041877,4,-0.021577358975366445
166,0.3324372652751338,5043,5043,0.6908545968848634,0.7338339885645091,0.6117598992263518,0.21432178596009163,0.6018801652542051,5,0.26522012157923447,3807,3807,0.17928817334890612,0.27803454856332777,0.4286265082043136,0.23608655474625717,0.4877407835936173,4,-0.06721714369589932
167,0.8496255866357468,4922,4922,0.5235088796855913,0.7046278563520536,0.4238391329932282,0.2580337749782133,0.385818583433292,5,0.6947066380240023,3750,3750,0.428961488426287,0.5644399490796164,0.29502080738373415,0.49520006914343306,0.46227109724780624,4,-0.1549189486117445
168,0.33802446497681005,5181,5181,0.6991554104782294,0.8222605172131405,0.6837988481755537,0.13063149197169519,0.7302256127355827,4,0.2784461224978232,4136,4136,0.7652319689008236,0.8706315478266045,0.7437031244524468,0.08848970258026852,0.8229943564036097,4,-0.05957834247898686
169,0.24024734434893674,2895,2895,0.7429704462558768,0.8424820917421542,0.7124939429779026,0.13652509596994192,0.7918170220368257,3,0.22326701881658542,4123,4123,0.6657437236788353,0.8227497118772316,0.6492782987064954,0.07237535068264184,0.7622290977893426,4,-0.01698032553235132
170,0.48611254036898743,2422,2422,0.5457556841148746,0.4317927460027874,0.5473314635700998,0.05414569407461744,0.4278933348228245,2,0.38910270186731355,3645,3645,0.5365934665928322,0.4261236094292238,0.6032413856185814,0.15149789626215465,0.4630197992900527,4,-0.09700983850167388
171,0.023307187024528865,2990,2990,0.6194120427983576,0.6441532662596408,0.5948027939056109,0.08941157935138444,0.6179010487607736,4,0.023148035299356988,3282,3282,0.5491607219836527,0.6723258485720558,0.5273022346664842,0.07744771724176394,0.6454165581356286,4,-0.00015915172517187715
172,0.2299532349590187,1639,1639,0.6742856601250578,0.6853283175689422,0.6774665330133228,0.027914905614913672,0.6241169572510186,2,0.19924008052224165,3395,3395,0.6626213374936814,0.6554174876826424,0.6593958330659047,0.11146119693010184,0.6402757162869512,4,-0.03071315443677705
173,0.25762861148969096,3967,3967,0.700488995263401,0.8240178219486969,0.6964111285312299,0.024010051715540662,0.7883366101479417,3,0.2296553603089515,4313,4313,0.7697111485656767,0.8534447370716888,0.7582773342288974,0.04941486427039892,0.8188271671874916,4,-0.027973251180739456
174,0.0655484203942283,4163,4163,0.475831943041757,0.6596627064515916,0.44338003236376344,0.07657079778259326,0.5786454505588428,5,0.06490583118656633,2797,2797,0.6640823359083774,0.7264391295073828,0.5456824915499787,0.23989680876838793,0.6100641129611813,4,-0.0006425892076619699
175,0.0433321050950326,2240,2240,0.5282987077698797,0.7739568053298701,0.5351525724604197,0.03599995578472305,0.7680048218006239,3,0.03989208139782438,3077,3077,0.7050366658155757,0.8361513461420608,0.4674077709280794,0.23905449587066285,0.6866176152141734,4,-0.003440023697208222
176,0.11388727582140858,2252,2252,0.6387678596275413,0.7311833665130236,0.599463230168765,0.1151262368456954,0.7184113672820459,3,0.1211753251590205,3521,3521,0.3905874240047722,0.3260308948120696,0.45180035062732826,0.26105715946181496,0.5036898354307677,4,0.007288049337611929
177,0.055487867027722,3227,3227,0.33070628356666354,0.2845214483554608,0.3213418360428797,0.12433340269875656,0.3013778619439648,3,0.05999058806070002,3622,3622,0.3944500665335664,0.3512240147295034,0.419077452815947,0.0875210978008276,0.3858020588272202,4,0.004502721032978017
178,0.44174124206121473,3342,3342,0.6415110549237071,0.6640943350141629,0.6518543778574498,0.056145596597799594,0.6858726608569539,3,0.3608472409720404,4098,4098,0.6773582569638414,0.5769565483304836,0.6626974433309741,0.12132131283077122,0.5855128001281803,4,-0.08089400108917433
179,1.6832108005311435,2824,2824,0.6566549142693336,0.5100414222325169,0.5791235147804047,0.1400884222673551,0.4228602569157789,3,1.2023052486928922,4118,4118,0.3311049413082455,0.24544705169716707,0.5664336447580292,0.2837634525951472,0.46120633030069663,4,-0.48090555183825123
180,0.09006936114201829,1217,1217,0.32349048917933976,0.44248490208982993,0.05779822878300589,0.5052534396672167,0.25346054838191573,2,0.10568425813156196,3124,3124,0.5647953132384838,0.6962022240979668,0.5627607712960288,0.14408342605419538,0.6863946826838576,4,0.015614896989543672
181,3.0563098677594,3004,3004,0.4254858014777857,0.3879436487693232,0.4706138053358542,0.08484268567370994,0.42891354852513763,3,1.0107591589571188,1854,1854,0.2245239675583185,0.014812422952898308,-2.8447897588755473,6.326667081765327,-1.5566299899622853,4,-2.0455507088022813
182,1.0529581352631934,4379,4379,0.5763843059810141,0.5475045580077229,0.5817502328179298,0.15618853378381073,0.5391983949080391,4,0.5977688544538823,2820,2820,0.49710043071843535,0.5343207022134608,0.050189222006291334,0.9063106697255949,0.22353596775810744,4,-0.4551892808093111
183,0.034151700568970204,3526,3526,0.689549723150285,0.7628327545947418,0.6909723236451384,0.04162605188617381,0.7305498623038809,4,0.03845439767823631,3298,3298,0.7395868119561421,0.8121982331887193,0.7337596761524527,0.04787448150550791,0.7779996237918223,4,0.004302697109266104
184,5.611296266492572,1701,1701,0.6134499900502088,0.592973550547625,0.6001462994345537,0.11511500588082452,0.5867913667176196,2,3.8628133763190653,1807,1807,0.29899549668031355,0.3700737213403583,0.3613447251906672,0.3029776694001918,0.1935818976183777,4,-1.748482890173507
185,0.31188398907158577,3914,3914,0.4049406214077307,0.38678392955557406,0.42619796023709766,0.2107788981254696,0.39077246272619703,5,0.22942185412994423,2396,2396,0.528094568628209,0.5797287761708521,0.4737696103712465,0.1883694835280754,0.5344409201360911,4,-0.08246213494164154
186,6.657109187242435,1676,1676,0.4543212904979277,0.7063369769844594,0.3280989855616871,0.3778088391042377,0.45154943814942294,3,5.205238610450663,1345,1345,0.5363964902871793,0.5384456323582725,0.2220318252636656,0.3597872142571956,0.29633578324207366,4,-1.4518705767917721
187,8.01840576025545,1267,1267,0.0709169292686479,0.5202855943327926,-1.4353333935948982,2.7912915664799547,0.15922788653892084,3,5.810281950993651,1690,1690,-0.14150370757299147,0.4126710056466737,-0.2855669567737742,1.1335476648843785,0.19758909274336872,4,-2.2081238092617985
188,6.230978792577368,4267,4267,0.5608372983694714,0.49534032284477025,0.5005103681434974,0.1449112052912502,0.5097878257442136,5,5.385259469440881,3053,3053,0.6742707168753389,0.745222173609007,0.6697406117452548,0.044784632928556826,0.7282851594649116,4,-0.8457193231364863
189,5.8143800782959865,1577,1577,0.653034631232712,0.6618706536444297,0.6514396411450368,0.055092054832934806,0.6466275608111182,2,4.589129333580804,2446,2446,0.6349089249259499,0.6649590564736325,0.6006258598348686,0.10550674620501777,0.5418179891316572,4,-1.2252507447151828
191,2.6000834200363094,3434,3434,0.6889481061712546,0.6271331995985863,0.6620751189357719,0.1596757742980293,0.5960342484988792,4,1.273479208438765,1556,1556,0.723826687507517,0.6533679421609462,0.7379904871396711,0.0816501689071295,0.6039717956801648,3,-1.3266042115975445
192,1.0260006641831592,4159,4159,0.7010088346545096,0.6752874783331512,0.7005384363325421,0.05255740776281595,0.6660697813431263,4,0.6629035593392807,1883,1883,0.7597075449427886,0.7314316412969076,0.6820560958842343,0.21114481654280243,0.6003454208642967,4,-0.36309710484387847
193,0.419316744259074,1989,1989,0.7372035624825546,0.8074661448524886,0.7359007340093872,0.05961203511323446,0.7979553354282087,2,0.27604553453589764,3349,3349,0.7236129210167176,0.8113154851874307,0.7318567793734903,0.08100755366438511,0.7273923926365649,4,-0.14327120972317636
194,0.4797936551294279,3741,3741,0.6734776439782021,0.8204280133571373,0.6688755311756007,0.09032328160728975,0.7475317429487898,4,0.22735006624207016,2560,2560,0.7295690437784894,0.6991173169932454,0.6549165905485659,0.16507619363755377,0.5016830696221443,4,-0.25244358888735774
195,11.517570218930402,1611,1611,0.6029058613803173,0.4836466094478227,0.5681698866636594,0.15795370022630453,0.45389569153020454,3,7.575742909887291,2327,2327,0.8005165231499227,0.7607470448201192,0.658804133768146,0.22626057132319047,0.5955142368269396,4,-3.941827309043111
196,3.526479031392236,3400,3400,0.6553179902710493,0.8094758421101544,0.6326039329401303,0.1886781783646965,0.7926475765338232,5,3.069423691989962,1210,1210,0.5333750636729422,0.4848740587803405,0.5933132391377434,0.19133692491703858,0.44009207499723946,4,-0.4570553394022743
197,4.939344687193799,2276,2276,0.5495167323436675,0.5019717203696575,0.5459647892066507,0.13248260468496606,0.5271961096222887,3,3.2606229123216437,3595,3595,0.5059964058093303,0.38959715419062657,0.538242190649572,0.1826046446056226,0.40797636689485267,4,-1.6787217748721552
198,6.768541923230612,1706,1706,0.37984758007829933,0.22417685273955046,0.4125995079728231,0.0786561455360061,0.2361737540355849,3,6.084434538243377,1862,1862,0.4186628253923359,0.15871884393651214,0.4097127609562146,0.11095702430342609,0.1583998544613857,4,-0.684107384987235
199,7.53557212909685,1341,1341,0.378933480785572,0.35177417172100744,0.22263061372059198,0.2881413006150105,0.22575750748017462,3,6.763289521871297,2204,2204,0.4264438129690784,0.2120200993189293,0.4699692707613252,0.19724969761038766,0.277158524926463,4,-0.7722826072255531
200,1.5850207406040486,3446,3446,0.748144378042171,0.7360417764711701,0.6873142386020014,0.20529738854920115,0.6974477398800629,4,0.7890660064625965,2729,2729,0.5924183671497776,0.5418353116169632,0.6589061077535434,0.15834477921472226,0.629127551978635,4,-0.7959547341414521
201,1.261847701247429,1913,1913,0.5531142239409327,0.5708381862498297,0.5349007585710083,0.23986333037551208,0.567659721904557,3,1.0930265329801556,2990,2990,0.49143173229690296,0.6216102432169203,0.4638162176404851,0.19952574468956386,0.4966668401321439,4,-0.16882116826727334
202,0.44949333864190666,1520,1520,0.6263978816501907,0.5920490421584494,0.6141201292282852,0.09978255555623725,0.5807983765879298,3,0.3255663068993733,1625,1625,0.4418228843189801,0.38997126573286833,0.5105233222529713,0.15276301835311984,0.45843543547223875,4,-0.12392703174253333
203,2.621483896995399,3482,3482,0.41217612559141725,0.37228949294679015,0.46917200325567754,0.12202526642953834,0.32532866263650506,4,1.4145748587636158,3100,3100,0.507836907775344,0.41941091972890066,0.4995401742811132,0.028773470210334582,0.41655334693368007,4,-1.206909038231783
204,1.448170084432526,884,884,0.4695132575492549,0.28755686719020435,0.47247296747970513,0.05005143532970105,0.2857361086551785,2,1.0849875648220424,1435,1435,0.4792835330784443,0.31928649863352887,0.5521596163005964,0.13721711689175772,0.411949621117755,4,-0.36318251961048365
205,1.7380584233227663,4149,4149,0.5692484534514337,0.5370032540700818,0.630281823220169,0.15592340249376552,0.5550144288499941,4,0.8504799351661302,2462,2462,0.6722218154225323,0.568389996892927,0.6432389386533177,0.10971540640628434,0.550140803291463,4,-0.8875784881566361
206,2.325232107309085,2081,2081,0.5458618816142271,0.49132171979768935,0.6328929802979412,0.1267507706490858,0.6210610586951049,3,1.268067726301562,2395,2395,0.5451648207307039,0.48609291997804227,0.5860120171354977,0.09057682420060825,0.5179251807188665,4,-1.0571643810075229
207,0.6669328619857948,1814,1814,0.5886994500678864,0.46721436185137266,0.6054051798246756,0.035952698109795,0.47123651301484043,2,1.0984394301802873,3457,3457,0.5740722046476778,0.44917484290327225,0.526619789342637,0.09514398439597561,0.4282174665754223,4,0.4315065681944925
208,0.08355928909607539,2927,2927,0.8414241423573847,0.8995601334504545,0.8270814289564937,0.027436606316777294,0.8790443937327976,4,0.0907974990498023,3421,3421,0.819413391175818,0.8045535520342303,0.8182582917616716,0.04590924664688354,0.7853898299113176,4,0.007238209953726912
209,0.04465893295055119,3679,3679,0.7439869085584669,0.7424252909962542,0.6074755368600281,0.280704360160765,0.7027859744542211,4,0.04558513763065988,3745,3745,0.810086070698037,0.7536051328432813,0.8081133831638498,0.03524607655800394,0.747634175706576,4,0.0009262046801086915
210,0.6572120596530638,2432,2432,0.44853319440168726,0.3565167872312013,0.4929546365994816,0.11794899360589182,0.4129118399745328,2,0.7073352943648347,3831,3831,0.5788435833706991,0.4869345719369662,0.603316041031569,0.1556698568301052,0.5200950338765468,4,0.050123234711770825
211,0.07962871864976048,3895,3895,0.6595908512849964,0.6107495566463214,0.6515441755901487,0.032213080461853394,0.6286152234362121,4,0.07417911630050356,3624,3624,0.6959430571498406,0.5777308727173198,0.7003678253120229,0.03968025626142613,0.5813688739115593,4,-0.005449602349256927
212,0.05930600240417596,5943,5943,0.7491834134778801,0.7274092394089917,0.7393721858839661,0.040555232744351105,0.7235237183833223,5,0.0580951714725246,3766,3766,0.8066146644552191,0.7465132327666126,0.7990982880255488,0.034575196010900436,0.739468926042445,4,-0.0012108309316513632
214,0.039408841191406176,5501,5501,0.7586397365623221,0.8215976399989036,0.7601597827428057,0.12746094817337614,0.7993418471487651,5,0.03829680028784789,4009,4009,0.8543073299847614,0.807369109591275,0.8518271006817595,0.02711690728189084,0.7890404552759475,4,-0.0011120409035582854
215,0.05223684111967665,4245,4245,0.8068881741644998,0.8713721242458324,0.7843798501289241,0.06691040161321204,0.848316021055318,4,0.049860762913704594,3987,3987,0.8577264398431603,0.882766996718119,0.8598902469621678,0.03568622579436147,0.8492847413514755,4,-0.0023760782059720556
216,0.14618627834649717,3475,3475,0.7364777660987689,0.8251091108737744,0.7354285971482936,0.03952597802027286,0.7896232016408694,3,0.1259045432762528,4177,4177,0.8493731120096382,0.8684363016824468,0.850854049456622,0.02371155561311377,0.8676234732231356,4,-0.02028173507024436
217,0.07338600190598368,4472,4472,0.7997264866782955,0.8306654487208109,0.783937579908676,0.04497088633355446,0.8262113762329353,4,0.07444526582975645,4095,4095,0.8174404490457428,0.7961626147977399,0.8155576833565992,0.04066723200494496,0.7906744918927003,4,0.0010592639237727713
218,0.07971853921027966,6470,6470,0.6970756470758829,0.6965778797068339,0.7060090312837171,0.13184544720059418,0.6843588640145886,5,0.06864666713661331,4279,4279,0.7706920727005666,0.7896793843961956,0.7732466847133703,0.07906886751795222,0.7746988384138158,4,-0.011071872073666347
704,0.048351122979217814,1562,1562,0.3698164619148735,0.41524435185731046,0.16271637864842267,0.37142590319591695,0.3515747314266333,3,0.03459560066956879,2324,2324,0.31527980193973815,0.345838970420561,0.32718869109811743,0.061816369037666706,0.37984174543254423,4,-0.013755522309649021
712,0.042894246441264064,1143,1143,0.7191270455804064,0.8415773587593147,0.7207576579349085,0.01744371452397436,0.7873073466231495,2,0.038920881059677,2072,2072,0.7857873912215877,0.8503267431722891,0.7801391852378933,0.05285457311032134,0.8284092588850888,4,-0.003973365381587067
715,0.0687370942841631,2040,2040,0.7011356016433102,0.7839948535919167,0.7013641341075955,0.055222224511956325,0.7727961620706862,3,0.0719784306257971,1893,1893,0.7858959625695539,0.8559401673203795,0.7887340331845172,0.0869058784831245,0.8265810342655405,4,0.00324133634163401
717,0.0460713907282336,2122,2122,0.5576551354176502,0.6400307280865825,0.5467233527265432,0.08763900665044827,0.6151926784337998,3,0.044882739341780754,2112,2112,0.6698958527175405,0.6943380939846464,0.6508601819092683,0.06155554745235226,0.6637057869192157,4,-0.0011886513864528478
719,0.08925356923270722,2122,2122,0.7023295913250387,0.7670881440463075,0.6963527393765627,0.05413467423541938,0.7425304212818274,3,0.08093326817796187,2318,2318,0.7776999446021455,0.8698947061118667,0.7723687410124337,0.07025977788906028,0.8473493215169245,4,-0.00832030105474535
720,0.02251084472866387,823,823,0.3855267608157148,0.5349291507987952,0.24316702396574985,0.18078958242867982,0.5660391480621862,3,0.018699360251203816,702,702,0.3718641997764063,0.6906512844042415,0.37907658224533813,0.2544237010491563,0.679589805782458,3,-0.0038114844774600545
722,0.07177181551956822,1531,1531,0.6961064235334793,0.821227355590362,0.7086094868845687,0.060570488240704365,0.7985695729783191,3,0.07490339652951268,1314,1314,0.800211457055301,0.8910756709496359,0.8051814600662207,0.06420290030410315,0.852541273276714,3,0.0031315810099444563
723,0.0575506779329974,713,713,0.7142070636225797,0.7032594127629176,0.6556105140297659,0.1390698797360347,0.6904601702234893,2,0.061023419528944516,1402,1402,0.7605683852061328,0.8505394173529359,0.750461742073643,0.01815011182572416,0.8189040150352719,3,0.0034727415959471125
729,0.031191292672074416,561,561,0.7362889839067082,0.8499639087443702,0.7363596363886161,0.009453588143390174,0.7942214268027381,2,0.022871764820042412,978,978,0.7615321265114054,0.8412540917916397,0.7539928777067096,0.04203793596646291,0.8180310682259209,3,-0.008319527852032004
732,0.04471376602662595,1270,1270,0.7111097049882743,0.6843263601361586,0.7111494440633719,0.017681541185827505,0.69192364127763,2,0.052149952075135585,2001,2001,0.7606408006155858,0.8697695867142748,0.7595174849798204,0.13846160663307205,0.797888387409407,4,0.007436186048509631
733,0.017404784986331148,490,490,0.37852906645804585,0.7570570378600476,0.32978721496500424,0.3243320397545146,0.6197196358568984,2,0.015005430239540993,1147,1147,0.6535016362646185,0.7708423107285182,0.6042170176170206,0.14454578919841324,0.7347635442946797,4,-0.002399354746790155
735,0.032031646782442275,1303,1303,0.6732495851613012,0.6497953761044146,0.6768562750088485,0.03611689110235731,0.651512209587122,2,0.025849933095267,1593,1593,0.653377529961205,0.7506220922713785,0.7035823812931463,0.13770835423900482,0.6971059772815211,4,-0.006181713687175273
736,0.020344550944998274,279,279,0.17748030163219863,0.532647307221595,-0.34201659713756244,0.6746922460076968,0.39648400858160654,3,0.018798195467805947,715,715,0.4006405376357205,0.7330397235406017,-0.12178685785680926,0.8278890168565541,0.6218330232237456,4,-0.0015463554771923266
737,0.022944379247051835,653,653,0.590201690574072,0.6094198212346791,0.596105139391578,0.030298227796651016,0.5967508185668329,2,0.025908405153107605,1808,1808,0.749808673214936,0.7964070014163243,0.747228845830122,0.025646611562780995,0.7635248270722841,4,0.0029640259060557707
738,0.1586120829197589,696,696,0.539209970634989,0.6731045004258681,0.3531884344210493,0.32738491225609845,0.4821574825508075,2,0.1724665854451187,1175,1175,0.6795104102866817,0.8314906074105958,0.6463348670772914,0.15841058009657097,0.7275903950716246,4,0.013854502525359802
739,0.021573133613747447,670,670,0.6312682116271942,0.6002935414648669,0.6267619285493028,0.01740698972129628,0.5957266917111042,2,0.017589252577483446,1149,1149,0.5414357606167126,0.7473414592175559,-0.1298637256998708,1.3528199791992281,0.6155719222246903,4,-0.003983881036264
740,0.04376108803390117,1824,1824,0.5649408618711332,0.6250558417441501,0.5249192942105515,0.08505394854505846,0.6289445041760288,3,0.036741896484275435,1681,1681,0.45108312253061056,0.5876214164124249,0.5675436276148133,0.33371720866759,0.6635718830025898,4,-0.007019191549625735
741,0.04116532552551447,1658,1658,0.5996110381235991,0.7149589866680738,0.35398291578532054,0.4548871363729615,0.5772969642105437,4,0.03180644765923239,1204,1204,0.5426468896228452,0.765613592612739,0.4984896913109872,0.32861454526775835,0.6326124943132005,4,-0.009358877866282075
742,0.05301495101839684,746,746,0.5742001267667294,0.6715709055582797,0.5257536587047797,0.15742662201527055,0.5593750223784253,2,0.05698203122005816,1004,1004,0.7620771853247555,0.7987090541530936,0.7501037522770617,0.07217987949500089,0.7794528832656931,3,0.003967080201661324
743,0.07575700345075675,1379,1379,0.6282982090003268,0.5673535274081736,0.6412446147385049,0.05685510236965191,0.5974200355044861,2,0.06406206521132386,1272,1272,0.685067996393049,0.7096209191491467,0.6636983559723858,0.10640134249528153,0.6813841157585477,3,-0.011694938239432892
744,0.037421024255599775,513,513,0.30274808983326595,0.33789968463570774,0.330199910493789,0.1298901559513295,0.39066144527165253,2,0.03274157975181823,655,655,0.3626971271860209,0.49377941963337646,0.26641738191189096,0.18219747555309765,0.4890852869346512,3,-0.004679444503781542
745,0.041978988184910485,1449,1449,0.6289446145012996,0.666048605003309,0.6023370792592319,0.2521829820406729,0.6035275013115089,3,0.03723167021358563,1154,1154,0.5174693817033926,0.7182415928329948,0.5464047377761757,0.30895459303143996,0.6649948178656183,3,-0.004747317971324855
746,0.032862753849311324,789,789,0.5301684431872535,0.5598464233169451,0.510630533185683,0.09665635116385875,0.49863636708032677,2,0.033064818400763495,443,443,0.49855469742355374,0.5198822775514019,0.4306470396269608,0.15481064632949426,0.4805036529626963,3,0.00020206455145217045
747,0.027835785211962567,285,285,-0.1478773518426204,0.25167521263462245,-0.05300317352109035,0.21853327722069243,0.31311835068749616,2,0.02436381682617076,464,464,0.27366815772762165,0.5369838382821464,0.0892451591628074,0.5489772958584428,0.514638678294067,3,-0.003471968385791807
748,0.04021042835055758,1412,1412,0.588923752623048,0.6355053455171691,0.6163622611015879,0.1521676123835656,0.5747009666634574,3,0.03272617130447523,1084,1084,0.4375410567031799,0.7144026299603674,0.5077044557896666,0.48011453120766806,0.6439815091397773,3,-0.007484257046082354
749,0.0388939106608836,980,980,0.7645530292343865,0.7395876814298827,0.7834953449868338,0.15240826105951294,0.7449563381842876,2,0.034432196297920215,1275,1275,0.6708922864147956,0.717421594285601,0.7325398125870076,0.13602667640872368,0.711513046816123,3,-0.004461714362963387
750,0.029247251782343716,887,887,0.5768747041876483,0.6093714537581434,0.4234408793991502,0.29513101785251744,0.6795682942374351,3,0.02290263725889102,943,943,0.6063860250605376,0.5177299221730316,0.5624621872934203,0.1739511737198458,0.5073813200944094,3,-0.006344614523452696
751,0.03390761878456857,936,936,0.6606129019731837,0.5879526997990466,0.5834488071978842,0.14599614710902342,0.529244700714204,3,0.030038189380653616,811,811,0.6643487224616345,0.6271545243218224,0.6502458750352997,0.08417374372704675,0.6144851484448427,3,-0.003869429403914954
752,0.03188662657215536,1478,1478,0.6596022295918873,0.5618673169345484,0.5964293573623559,0.311244616576561,0.5388948650066764,3,0.02411073076032233,1140,1140,0.7182115004655832,0.8122543169696483,0.5642906736978975,0.4402942325782013,0.6288810817833201,3,-0.007775895811833029
753,0.024099199565602865,1007,1007,0.42933044561119194,0.7281713627900914,0.41295731971104055,0.07543474385677137,0.723693803430268,2,0.022465390476268835,1577,1577,0.5860248657540535,0.6981832490005183,0.594907763163656,0.06681078978310108,0.7087537413990155,4,-0.0016338090893340297
754,0.04958821989795942,689,689,0.5670578735767449,0.6735015418457336,0.47798037000650784,0.19846452581431606,0.4876603681330681,2,0.04549448870182781,1142,1142,0.5901423772589276,0.6449522013356099,0.5680343492591691,0.09889181962605761,0.6186251728079815,4,-0.004093731196131607
755,0.042876534749891324,1537,1537,0.6529475872666274,0.735126957104143,0.5365736922856995,0.1590986672707083,0.5597705844653798,3,0.03738406917580695,1340,1340,0.5125197360208908,0.7104084875877381,0.3393689809897971,0.7083473785462728,0.5582006102077703,3,-0.005492465574084372
757,0.030739474999038823,1487,1487,0.5567454695222944,0.7680953455664019,0.5205455975274605,0.22788694671048673,0.629535096224047,3,0.029792944073951416,1643,1643,0.6596011405651079,0.8306195168395696,0.6676800448035959,0.11795120539381346,0.7848340500275832,4,-0.000946530925087407
759,0.023651759061959644,1369,1369,0.7517611816066189,0.7605341002138437,0.3761881683225537,0.6571022732508692,0.5619213839073508,3,,0,0,,,,,,0,
760,0.05880456961670798,1086,1086,0.3544779195809612,0.344641343795534,0.343561503950248,0.32485798196865934,0.32379707516592093,3,0.043970787732711014,1191,1191,0.33820418536890207,0.6233745367402816,0.41167021357286165,0.34947215381786906,0.5842948045241344,3,-0.014833781883996963
761,0.04598836558759859,922,922,0.7285696286771068,0.7933269085053373,0.7281181938595503,0.002164019938946606,0.6960934627456162,2,0.04433638068979124,1039,1039,0.5819464034628895,0.7282024840926904,-0.01675895128535254,1.1008381185116178,0.6506896270248597,4,-0.0016519848978073515
762,0.04900578167887831,1432,1432,0.6398741144582123,0.6540676316676597,0.6423713996403225,0.0891289113397263,0.6323704684778201,2,0.043158832143509775,1807,1807,0.6732310805440953,0.8163846435189043,0.2873343344366153,0.7821761003378597,0.512825107802157,4,-0.005846949535368538
763,0.040321837052263984,1689,1689,0.6691255913286702,0.7296789749963337,0.6315929912029261,0.094350360975037,0.6653305978129666,3,0.03356975709744362,1889,1889,0.7142472398642201,0.8542774764842761,-0.32174504260456205,2.04640600335048,0.6125985696102055,4,-0.006752079954820363
766,0.027570294344215523,899,899,0.7671846184453571,0.8478003293783587,0.7589009263553297,0.09762001955124223,0.8096409580439162,2,0.032382744039469585,1549,1549,0.7390564014984775,0.8137746687413653,0.7373564838116802,0.049774070676213915,0.7840692883911614,4,0.0048124496952540625
768,0.03393093168004593,395,395,0.5967411660695728,0.798242990468151,0.6486473069344919,0.11900970748310628,0.756391648229979,2,0.04164568246708387,992,992,0.7876138015364178,0.8554954317438712,0.8020626864473345,0.08679613657655193,0.8622249961745737,3,0.007714750787037941
769,0.09188183932956465,952,952,0.6702161764790682,0.7953198343359331,0.6030344412796661,0.2527363983991892,0.7318234801097179,2,0.09655731785063136,1436,1436,0.7153856033764623,0.8578469862566014,0.7255628896245738,0.1190532302222019,0.7437637277169296,4,0.004675478521066714
770,0.03308981244669938,2713,2713,0.7721112767798518,0.8856128924747199,0.6648587858311173,0.2533198389514646,0.7733363485781867,3,0.02445832955534118,1546,1546,0.6537093902238863,0.8109843900618883,0.5779532267104053,0.12137623976904394,0.6659033739885108,3,-0.008631482891358202
771,0.033780054339926084,2213,2213,0.7821815863530168,0.8710166889787698,0.3226410793073755,0.9106239752254535,0.6338170432790745,3,0.021539909815820168,1635,1635,0.7544156752107445,0.8186622220771509,0.7115560596318464,0.06693055831600435,0.771611069506871,3,-0.012240144524105916
772,0.04216146246683829,927,927,0.6772655449758509,0.8035889404290102,0.6754776266541855,0.016338430826214407,0.6939860022285603,2,0.029917119295882564,832,832,0.31257800179129736,0.6419718915940463,0.32384656211548807,0.2579278958219253,0.5117941851472768,3,-0.012244343170955723
773,0.050710021984477084,1444,1444,0.6119455600846047,0.800089392527565,0.5230693451110561,0.21186752353992674,0.6480444008749547,3,0.032682513898389304,1149,1149,0.27029251333419624,0.6300813103691745,0.11569419299032183,0.9890036532696032,0.4537597647076508,4,-0.01802750808608778
776,0.03946520043206223,1464,1464,0.7697628293542894,0.8601372202599455,0.5167329001513677,0.4725841323898635,0.7599502909121189,3,0.02807390514528829,2068,2068,0.5735138414558814,0.7850810962031616,0.5637091219867613,0.22665386225331746,0.7237763222626283,4,-0.01139129528677394
779,0.024724106309111312,782,782,0.6238392260849464,0.6676166484340157,0.6222551837000498,0.03883653506535836,0.6602326174097822,2,0.02347206346452254,836,836,0.48716207207115114,0.6256267664772273,0.49641850099938906,0.24594072622872315,0.6328384423707467,4,-0.0012520428445887723
780,0.02942847100625697,950,950,0.7325074783658039,0.8128304825413972,0.7409068487852386,0.17531022297037172,0.809021968124072,2,0.02433624723417664,1282,1282,0.5478665200653582,0.7206979381097263,0.1834842682118286,1.0829803150140949,0.602763019373179,4,-0.005092223772080327
781,0.024426800936108373,931,931,0.6434162924260591,0.626911628730135,0.5713950072452886,0.1368213122837888,0.6236375215537941,3,0.02035926920277691,941,941,0.5560454927704201,0.718375078604128,0.5307720101355291,0.16071920468908676,0.7006244824534358,3,-0.004067531733331464
783,0.026858632095224624,1120,1120,0.2193081542677584,0.5753718787155933,0.14232028406819563,0.5742568498786663,0.5729617759645761,3,0.021373315423680997,971,971,0.5702908061550926,0.7916453120010838,0.4339766514088004,0.4603678772375356,0.7826539579232235,4,-0.005485316671543627
785,0.023568846985859714,690,690,0.6820531528879257,0.7997561640505529,0.6501524160098574,0.10994244826315347,0.7294399786824393,3,0.019395338885840916,630,630,-0.09327141222468893,0.5281432411681128,-0.15467992559256571,0.6535545654570548,0.6328235414231411,3,-0.004173508100018798
790,0.059145971067537,856,856,-0.41813159313154613,0.12075112407155786,-0.6579759380180001,0.1625418238520028,-0.02814124394689549,2,,0,0,,,,,,0,
791,0.06111669046454895,1386,1386,0.3663698692333589,0.5208971910797833,0.32673025167700426,0.11995426910677082,0.4163156170507248,3,0.050075909758961465,814,814,0.2699398982045862,0.3947434654234563,0.2554232909721321,0.03857590112804387,0.325360704877826,3,-0.011040780705587484
792,0.034748943936402966,1141,1141,0.4716551082031226,0.6867874570506094,0.0294898493444176,1.0414176232364036,0.5396803679301406,3,0.03209990851691516,1029,1029,0.48180954282510213,0.5848395714288253,0.49210419166014335,0.19891283042061114,0.5835024327383832,4,-0.0026490354194878066
793,0.018514144462357576,1060,1060,0.5135551325977223,0.724611795435995,0.5303126487280183,0.17389235256227714,0.7116504796811348,3,0.016940706581128447,445,445,0.38442829690279023,0.7228620375518441,0.31343812561432427,0.182770873411455,0.6691923957429521,3,-0.0015734378812291283
794,0.019313367143754038,1271,1271,0.4663096037839848,0.6878717583152902,0.36797141544296386,0.21008449262222703,0.7172513882762753,3,0.016995693586719113,626,626,0.5015399937281533,0.7609225233459262,0.5411084386645513,0.2238386840096043,0.7902545929941641,3,-0.0023176735570349244
795,0.029266510588494624,1736,1736,0.6296563470516034,0.729750350351611,0.5961858592953364,0.1355674222425441,0.6784700240471272,3,0.02921745949198416,1337,1337,0.6123437891083798,0.6397660455179175,0.6076547482021695,0.022271118312181513,0.6179630275330807,3,-4.905109651046416e-05
796,0.02550770295370079,1688,1688,0.3124563029703118,0.639783226055961,-3523.422930797855,7046.2031050157775,-2.738178510002541,4,0.022526890945129958,1108,1108,-0.015464336499625642,0.4573434110234773,-0.0229458907991363,0.21368029679895711,0.45758102187981736,3,-0.002980812008570831
797,0.029638950384221024,983,983,-1.7852035835661488,0.31203611664159236,-2.329331198578394,1.869857532797959,0.26587226621424437,3,,0,0,,,,,,0,
798,0.05823271263585384,268,268,0.5888721127913736,0.5766046337072046,0.6292196549083198,0.1314588424734801,0.5973524810661074,2,0.044120689234231486,571,571,0.6090697703606698,0.6399967197614739,0.5924411539909412,0.07179653907466149,0.6187821156544007,3,-0.014112023401622355
800,0.030856443099497935,954,954,0.47862885028681357,0.4988422235313127,0.4113764150347376,0.09040419212255828,0.46857278241458006,3,0.025072655898043947,604,604,0.3603024770951161,0.4217602757723333,0.2661094294856427,0.33983620850217616,0.4867272283885417,3,-0.0057837872014539875
801,0.030098160156068483,1896,1896,0.4459741522243954,0.5741940750200913,-17.11355666024945,35.02773055533031,-0.1387151239854718,4,0.02157048017551443,677,677,0.7054701200218606,0.8092583577758559,0.0016622296494689752,1.2503531596906747,0.6724582723363879,3,-0.008527679980554054
802,0.05234061847929949,438,438,0.29242229516906426,0.20659855980803588,0.28438750260479384,0.13016553965615832,0.1819797496989521,2,0.04906754141161657,848,848,0.2897891770197417,0.49675361310256483,0.2892553163759399,0.17859554635841438,0.38380402517500917,3,-0.003273077067682914
803,0.04413128645017238,1062,1062,0.3176583247754704,0.6188531485931842,0.11919377058737957,0.30292929086999537,0.5605148163090301,3,0.03616777555095679,748,748,0.6150651346884456,0.8038120487649747,0.5604300476639659,0.21201725040475328,0.6860632152213967,3,-0.007963510899215584
804,0.023536409057366352,72,72,0.26048778217948687,0.43288131410561803,0.015582278716178455,0.47822559842123935,0.3942363456443716,2,0.020056306107596126,898,898,0.1989118823063113,0.6346798507965414,-0.10793424714333051,0.6532194768472603,0.5253277376008837,3,-0.0034801029497702266
805,0.03116651946185146,1766,1766,0.7426646695845315,0.8357500054192132,0.6067112581499838,0.22505888536987556,0.7153683922183807,3,0.02204452132665258,1520,1520,0.8111942914300662,0.86920202445687,0.7847238302685863,0.1057474552771274,0.8210896063209555,3,-0.009121998135198879
806,0.028473931710776924,1499,1499,0.17071981079893006,0.6239331372867869,0.19177478680683957,0.550087953967899,0.5280895197803459,3,0.022165391202705602,1500,1500,0.5319957211345406,0.7012654009040069,0.5065809884925164,0.14870366430714158,0.6909668230329232,3,-0.0063085405080713225
809,0.04351861693453836,503,503,0.39309979884764445,0.468268193710902,0.3706198371792679,0.14967989334059087,0.4161547823367957,2,0.034154872639665323,1030,1030,-0.18384783940952598,0.4427115265324826,-0.3479464730899879,0.7867420911015071,0.4899244796287439,3,-0.009363744294873036
812,0.03214939986770698,1851,1851,0.588131596340971,0.7891969031647373,-0.6734249414933257,1.9687207047278485,0.5448744490724374,3,0.022066569730256648,1051,1051,-1.4721147702545023,-0.07474879904379539,-2.095753207654073,3.0884521755122316,-0.10890899760680701,3,-0.01008283013745033
813,4.1517616376731485,529,529,0.15011730641690013,0.12564840642934283,-0.18387681216332655,0.5098952501370924,0.06982394341575882,3,3.5229144203357206,195,195,0.07036059864219879,-0.005703137867654862,-0.4475074143538298,1.1097204639215563,-0.2952989683651532,3,-0.628847217337428
814,0.03128031682637003,1359,1359,0.5322448595467947,0.4422681364092361,0.5171073090181391,0.07198444191419288,0.4212929960476206,2,0.034235625505350066,3713,3713,0.5993357451134236,0.4615428329685014,0.6075343302400238,0.10573101841405975,0.4598091431102193,5,0.0029553086789800356
815,0.04850210687318458,1293,1293,0.8161607446586094,0.7531468413161682,0.8075998292345778,0.029681476079572038,0.7334965333819596,2,0.0411556962392165,3974,3974,0.8019677711853141,0.7599247391484151,0.8051984016855469,0.054220568736007495,0.751878739166274,5,-0.007346410633968084
816,0.07462553185744708,873,873,0.550104098208736,0.47698482496435946,0.5380191096671905,0.14710753470121304,0.4445209977959534,2,0.0877916789437325,3697,3697,0.7684058911309891,0.739610039609035,0.7781742324348225,0.05764553300432826,0.7319779013374731,5,0.013166147086285426
817,0.10764999103733283,1063,1063,0.7951517137132851,0.7360829919031181,0.8075044189229397,0.03571088418724454,0.7209863544420694,2,0.10618473478696412,3555,3555,0.7286062075444175,0.6391465396890799,0.7550615456483959,0.10492556714897959,0.6661548342212142,5,-0.00146525625036871
818,0.1187213648790787,508,508,0.7056353757999085,0.786582891629952,0.7029149930295433,0.023474974045888383,0.7074373865656745,2,0.1465800516979835,2569,2569,0.7696697281425889,0.7699091238321165,0.7725743971271315,0.03881765517616695,0.7352844981633766,5,0.0278586868189048
820,0.03749211264968918,1521,1521,0.4392508087713275,0.33340621704358153,0.4570522737742299,0.05055664799781706,0.3533274820043545,2,0.040564388996740024,4496,4496,0.6186542993893143,0.5148275666430346,0.6447391966856252,0.09181177363137834,0.5384951313248074,5,0.003072276347050845
822,0.05430980858453208,1377,1377,0.4939360125422101,0.4303683688645379,0.5548659586124316,0.12692943855792438,0.490217782559418,2,0.05671518235718086,3659,3659,0.6157879614304234,0.5480273994981114,0.6359885392751636,0.07845922493144888,0.5670527446091636,5,0.0024053737726487806
827,0.049800367810488445,1243,1243,0.5535548331783557,0.5543329606429465,0.5695434042859039,0.03844397334908562,0.5313017875440422,2,0.04985350049282614,3253,3253,0.6417329078170305,0.6077529923465718,0.6648867438591951,0.09647856581735025,0.6257882560390378,5,5.3132682337697634e-05
828,0.056958944746418785,1297,1297,0.7568580081341698,0.8066981077993984,0.7658269023352601,0.06623879453140673,0.7913126139645261,2,0.05522505522388084,3065,3065,0.6830762384534395,0.8154473683108122,0.6904527451006496,0.05037880951244202,0.7948035134355932,5,-0.0017338895225379458
829,0.08968163294330833,1406,1406,0.7477593012334045,0.801760997965475,0.7347941373165959,0.06463302817261249,0.7150392112524198,2,0.08740595888915904,3611,3611,0.7539416639527333,0.8227205080344256,0.7647527594643796,0.0667493044489856,0.8094149431593575,5,-0.0022756740541492876
831,0.019425258633797262,1134,1134,0.702842532808887,0.6328858315711282,0.6961020518658795,0.026850875223672004,0.6091822464941102,2,0.01692486930823301,3811,3811,0.6712773769268119,0.612700481280785,0.6709085053026991,0.05139497671909269,0.6270321941197403,5,-0.0025003893255642513
832,0.013080046657208504,761,761,0.4261364497208434,0.3651371102843084,0.4623535840665199,0.06901391731270803,0.42443247514589616,2,0.012696380402506006,2398,2398,0.38299217416804643,0.41315489338951816,0.3432788219141078,0.12332916263369359,0.42449255716990236,5,-0.0003836662547024982
833,0.06675550799666499,1115,1115,0.7357245411863451,0.7775123460041478,0.7294228127873343,0.020300565644470723,0.7384219281018912,2,0.05893119669707722,3560,3560,0.7673918622336715,0.8411103956448434,0.7698931317691018,0.023598901537200408,0.7738861479717729,5,-0.007824311299587772
834,0.03462860239731828,1049,1049,0.2791641549613897,0.17046393636864543,0.25471598384321403,0.0974193020390403,0.141516442674882,2,0.03125836835242808,570,570,0.42574145421756493,0.29122456750071757,0.42574145421756493,,0.29122456750071757,1,-0.0033702340448901955
836,0.2984466172664219,360,360,0.8087502870687469,0.8988001488159624,0.7946820810517792,0.048586145714077704,0.7236043504531844,2,0.22582787926526596,1501,1501,0.7204432105887131,0.8257096543252568,0.7331157551757779,0.08199821531027465,0.6870627209793704,4,-0.07261873800115595
839,0.04352471314968518,1215,1215,0.6046354342223211,0.5388162665214087,0.6105490681171527,0.01934025422140529,0.510288230294046,2,0.047010501688045145,3464,3464,0.7417481890978544,0.7178021814562995,0.7467381687298749,0.04910483711478836,0.6999106228861854,5,0.0034857885383599643
840,0.021460724429235304,944,944,0.6658033604318813,0.5884948869946243,0.6272822914285012,0.1376282167734844,0.5492361240018524,2,0.019258874270351643,470,470,0.7543861243629014,0.6658671610357481,0.7538937917629702,0.026754762712791282,0.6625416817748211,2,-0.0022018501588836614
841,0.08625506741405164,1180,1180,0.7940702591750454,0.7479936621406396,0.8026867371878811,0.026883023302874946,0.7451111065721947,2,0.11020730209653394,3628,3628,0.7667247276293733,0.6973215763145413,0.7745911023821025,0.05011893303682147,0.7012482754979257,5,0.023952234682482296
842,0.03525068367256356,779,779,0.4085744379679733,0.38668329922396016,0.40815979300953326,0.015466721542941271,0.36759230548606103,2,0.03876382919955136,2436,2436,0.5307434438312593,0.5898030729526857,0.5901761291294452,0.13389637272658333,0.6372631511416172,5,0.003513145526987803
843,0.043005201004350534,1137,1137,0.4683010542651911,0.5658104960032737,0.4272845613094281,0.1484302757397442,0.5067056148554343,2,0.04938228426430474,2240,2240,0.6061494419403772,0.6666340721155588,0.5412743908020038,0.14324971018297356,0.6160832968423258,4,0.00637708325995421
845,0.02430093795174218,774,774,0.7353442939548689,0.759144135429216,0.7169976057413934,0.12047919627517702,0.7458900884123527,2,0.026045140193242344,692,692,0.726658957679156,0.7984386829657405,0.7179306377010535,0.01675763386775123,0.7936433516215962,2,0.0017442022415001639
848,0.03852196788949852,791,791,0.6951274124420539,0.7682946245799961,0.6174500201840298,0.13804684686563573,0.752782680581275,2,0.03809700191872084,2543,2543,0.721476354754756,0.6947605564913351,0.7359612505527642,0.12752924191020712,0.6927970006944847,5,-0.00042496597077767984
849,0.03622002700441434,896,896,0.6201274362446495,0.5681326724219756,0.5953694804474217,0.05619312484415493,0.5419115295615577,2,0.033039937163349575,2937,2937,0.6267216542789091,0.5452799550914342,0.6275840520238355,0.06184354110904545,0.5459748750753418,5,-0.0031800898410647635
850,0.045543729352498154,992,992,-0.02696956115140181,-0.13124356477386057,0.0746212424356637,0.30899659529810536,-0.04018930830950068,2,0.06054234404216574,2933,2933,0.6389046283075541,0.7581878461804015,0.6362933152434989,0.06833810914998914,0.6542730693235926,5,0.014998614689667587
855,0.018258393324270927,1067,1067,0.3652898170185571,0.3219817181068799,0.39431776087755954,0.06607414389580164,0.35111902710468956,2,0.017927998539207304,2966,2966,0.519805177439494,0.4492124249913906,0.5391120746862562,0.10431131146778214,0.47219879843231655,5,-0.00033039478506362296
857,0.038570311050324775,1040,1040,0.5201925528730899,0.5629380223453664,0.5342804842829588,0.030413740959455086,0.622644684539219,2,0.03713721770189098,2775,2775,0.624641880776414,0.5817313139617378,0.6272987693937863,0.08204227742388819,0.5661149983174762,5,-0.001433093348433792
859,0.030572637081283577,1085,1085,0.6288050584905245,0.6595059079342431,0.6191419406988319,0.04163276373656356,0.6398214462378535,2,0.026494992782342523,1642,1642,0.6239345577033412,0.6187318581678829,0.6394981970825035,0.10288994016096059,0.6022619429015842,3,-0.004077644298941054
860,0.04671826788665772,1156,1156,0.6276314054139409,0.7583900121875811,0.6395274346140265,0.09360260344719211,0.6529658091878228,2,0.053916679861145574,567,567,0.8594628883942242,0.894656319234995,0.8594628883942242,,0.894656319234995,1,0.007198411974487853
861,0.2248240583962573,446,446,0.5315080492790931,0.3671300572693348,0.5150983666836764,0.02573643693675233,0.3811485958645706,2,,0,0,,,,,,0,
863,0.03464668699302555,2661,2661,0.6683103839594061,0.7776827451888666,0.6191369640731188,0.2037245220046212,0.7049103750549819,4,0.037445581504664344,2943,2943,0.6481744310330886,0.73936003766854,0.6183684619428444,0.09991990220193007,0.6962653915638719,5,0.002798894511638797
864,0.08779096061436564,2586,2586,0.5711228052501388,0.7540060789503888,0.5574097591391001,0.20457625572397412,0.6371482300986008,4,,0,0,,,,,,0,
865,0.07597239615126337,2303,2303,0.6781260268502105,0.8030576323886089,0.4653739995320403,0.41184973635447897,0.6432756548221295,3,0.08132565557907678,3800,3800,0.7092610328991038,0.8494935915040754,0.6942925998690062,0.071498106248718,0.7466966509609951,5,0.005353259427813409
866,0.048355777384274164,2036,2036,0.5990301079180134,0.6711571666090363,0.5699793032437386,0.08371253937010066,0.6682545297272261,3,0.047091944368363295,3168,3168,0.605919761978255,0.7494987429563833,0.597175683924233,0.12825276233442873,0.7456913334908971,5,-0.0012638330159108688
867,0.07035846643807006,4365,4365,0.711430118713177,0.7580473149329807,0.7134583261945984,0.05800704825183893,0.7323052799695132,5,0.07350402558478783,3996,3996,0.7646765763835546,0.8510875263530271,0.7605517399648832,0.04734568686779685,0.8143130145895565,5,0.003145559146717769
868,0.04653233774608473,2877,2877,0.6277853562884013,0.7076247450427233,0.6164632021843854,0.0506066984701925,0.7057003637236815,5,0.044880834273833985,326,326,0.5031940973610514,0.7481095339182784,0.5031940973610514,,0.7481095339182784,1,-0.001651503472250744
869,0.06266400242057664,2101,2101,0.3356575311300537,0.6276582285227095,0.3200019291915492,0.18594671972626198,0.5859133809766381,5,0.06445457520381156,2149,2149,0.3886055330297392,0.6269041037332983,0.3800216011814214,0.09673103814178773,0.597878892512529,5,0.0017905727832349255
870,0.05705206631333318,1399,1399,0.6190223375476638,0.7055428024759354,0.6184357236472123,0.07372401032299285,0.6776048957340711,3,0.06975559904055152,554,554,0.5571807530501994,0.4867864509935629,0.5571807530501994,,0.4867864509935629,1,0.012703532727218345
873,0.09282621913930265,164,164,0.01449614780812536,0.184866859399889,-0.22142042248175703,0.35389283178081704,0.2426844130369104,2,0.09858137166714549,403,403,0.4919732761742206,0.5720073690843834,-0.21723910657532666,0.7071802829645021,0.3065156129716998,5,0.005755152527842838
874,0.08861182803582204,190,190,0.14329782398276303,0.08199019077946068,-0.0207126315927722,0.22652760649213047,0.10231508108201803,2,0.10465854126373379,635,635,0.49200913071772756,0.5597263139822802,-0.6096599169729884,2.5114937142608387,0.3371801984769281,5,0.01604671322791175
875,0.16729853425318691,311,311,-0.2393980009699075,0.40538848370987013,-1.3977350219763707,1.7877305502486334,0.1251368153145097,2,0.2130223007483797,546,546,0.3519471243406007,0.5832366915432613,-6.413506140113176,9.340023902420617,-0.7473343707408552,5,0.045723766495192775
878,0.1679613932630875,360,360,-1.4954393525173821,0.08017462321112212,-1.3147555778146938,1.0535164609916392,0.14494755579603152,2,0.21855433073355712,978,978,-0.2590582933091321,0.3002766125399502,-2.606186323434224,4.233687634221767,-0.15416022177399533,5,0.05059293747046961
879,0.022299389385171536,123,123,-0.5320606631718361,0.046442695282187696,-0.30898085401481734,0.7528263036018981,0.2636551759355581,2,0.022983941327159602,288,288,0.17051839775082356,0.3754978454643364,-0.4402896263754796,1.0370534008593535,0.31765969324726717,5,0.0006845519419880659
880,0.17340500090367994,308,308,0.34769087991791203,0.5481296997586708,0.4762834426986602,0.5428879325617604,0.5150781789079624,2,0.17565119653004063,967,967,0.43075723317734693,0.7086754932103059,-0.03582273303849517,1.021447018035456,0.4468282831351177,5,0.002246195626360692
881,0.1533694498627106,164,164,-1.4412489642217197,-0.11591444086461,-1.2890569378028531,0.518424588355675,-0.06374219720548763,2,0.08189104085716882,366,366,-1.266020728742983,-0.1703191111925404,-3.6803165387788015,4.007826559402484,-0.6744153953443631,5,-0.07147840900554177
884,0.014060396719990667,419,419,-1.140138635985593,0.21419264905256052,-1.6508390037231084,1.6535891133246314,0.1322058844239356,2,0.017802500032576662,1061,1061,0.3070027976785944,0.4999782696850069,-1.939363961166332,4.690992797698152,0.20989307345542524,5,0.0037421033125859954
885,0.027045820920083292,1541,1541,0.7546970190627182,0.7441827549996087,0.7537639671085918,0.0008828860422144339,0.734919641978859,2,0.02729803133224071,3194,3194,0.6559579612917887,0.6207462502228567,0.7045311100644713,0.09482967610201787,0.6588170102315689,5,0.00025221041215741855
887,0.023181031689988356,505,505,0.5420055899293796,0.6703888781586744,0.5420055899293796,,0.6703888781586744,1,0.024542801631225537,1987,1987,0.7113317212196123,0.7656193864104628,0.6785157328472967,0.06721414645241554,0.7185112110907783,5,0.0013617699412371807
888,0.02776966429588529,1344,1344,0.5587186947195188,0.5317037066867755,0.5618912945713181,0.04296280282263776,0.5296366319635901,2,0.02460277139981247,1298,1298,0.622075431995794,0.5458031747636625,0.6407409807900317,0.06304890241794431,0.5711924535042524,4,-0.003166892896072821
889,0.035068035709649274,1455,1455,0.763146540732731,0.7171188408081971,0.743222157119426,0.06272113143242072,0.6844963295906143,2,0.03788262246100517,3305,3305,0.7837723997575214,0.7243790964080907,0.755457409780818,0.10286985969717782,0.6835518657382101,5,0.002814586751355895
890,0.020266850597653305,1118,1118,0.7528394295827536,0.8440488874561185,0.7660275411579239,0.060840654129770834,0.8362502576121612,2,0.020799108426705255,2085,2085,0.7721153965129522,0.7314886604043515,0.733362431050703,0.08837020766018758,0.7076092778933497,5,0.0005322578290519499
891,0.026417557675682258,1345,1345,0.8363011713080732,0.8676424957137643,0.8376507800958852,0.019653259364365204,0.8675970872196871,2,0.030854925381420924,2052,2052,0.8595591757434515,0.8987449665687655,0.5113520693511118,0.6815683089102087,0.6303682315778129,5,0.0044373677057386665
894,0.028979697347663442,977,977,0.7489460107941122,0.8292597536001703,0.756386348456835,0.11715086718410876,0.8330341053438508,2,0.02649071226972451,1307,1307,0.7618402177078438,0.8734445915387625,0.7296064069349463,0.06025697764865327,0.7335901859670718,3,-0.002488985077938932
895,0.0448330334893727,831,831,0.8269319333094516,0.8470477498042623,0.8130164646069065,0.04923803475584614,0.7652983271432838,2,0.044187091421685636,2317,2317,0.8403781020741677,0.7990220012946871,0.8023224497648143,0.11411944237253216,0.7170028000909139,5,-0.0006459420676870678
896,0.011433759428366524,633,633,0.46932477057199484,0.5629197323889238,0.456245343028954,0.002033499168643947,0.5246214326252577,2,0.011471238748850763,1410,1410,0.701800050381266,0.7389053772008852,0.6627431906147041,0.07593433826257064,0.7185040086026019,4,3.747932048423809e-05
898,0.09993711618260664,802,802,0.1554545502462864,0.5114875484460016,-0.1719697891486307,0.7172942634786964,0.42524996091255,2,0.08632701759662238,1240,1240,0.6182344884571837,0.7891032781862474,0.3467239151865439,0.4727872167369816,0.5146297073180357,5,-0.013610098585984262
909,0.1796724509227355,2070,2070,0.5103712452975335,0.501286389303105,0.513551824725882,0.056835025906279486,0.48445230481608964,2,0.09836441732178895,234,234,0.8052333183861147,0.6992618959371559,0.8052333183861147,,0.6992618959371559,1,-0.08130803360094656
910,0.16836133155644545,1480,1480,0.3805025467818882,0.29532750002885133,0.4198133974245155,0.14008188254047685,0.3278132358548752,2,0.11357578603038854,644,644,0.5643210963133813,0.705369755962792,0.5643210963133813,,0.705369755962792,1,-0.05478554552605691
911,0.026639736880479103,996,996,-0.36583425175211914,-0.008156467635652032,-0.38554359631163104,0.09200210060309286,-0.05136618899150047,2,0.036896855006469956,756,756,-0.44510150572584517,-0.07983893372817885,-0.40170233705869485,0.1466179478649231,-0.05101777574746508,2,0.010257118125990852
912,0.3641818158567614,1192,1192,0.6608499719223906,0.7345694381900782,0.6194384243263027,0.16976134589423544,0.6505408150290157,2,0.20015334659213319,327,327,0.6852124016171562,0.7841119469425344,0.6852124016171562,,0.7841119469425344,1,-0.16402846926462822
913,0.029664775368994836,1358,1358,0.03506999345371986,0.1503041616490539,-0.0889286925566785,0.32502115016357197,0.18460684754448795,3,0.02981570211089593,1949,1949,0.32443379398837346,0.31019993492086495,0.3092561838036435,0.05987137122197699,0.29567214498834327,5,0.00015092674190109526
914,0.01968791648560521,1641,1641,0.5317024376726593,0.6594973552959007,0.4362503404936744,0.336768740591609,0.6051484735672776,4,0.019831121371655196,286,286,0.6799369395864137,0.7895559263806367,0.6799369395864137,,0.7895559263806367,1,0.0001432048860499878
915,0.03728694520023556,2032,2032,-0.77556499424143,0.11493153586195493,-1.1484392660191933,0.696709013141102,-0.006075708316685052,4,0.04612763883519433,1122,1122,-1.9680599052339818,0.016007767362558267,-2017.3205408993106,4031.2382589910917,-3.834389015130443,4,0.00884069363495877
916,0.045777707876332396,1593,1593,-0.001859023099791246,0.41570193257939314,0.0027975676831660246,0.06573363958060593,0.416523375432635,2,0.05216916972156971,3026,3026,0.24363315819396103,0.39279012417927694,0.2349681365990449,0.17392191096566315,0.36348339176830524,5,0.006391461845237312
917,0.03490851174108684,1300,1300,0.03854924124335901,0.12153692556339302,-0.27824390104739555,0.5735383725311861,0.1027917139369966,4,0.031677320324665595,620,620,0.15065635178018433,0.14399283068089097,0.12945489126585738,0.26105784390636805,0.2010980111532472,3,-0.003231191416421246
918,0.036553587692009434,1850,1850,0.02028048728264442,-0.008044859416568517,-0.14562350095464632,0.2335958565723502,-0.113046161662723,4,0.03622920401665981,1783,1783,0.052278892948645184,0.07472093012989856,-0.04407574816632156,0.14882257895411946,0.021968846261898923,5,-0.000324383675349621
919,0.021541220722847605,1460,1460,0.33759471625754833,0.3826504980592558,0.3145909049305305,0.08101633521896028,0.36428792886565525,3,0.023470119176698584,1750,1750,0.22522980525229985,0.3635881491958517,0.12257020457600387,0.15684834956071902,0.3503172874218576,5,0.0019288984538509794
920,0.018868813533860614,142,142,-1.0446783015156873,-0.02976363834281326,-1.9737418252042171,1.2891488816826027,0.03858592900008434,2,,0,0,,,,,,0,
921,0.0019416646310853349,1445,1445,-0.7455506801686154,-0.5114319074997373,-1.0128622843922526,0.673027735181791,-0.44142091849860765,4,0.0013273603479425167,552,552,-1.153251291384005,-0.4167589472356221,-1.3551220002494422,0.3971439678269996,-0.362880085736187,5,-0.0006143042831428182
922,0.0229395033804268,591,591,0.1861885496710356,0.3186679685765932,0.12878726970141163,0.103978012206527,0.3936154300411971,2,,0,0,,,,,,0,
923,0.029892508478628264,450,450,0.29873920754869765,0.35208650153181775,0.3221038477275065,0.3224253091336297,0.33126229189727757,2,,0,0,,,,,,0,
924,0.03447872407705664,389,389,-0.330120458878733,-0.052201626831260395,-0.26325113636172426,0.1884700005043956,-0.038921258185505514,2,,0,0,,,,,,0,
925,0.018115325450130244,680,680,0.056344553714281376,0.03847843623046332,0.1028882251609436,0.22146808327964548,0.27351908489318305,3,0.018414293120221182,1917,1917,0.006288530179835661,-0.029932655939468145,-0.08672692925943637,0.11835401738703717,-0.008224922831223136,5,0.0002989676700909383
926,0.07076973193138221,2417,2417,0.0858781031624285,0.03368921903059574,0.12179542850833755,0.1367806238614218,0.10016841556103187,4,0.0684038611074181,2858,2858,0.2816358404201804,0.2774709254744965,0.27709815057642734,0.03242842886891984,0.2732177155509526,5,-0.0023658708239641113
927,0.01064732133910996,1162,1162,0.4083756246552628,0.6955854499356857,0.3922928126673865,0.08673711454188536,0.6875143054896704,2,0.011417189776918083,1443,1443,0.4994407744985243,0.5232620237781367,0.4651356672301522,0.10161815878695234,0.5283439167375246,5,0.000769868437808123
928,0.0260847193796489,1162,1162,0.320443865598278,0.382045778441362,0.320560854830876,0.08579597137865902,0.3733013064523693,2,0.024780118043018988,1393,1393,0.4268517586345485,0.4508657926217903,0.4130987325227931,0.09299147496652982,0.41643245143861424,5,-0.0013046013366299104
929,0.10389533775331668,1262,1262,0.5328092962651019,0.5232393381949837,0.5287276072766154,0.042412719615749425,0.5154701234594965,2,0.1163398858853495,2583,2583,0.5089976334484534,0.4894610028634959,0.5119865366258767,0.12570262453989572,0.4953190606946462,5,0.012444548132032829
930,0.03294860927742862,420,420,-0.002173615124621886,0.06668982213105923,0.002868430863229521,0.031214793574179237,0.09789253449950308,2,,0,0,,,,,,0,
931,0.026696413514611505,1489,1489,0.3865482578637165,0.4162046827791669,0.3423911600653091,0.09101785246329717,0.3957574403322321,4,0.0270086204413982,1190,1190,0.32315929936149135,0.3261556081756478,0.2433827594051242,0.1587108584050455,0.32327105453811444,4,0.0003122069267866949
932,0.03636596224258666,1078,1078,0.2755602364767118,0.2848945637821986,0.313804722012391,0.09820473598052509,0.30590328389147853,3,0.037990574022032854,1937,1937,0.4630375814563772,0.528008892045168,0.46805649296106705,0.13355436158304076,0.5128804459689098,5,0.0016246117794461931
933,0.06665027950885359,1303,1303,0.39433734166499324,0.5281363441939284,0.4375206212096106,0.11995146848320769,0.5104732140928457,3,0.05762091717384849,1985,1985,0.21521290031502338,0.4251627261226436,0.05687888421621192,0.4842737350054532,0.3712190401607859,5,-0.0090293623350051
934,0.014237334488273084,428,428,0.17760751012450593,0.3593041576502116,0.20775352670476271,0.1185699927086983,0.3829144026335428,2,,0,0,,,,,,0,
935,0.013361615257843086,1043,1043,0.22331271965191923,0.3510622157718517,0.20132077983860555,0.050125083570043055,0.3329767837491218,3,0.01518426691796982,1325,1325,0.2781890455467382,0.35429353192801505,0.23716882413479534,0.21777941731374711,0.3319110867542491,5,0.0018226516601267343
936,0.05875774830474368,1626,1626,0.04101913388810008,-0.04939890626400811,-0.028430233662986314,0.12268454790114106,-0.03808017226599332,5,0.06588766886839445,1759,1759,0.26386631390760495,0.3598868191920992,0.2040020759865266,0.23482555815866532,0.37568731003600186,5,0.00712992056365077
937,0.02400519885853225,2040,2040,-0.27088994834322966,0.25100743492188504,-0.24029817226148154,0.3707368280264771,0.13448390718058995,4,0.024353902373440754,1849,1849,0.04074256114820052,0.25224031905993494,0.023553969728848177,0.19791622166063763,0.2810343642999035,5,0.00034870351490850354
938,0.005939214668131154,203,203,0.09997229911502714,0.02450943872136835,-0.009406413811014591,0.3107063612738426,0.15553863755007272,3,0.00828421812987438,135,135,-0.003803800065909746,0.3718703057725532,-0.003803800065909746,,0.3718703057725532,1,0.002345003461743226
939,0.008775432812925204,166,166,0.15814486176047649,0.05741506185782708,0.10673120274225462,0.161676096050584,0.2183974329189547,2,0.011743910083300379,83,83,0.17509387524691045,0.23344291913087012,0.17509387524691045,,0.23344291913087012,1,0.0029684772703751743
940,0.009311836613074373,626,626,0.370611182262226,0.3902099950901142,0.24605679743149286,0.14812107243971862,0.3454689335652758,3,0.011807537226417622,154,154,0.48452439452422924,0.46272206883990175,0.48452439452422924,,0.46272206883990175,1,0.0024957006133432495
941,0.026962777132293517,536,536,0.716967241819511,0.749430643594081,0.6992638939621848,0.048793010584841645,0.7196222860994168,3,0.02325204697748025,135,135,0.565208655521515,0.7032336069269394,0.565208655521515,,0.7032336069269394,1,-0.0037107301548132653
942,0.009300362150695986,133,133,0.0002452669829174914,0.07427049015057763,0.016017052568851553,0.029250749468854954,0.20826414208198013,2,0.01017601990743595,68,68,-0.1391476841734145,0.2703826435259634,-0.1391476841734145,,0.2703826435259634,1,0.0008756577567399643
943,0.009030863816646495,174,174,0.32104435174153323,0.3167117503288639,0.4115785493163447,0.30303891081288015,0.44436747579514496,3,0.012367180724469747,94,94,0.3880380412683516,0.42596856153855467,0.3880380412683516,,0.42596856153855467,1,0.0033363169078232512
944,0.011706909539734389,154,154,0.33352051525135795,0.698673105136673,-4.667258029318572,8.35014956977676,0.4218789336431594,3,0.014784080024886256,96,96,0.37047406148397943,0.5538791710013307,0.37047406148397943,,0.5538791710013307,1,0.003077170485151867
945,0.012901668385333883,208,208,0.5795909391647054,0.588051948519386,-1.48673446488225,3.4336854894490214,0.33200932533078503,3,0.017559153836612638,114,114,0.03758126956538865,0.47960300953378465,0.03758126956538865,,0.47960300953378465,1,0.004657485451278755
946,0.018271672397689974,230,230,0.14098833684561196,0.44047465284724896,0.2096763892833693,0.13973401475143787,0.3296499826941378,3,0.021050299882578352,120,120,0.21388155470643933,0.2341510901657209,0.21388155470643933,,0.2341510901657209,1,0.0027786274848883782
947,0.01252972007329975,315,315,0.20921730558561802,0.606418977395266,-0.027966216640654868,0.16698125632767374,0.3993273170680635,3,0.01636157968041903,188,188,0.3094230816928204,0.27052521813906394,0.3094230816928204,,0.27052521813906394,1,0.003831859607119282
948,1.338352339583423,1031,1031,0.5670962186195689,0.6564876337942809,0.4243680198603671,0.250388464077364,0.3082038312563371,4,0.7166836646586041,339,339,0.5635679025403685,0.7461387395656751,0.5433410457994325,0.15006981032552485,0.5013427425901794,2,-0.6216686749248188
949,2.314088890990557,977,977,0.6376420805634604,0.7228050402920605,0.6175833533580857,0.22040603835702607,0.6904787187997213,4,1.006281683189889,177,177,-9.468482290312494,-3.2738329582055616,-15.05623518003061,7.582240051174068,-3.135396268925346,2,-1.3078072078006677
950,0.23497402214219637,1309,1309,0.5523332708792787,0.7329317408149081,0.3022994257278238,0.7217914094681501,0.4362449733713529,3,0.21465343390960565,656,656,0.7535533541698729,0.8002767646195839,0.7287165510071372,0.08496868389636834,0.7898098827739151,2,-0.020320588232590725
951,1.3119262675194532,1330,1330,0.6125869928756145,0.7137270048505956,0.2584959942863729,0.6557440019265156,0.4715860607788407,4,0.6788588557159042,479,479,0.5036871567016221,0.7501273378854455,0.5248662291762888,0.08130817067749821,0.7380539761016374,2,-0.633067411803549
952,0.5171892168699685,1092,1092,0.6266695046585407,0.6841543752189805,0.3165475033473144,0.5828092917969075,0.5011132507824322,4,0.6048212919297606,430,430,0.1669143933303382,0.47922130200210256,0.08397818996640198,0.5982077129380784,0.3160584395676581,3,0.08763207505979209
953,0.7405253887351821,1275,1275,0.20537120819251597,0.5526935519964293,-1.3418711694150656,3.1204374352393787,-0.11500482782839856,3,0.5664021813660562,551,551,0.4837624080745,0.5630219700354571,0.6095815838172332,0.2428240479653931,0.6184052945565572,2,-0.1741232073691259
954,1.0894308030264734,1411,1411,0.5334454400425512,0.43410138063114645,0.30280447942569744,0.41519991063021305,0.36335895205441293,4,0.4329742242887544,616,616,0.4444991639331851,0.29822999962339236,0.44405712332955855,0.03340470210705636,0.2857740230286625,2,-0.656456578737719
955,1.4329852593187467,830,830,0.4838529447672074,0.35376052590219476,-0.06901996114232425,0.6525820361249565,0.11761274231276106,4,1.1124071844832133,262,262,-10.067116270441543,-2.4198042642333193,-30.94083244955713,40.72816224996353,-3.650563899776305,3,-0.32057807483553336
956,0.5614945441687741,733,733,0.3742924571806424,0.37603574122211203,0.3741837868345878,0.2166945530913446,0.3053495707028067,3,1.0686219116298172,343,343,0.2564312753150463,0.0982081979141628,0.2656074245829463,0.1975483177507114,0.1338295455704149,3,0.5071273674610431
957,1.5652297937398334,695,695,0.24821899116299384,0.47561462349130834,-47.208295103866455,94.90009656753132,-2.639901473072132,4,1.1247159356757395,346,346,0.4260908335529857,0.365332810809853,0.4436178316272417,0.1956250832662227,0.4256997611978813,3,-0.44051385806409393
958,0.05671909436481611,987,987,0.5185058850808202,0.6763816858124632,0.5038558813851921,0.08729306491433302,0.6099568892139846,5,0.05274711787680407,1840,1840,0.5953294618462109,0.7339605998248311,0.6256102481947751,0.24311500429913477,0.7636606949893281,5,-0.0039719764880120426
959,0.04987587073692019,1051,1051,0.45876610482322544,0.6870939126451494,0.42837508199074636,0.2839967939940934,0.661831114292851,4,0.05191779346647938,1578,1578,0.6543488402841611,0.8392545750997593,0.5837380616564809,0.14251235113740515,0.8036758954542631,5,0.0020419227295591924
960,0.06470733748695737,1857,1857,0.49848600413441324,0.6133134012111989,0.5395510732888849,0.1856118201387895,0.640939890478839,5,0.06218843498242612,2383,2383,0.6881769271560414,0.7801846091279075,0.6505795528761303,0.1376973532394004,0.7727081767514287,5,-0.0025189025045312466
961,0.09994054523637741,1013,1013,0.3599170520596905,0.46033981945955105,0.36411934057680045,0.3651511679374744,0.4306235881132029,5,0.13340022947493244,689,689,0.5900795255894777,0.5653115862841659,0.4269378607151194,0.19341242960736174,0.4742927086691635,5,0.033459684238555026
962,0.037691004316140635,1526,1526,0.7202864331823233,0.6197794888537591,0.709608575961546,0.09300155215414055,0.6117083556119935,5,0.04147456543770336,1511,1511,0.7661556204403318,0.6363485027074254,0.7652639767493221,0.04362790309296275,0.6447204156096186,5,0.003783561121562723
963,0.045663779440659746,3759,3759,0.7917665737763603,0.8006603053214636,0.7774773906389718,0.07910447290562932,0.7614134709734747,5,0.05072294822736656,3521,3521,0.8267130634794124,0.813344964046208,0.8191971658880043,0.05138710893411996,0.7786029164263535,5,0.005059168786706814
964,0.03337729084870385,3223,3223,0.6941527855087203,0.7108782386210953,0.6832639725741938,0.08077788371677203,0.6744991876742098,5,0.03686554380074539,3127,3127,0.7709091629318492,0.7793282015248003,0.7670286758727008,0.03491349415468684,0.7689518015291509,5,0.00348825295204154
965,0.07334503236723881,2411,2411,0.6434176679770547,0.7332728601561465,0.6457081292810767,0.05996595871807406,0.7231723144495585,5,0.07356144783701865,2701,2701,0.6951759385053056,0.7199552120162216,0.6825157419877075,0.05689209868653153,0.6888797598858737,5,0.0002164154697798376
966,0.1007667417173988,1415,1415,0.7085215184979926,0.7237003382782599,0.4312867248742534,0.5331885453246742,0.5307073455641557,3,0.14280224840229483,2714,2714,0.739944939387821,0.7284193226162488,0.7448727917333983,0.09363816677002672,0.6892794281822364,5,0.04203550668489603
967,0.09743283801717462,3818,3818,0.7701980259011825,0.7285129607234442,0.7540714533288619,0.06963773576123039,0.688459296464795,5,0.11967826614008809,3484,3484,0.842421774918889,0.7205773892747613,0.8297070188909214,0.06479356641088677,0.7034179642047188,5,0.02224542812291347
968,0.0937162699267037,1483,1483,0.6292258947248149,0.6545161583385736,0.637708315023938,0.06256403102308003,0.6603708871941599,4,0.09624324774628569,1719,1719,0.7015430293215351,0.7099036981098752,0.6851743745217501,0.06065930129646934,0.7121540913475479,5,0.0025269778195819853
969,0.0821272100745876,848,848,0.4615950824826912,0.5117591105594462,0.5787089815625476,0.2785999487093249,0.5851104107621687,4,0.08754426640578666,1665,1665,0.7998674153578397,0.8514486870845678,0.7637101053764447,0.09309500756698769,0.8005179804694853,5,0.005417056331199058
970,0.07900405543683192,1872,1872,0.6053259633168256,0.7386164281446859,0.578111181111536,0.20560423199305097,0.7230751313743424,4,0.0876345803765425,2341,2341,0.5380899710153346,0.6369427821610537,0.5371859913830732,0.16869186230062416,0.6406723330305751,5,0.008630524939710574
971,0.09446715670511287,1951,1951,0.597587690519618,0.6447064011008696,0.29022020985923164,0.6601491548176119,0.5758344765549601,5,0.10153157425300563,2627,2627,0.6676057348757184,0.6456921636793864,0.6736501850640867,0.040063110596360044,0.6562051837685366,5,0.007064417547892762
972,0.09518018429862296,866,866,0.7319687466328959,0.8359639798144033,0.6386980688869499,0.19166063399348868,0.6867542614297409,5,0.11097769452085975,1303,1303,0.8125326145002836,0.8554088475140907,0.7838985924479428,0.04996865580395302,0.772618425018987,5,0.015797510222236785
973,0.0553759328407667,1886,1886,0.727855474082258,0.7640429189313582,0.664001929241886,0.1827024197799684,0.7017479814619535,5,0.05724783680218605,1668,1668,0.7369025792855599,0.711802898361796,0.6886536357263271,0.0944914202518876,0.6812419743403659,5,0.001871903961419348
974,0.07223848772252736,3455,3455,0.7029676702627552,0.7301323995438596,0.698575223974273,0.07003804446046939,0.7100729902400689,5,0.07909354800220726,3382,3382,0.7895552457376357,0.8766894599466497,0.7752262527117878,0.09310515014590375,0.8364796399437944,5,0.0068550602796799
975,0.07754168640971368,1623,1623,0.7972298869369133,0.7805187007384953,0.7758427195954298,0.07734568513711229,0.7422399168549954,4,0.09439786474790994,2220,2220,0.8624184928031244,0.8783731211299489,0.8526000780864967,0.048579782469185505,0.8416746535142117,5,0.016856178338196262
976,0.07061663762294039,1979,1979,0.6841768688148837,0.7318386274031369,0.6524423406011614,0.10754222209187156,0.6821119565355739,5,0.07673230854554457,2461,2461,0.7458031839336285,0.6714620528164831,0.7472719578158691,0.0579950777008442,0.6662627311727366,5,0.006115670922604177
977,0.07540003874266568,2399,2399,0.7641228467315342,0.7553521727336022,0.6609094755585478,0.23972960493071424,0.7108317294418803,5,0.08347402403621529,2541,2541,0.7307067700791725,0.6804067616955152,0.7427375333736743,0.10053434557170789,0.6827194217249242,5,0.008073985293549607
978,0.09871839660567984,2306,2306,0.6040856782171242,0.7517360116615215,0.4921896293536947,0.24102748819244352,0.6751604846978003,5,0.10588987647619252,2846,2846,0.7038550537513277,0.7779564901983884,0.6912365383100122,0.06210351282738495,0.7584661394059065,5,0.007171479870512684
979,0.1040767918769104,896,896,0.5914498727051174,0.7048354756220627,0.47420876071271284,0.28020736694443044,0.6547755520496148,2,0.10430856377263145,2017,2017,0.723333289566048,0.7957734236883806,0.6807450062185965,0.13971486305337538,0.7361500806995909,5,0.0002317718957210585
980,0.1094135936290612,2872,2872,0.7159101468885944,0.8351479469100773,0.7038766465561832,0.08489796797681445,0.7677129917467123,5,0.12606871989935567,2574,2574,0.8072391291602731,0.7497749780363177,0.7991896909611163,0.09736378447516193,0.7552461032586344,5,0.016655126270294474
981,0.06685891226795518,2854,2854,0.7106481125240239,0.7516659327052908,0.693251413411496,0.05783262446467901,0.7161757144070203,5,0.07198792005077077,2842,2842,0.7491770560481521,0.7724364014971056,0.7441178667963981,0.08196794157368449,0.7685686054177462,5,0.005129007782815595
982,0.06033355866322584,2101,2101,0.6045324715003774,0.6045018250037344,0.6107979383098497,0.12152214895839149,0.5912221068010175,4,0.05912574985040084,2777,2777,0.7779012063977941,0.6864693189062436,0.7816573489674778,0.08255319822402414,0.6982301530706793,5,-0.0012078088128249995
983,0.062292206490544226,2260,2260,0.6649918036191386,0.6771501393825945,0.6807238885232003,0.08839475255901541,0.6780376440675524,4,0.06217228781285929,2756,2756,0.7535082635257003,0.6597957249466349,0.7717293807846664,0.10677831293676655,0.6779902210212615,5,-0.00011991867768493258
984,0.07959991136939612,583,583,0.19965835670890886,0.35539717915950597,0.29107986542465814,0.25875644820456456,0.41138304455610475,4,0.10235848237977088,636,636,0.693924571455147,0.705510530677333,0.6565029467422436,0.0789953216588183,0.7008594251828242,5,0.022758571010374762
986,0.061262499739492916,2553,2553,0.6279057831467869,0.6598152820887548,0.5505598338058625,0.2542925662253634,0.6452089483589415,5,0.06856534108861952,2720,2720,0.7664492485924731,0.7798946955497676,0.7570508809007668,0.17253112572637813,0.7656589544944806,5,0.0073028413491266
987,0.10393017905928834,3809,3809,0.7901052043289153,0.8479560134283798,0.7863220659947702,0.04665347322074852,0.8202052733464086,5,0.11948276111893165,3116,3116,0.833784541457281,0.7179571313835432,0.8131404562477315,0.057641201626864404,0.6808638048107581,5,0.015552582059643313
988,0.07258791151949588,2975,2975,0.6668161741999836,0.7021903202938715,0.6352125743647427,0.14337138370815242,0.6440899078433588,5,0.08118391982072191,2558,2558,0.7451002811926064,0.6242245154716064,0.7427105074698105,0.05508952863126051,0.6299353508743589,5,0.008596008301226032
989,0.08107757716596782,2454,2454,0.7074059408549074,0.7059080470686907,0.6427784696233569,0.1937994936722979,0.6728966433038336,5,0.09047446768076338,3062,3062,0.8017407521291346,0.8297222018587109,0.7947102659884029,0.0405907793888914,0.8048210163990916,5,0.009396890514795558
990,0.0998530137120735,2530,2530,0.7412058472695104,0.8571432380506435,0.7343150462531064,0.02385131827805969,0.7748127593111463,5,0.11984608368718538,2637,2637,0.8450720882780316,0.815836757855861,0.8358530953261342,0.04112605312682946,0.8061545299733506,5,0.019993069975111882
991,0.027834611914961227,1807,1807,0.612032823585732,0.7032088215214559,0.5739971648005783,0.08501811389775842,0.6131093503693364,3,0.028402794295215653,3054,3054,0.654127519584107,0.7766993901279297,0.6560100223211089,0.07397659294188749,0.7270082287331728,5,0.0005681823802544256
993,0.08359839356584327,2691,2691,0.6552777264946568,0.6398100564742091,0.6475109137491801,0.12957808350420502,0.6316338045421771,5,0.08864528064497493,2750,2750,0.7827749692257029,0.6695393628937775,0.7628736942400575,0.06965261871497372,0.6541888743915963,5,0.0050468870791316595
994,0.11677320495312254,1041,1041,0.655783791649714,0.758799198262879,0.5466535549760397,0.24859318009173478,0.6299845883033317,3,0.11617664397561837,373,373,0.666767641506764,0.6844699971363168,0.666767641506764,,0.6844699971363168,1,-0.0005965609775041708
995,0.07047997986477908,2657,2657,0.6912215477812097,0.794040057590104,0.6813515832970829,0.10388927582354728,0.7529038632708739,5,0.07393951224065277,2873,2873,0.7950281451836222,0.780583430915242,0.7960428416972672,0.08260558594663918,0.7652124864795806,5,0.0034595323758736946
997,0.08926824681795618,1302,1302,0.4545890643958166,0.5965366892899633,0.47306370393480934,0.4570824526011495,0.6591635070077574,4,0.1078570620004915,1594,1594,0.5752013686575843,0.6018900840553385,0.6821132057891168,0.19218899195459258,0.6383565416331315,5,0.018588815182535315
999,0.08368046914533703,614,614,0.6033837547007816,0.6692579380462067,0.6205304598603616,0.26529711616654783,0.6864522662182506,5,0.09422460395220675,1006,1006,0.7581200572241754,0.7796431321616366,0.7675527297009811,0.09273297794662509,0.7453596855035437,5,0.01054413480686972
1000,0.10814355121168633,411,411,0.6369413933125174,0.7166679012805504,0.659435364830069,0.10189559682690977,0.6426221870929311,3,0.0992539444810334,655,655,0.6854437571826648,0.6665537040794937,0.6749016348862744,0.09111051543708422,0.6532260145616919,4,-0.008889606730652921
1001,0.05663413573070318,1344,1344,0.546049772106544,0.5589305174667066,0.5205681853862044,0.20096717322720525,0.5541912529483588,5,0.055716904920683076,2091,2091,0.6133174822345894,0.6004048407703622,0.6082903303943814,0.08470529805034813,0.6020196828049252,5,-0.0009172308100201046
1002,0.041882908227487095,3241,3241,0.7008026473178437,0.6842769542436988,0.68733480218923,0.09826014566648698,0.684611038639233,5,0.04629860487041307,3236,3236,0.785458215875125,0.7961013770806779,0.7724940273019053,0.07633027402895193,0.7576320076171994,5,0.004415696642925973
1003,0.13364989993732315,2154,2154,0.7014619077371739,0.7598729197877578,0.7146017073465591,0.08216038620430002,0.7144191721540655,5,0.15244200957825968,2949,2949,0.6848824103212923,0.6620784164971827,0.6986970631587907,0.11534849755380391,0.638652240893142,5,0.018792109640936527
1004,0.08381083152691524,750,750,0.6989347360832594,0.7446501095468956,0.6879581791213097,0.08045150576732356,0.7181049702541655,4,0.0920652844233856,1753,1753,0.7919822039780287,0.7738885423139408,0.7587181362358664,0.06514342127978913,0.7554690657201663,5,0.008254452896470366
1005,0.11885942094490591,1063,1063,0.6447889979202435,0.7323260432045273,0.5834874504442101,0.2135426070654797,0.6990173663559702,4,0.13403729707127077,1916,1916,0.7244140533219237,0.7133855836158605,0.6422197714831097,0.20949883156606022,0.6914056892753662,5,0.015177876126364856
1006,0.0733676546940236,3537,3537,-0.7161568208314484,0.2631576887474709,-0.8868344792793185,0.7404976708013316,0.1882817125666401,5,0.07209367727366975,3372,3372,-0.5761644481626524,0.3437817321246812,-0.6375481264090939,0.526285371685883,0.29483935404933187,5,-0.0012739774203538584
1008,0.07475185635645902,2681,2681,0.7040457056761515,0.8426332836632933,0.6850744010582737,0.1030355401010284,0.812777091298085,5,0.07946118779329467,2862,2862,0.8310186022100075,0.836023290285208,0.8158896958309725,0.06142282220766382,0.8103185454763067,5,0.004709331436835648
1009,0.06520287337346771,2139,2139,0.718603480640509,0.743235051140483,0.6709812039910326,0.15403204609689952,0.6820489281438508,5,0.09126026780920567,173,173,0.8693617664164361,0.9008299523707143,0.8693617664164361,,0.9008299523707143,1,0.026057394435737957
1010,0.11665615322517937,290,290,0.6372682929436948,0.6027015030641119,0.6711799114330368,0.14069876556204397,0.6914855760624135,4,0.11466333843301982,400,400,0.6113471189411643,0.6772915779820863,0.5535365565436328,0.21562647861485457,0.6257179609155863,5,-0.0019928147921595557
1011,0.12118641985418074,574,574,0.6130486189571653,0.699221894284558,0.6182371038311097,0.17160259407424414,0.7164059414123711,3,0.13072164440366985,1160,1160,0.6179406613763367,0.6256747136047744,0.611425277993918,0.12801869578886035,0.6570664634160972,5,0.009535224549489102
1012,0.13292318828696975,1729,1729,0.601410796330339,0.7605345182410047,0.59221711798297,0.12476190469968824,0.7018221098649421,4,0.15451866376877724,1937,1937,0.7807719225253739,0.7001597966244317,0.7657904145801553,0.06557822028215028,0.7037425109377228,5,0.021595475481807486
1014,0.052032190113149766,2148,2148,0.6818871608303179,0.7893074825351454,0.6766588824476154,0.10045501996484368,0.728699871251537,5,0.05770166208200385,2088,2088,0.7340575039131354,0.7887494485065519,0.7244152516251539,0.06985020736530874,0.7762130650452326,5,0.005669471968854083
1015,0.07311890458648439,2252,2252,-0.10851303881454988,0.3913310867579677,-0.0032197363841510286,0.3680819712561613,0.3986656241337109,5,0.08149531250303088,2795,2795,-0.0029967486586746084,0.43002214778951187,-0.13211143847390455,0.7276206569584132,0.3485726356199764,5,0.008376407916546494
1016,0.03172741325278775,2635,2635,0.33806384657028954,0.6269997815576905,0.3259208153375496,0.20221466000943455,0.597127879208323,5,0.035229644774587246,2504,2504,0.41954558101465067,0.6578377202348624,0.3621437265922759,0.17429050423811793,0.5743081038075527,5,0.003502231521799494
1017,0.04088877726137633,3116,3116,0.7061441003369608,0.6920349307555029,0.6792691416072374,0.11557359165431641,0.6886060013357049,5,0.04465073966330304,3023,3023,0.7693847014320809,0.774329156686413,0.7613726969581163,0.07362188719079721,0.7425119956219889,5,0.003761962401926708
1018,0.02846683185155674,1787,1787,0.6479002164999924,0.7321738898886379,0.6307231037505041,0.0649943368660209,0.6772217930497707,3,0.029838377140585196,2973,2973,0.6378089131418195,0.7494294099465364,0.6417698351133176,0.07721220408640592,0.7189790803623801,5,0.0013715452890284557
1020,0.06685882979798566,2630,2630,0.7136493506537929,0.7733604198072662,0.6904226123646842,0.07579870055472444,0.7395172819275825,5,0.07402708515452829,2534,2534,0.7514295643550959,0.7081393069059401,0.7419916810145055,0.056512326138452376,0.7085771219040955,5,0.007168255356542627
1021,0.059312486299039686,850,850,0.5997570944180972,0.563233709035834,0.5041977091299976,0.3279654534358693,0.5047194977976488,4,0.06937599597067125,1109,1109,0.6424110093493436,0.5380284187656009,0.6518702626577104,0.148691593883174,0.5984738604780386,5,0.010063509671631561
1022,0.09518057047413085,985,985,0.372610525248104,0.4781112138146044,0.3002162168741716,0.39618898786943785,0.4538932914474575,5,0.10463087357752798,1147,1147,0.4678306814626477,0.5585148094066705,0.36119972750419194,0.27551960306018636,0.5568676136727813,5,0.009450303103397131
1023,0.07519606036607117,1260,1260,0.620570008759145,0.6868978956940996,0.3705086082706848,0.4806522144632167,0.5425901879226521,3,0.07793721568751082,2088,2088,0.513414236247122,0.7172242755009528,0.47297353278319,0.15296787225687686,0.6471659652304049,5,0.002741155321439648
1024,0.09729890938446359,964,964,0.4600032177643695,0.5249210931180663,0.4480252943993891,0.1510066956867579,0.5978449704023515,4,0.11096690025111193,1557,1557,0.5689304222739006,0.7437720625052329,0.4985152899067731,0.1335963709576109,0.6545110945175273,5,0.013667990866648341
1026,0.15226934699618036,1914,1914,0.6500005966238966,0.6674471277018728,0.6286797855354698,0.12568295907289342,0.6549397509375655,5,0.19047485399262412,2116,2116,0.739438850496834,0.7717141983465257,0.733232219246199,0.029807867397333192,0.7549576197419678,5,0.03820550699644376
1027,0.12901023433321998,1050,1050,0.500594259259013,0.582395922529099,0.5028381703599358,0.21817465462334068,0.5648107013584098,5,0.1279188008057669,1393,1393,0.6258413165724201,0.6162676444004591,0.6067609339297187,0.10017993810477059,0.5881248184180188,5,-0.001091433527453084
1031,0.07996508973296543,1081,1081,0.7257949852922047,0.7090469401599913,0.7149226008015745,0.09319401558669796,0.6958006087770996,2,0.08964698766666798,2701,2701,0.7765565030260075,0.7723700914425138,0.7740821752942807,0.0831675744547457,0.7672748007168829,5,0.009681897933702555
1032,0.09681911123164767,892,892,0.20950659571495123,0.35013704122698275,-0.3137017989775588,1.0398839085839382,0.28085530717874074,4,0.10978296440314432,1119,1119,-0.8423255543266737,0.16357431623530483,-0.9205606987792079,0.5333378245286516,0.1598767886823084,5,0.012963853171496648
1033,0.06536151670807994,696,696,0.7163543615372165,0.6349139119353447,0.6532466223800157,0.15085257411848965,0.5785050564136404,2,0.06618425286329792,2308,2308,0.6285454631902907,0.5464368515975653,0.6119269529428897,0.10699984571715926,0.5388859746949799,5,0.0008227361552179818
1052,0.18061151574354045,1189,1189,0.4309443121072746,0.5268947987008539,0.5121329891608875,0.2996749329666841,0.5896299369126716,4,0.22576286896774536,1858,1858,0.5843928548404221,0.5453540997381114,0.5658748774566137,0.164849195602819,0.5987305563199941,5,0.04515135322420491
1054,0.047357045557527316,1029,1029,0.4421882631063494,0.47754799441856743,0.41527854379095125,0.12285629235230093,0.4739972604880139,2,0.04821203916337271,2293,2293,0.5945557888913178,0.6661225204772939,0.57143505232895,0.07507428524678873,0.6664881939678615,5,0.000854993605845393
1055,0.03080476306324249,1433,1433,0.5578619254907331,0.5883665580889172,0.5168643611913762,0.12606148539655804,0.5841716151375218,5,0.02871203052664527,1161,1161,0.6691091912477176,0.6352594937048638,0.5705023967174704,0.21977834833203427,0.595674226222912,5,-0.0020927325365972214
1056,0.11611727635180559,1038,1038,0.5904032864251687,0.6516173475120607,0.5313762085650217,0.17354883365867496,0.6002129880788285,4,0.11573175848943407,1595,1595,0.6632299618647032,0.7868356943220485,0.6149561958825621,0.12793810416607318,0.7247625315344536,5,-0.0003855178623715233
1057,0.10888633540134865,1762,1762,0.5962631777119403,0.6449636406694665,0.5864540266470569,0.052483854738671606,0.645007246664907,5,0.11516790008032664,1533,1533,0.6191217455224818,0.5854726918809751,0.6099735121019257,0.13929057810785578,0.646905393871891,5,0.006281564678977988
1058,0.1225283036433291,456,456,0.6201157309998632,0.699458117306132,0.669090314915149,0.11103971653918274,0.6802732685366442,2,0.1257984042934635,1360,1360,0.5827972717749104,0.6107198064115529,0.57183319245114,0.23667484516905757,0.6468970213361925,5,0.0032701006501344027
1060,0.13240711823946338,718,718,0.5537159574950289,0.7102758736632371,0.6322309692250091,0.18431608352713955,0.6739028766496364,3,0.13717896673901409,1428,1428,0.5701875551462245,0.5391045307749192,0.5471700440625534,0.0789311450637407,0.5416572676254416,5,0.0047718484995507016
1061,0.08433705944361203,847,847,0.5313493997844119,0.64391587136469,0.45633269953619565,0.2104829969147176,0.6241062017512209,3,0.09802941958337617,1176,1176,0.5803525715078992,0.6746614259902597,0.4891786265148063,0.16087261507379552,0.5999289254065225,5,0.013692360139764145
1062,0.1152968117118179,702,702,0.6800009091960079,0.6231838980539268,0.6578888019686264,0.1273891315141627,0.6207770347020248,3,0.12137275207274803,1162,1162,0.5715298339834878,0.48144419157625795,0.5839027758347777,0.12246465180031531,0.5413409363894619,5,0.006075940360930135
1064,0.1316074656139986,765,765,0.7561955023937108,0.8229176024107459,0.7145095813341472,0.07332906073210703,0.7462529721106866,3,0.123224693472093,1325,1325,0.6212871301078264,0.5449045184678474,0.5961109976816337,0.079612877577635,0.5546568056959639,5,-0.008382772141905609
1065,0.12414372974451174,855,855,0.5694304287879101,0.6313929348771289,0.4732070542421369,0.21140922527936312,0.5564560876509074,3,0.1245298468767979,1568,1568,0.5942761301706381,0.5757750012949452,0.5428178150300857,0.16746223585883993,0.5607027449759293,5,0.0003861171322861595
1066,0.11693650351530364,1408,1408,0.5772926581590867,0.677864633217496,0.5665272259635257,0.14556614772193227,0.6565728638645454,5,0.12855041555432656,1466,1466,0.5243958818161769,0.4885965245665007,0.5645494233770216,0.1791878127236477,0.5803501366232212,5,0.011613912039022914
1067,0.10811431350446837,744,744,0.6327834136286111,0.7922195330539572,0.43957972894806296,0.3202433600159154,0.7153696578452081,3,0.11252088627966654,1555,1555,0.5108841406927802,0.459981398784985,0.5343942677583879,0.16697906902960766,0.515364725847512,5,0.004406572775198167
1068,0.13497350778547215,1183,1183,0.5666608748946125,0.7743003355673164,0.5109635326630991,0.1252795537838468,0.6331746636367478,3,0.1495619476918125,1827,1827,0.6564926981423351,0.7199162519554829,0.620173123750245,0.1312613860290815,0.6685069239532165,5,0.014588439906340345
1069,0.11285579358783475,779,779,0.6635755204775738,0.7092034393353303,0.6556356446742168,0.10890110663550609,0.7053512875614628,3,0.11983051785653097,1146,1146,0.5899454497451592,0.5214107292281766,0.5144268233369529,0.11978623678834735,0.5321561291285942,5,0.00697472426869622
1070,0.10874537083972656,908,908,0.6627780308446544,0.6774908589583127,0.5581893989787424,0.17031252274432698,0.5420103136089744,4,0.1195428385527503,1489,1489,0.5096650269254609,0.4440089147526114,0.5007020357118707,0.22699253289332258,0.4679370877104779,5,0.010797467713023742
1072,0.13454601762897433,1171,1171,0.6970401915958258,0.7682716887667742,0.6635329292087524,0.10788849464340824,0.710640057628213,5,0.1513228622916822,1412,1412,0.677096496261539,0.6528339162507855,0.6164734764179489,0.07298936485457767,0.6443711656194131,5,0.016776844662707874
1073,0.1258479796888996,1016,1016,0.6720304850787344,0.7251855575746041,0.6639569002869353,0.10182199986861357,0.6945871423219296,3,0.12879709361862363,1588,1588,0.5878741262878721,0.5928332676417228,0.5904928199343166,0.07622096397459713,0.6027410867588947,5,0.002949113929724023
1074,0.10423337521508408,1656,1656,0.6053153993643121,0.5741932811548862,0.5756576036573888,0.1856098748119996,0.5319349793334499,5,0.1217324776498594,1634,1634,0.6163686384818892,0.5424036865099302,0.6375365165256811,0.08522942529654,0.6087191269484942,5,0.017499102434775315
1076,0.11603867872487392,463,463,0.4993624967157566,0.5695979203924961,0.43977198137489076,0.20650719425417352,0.4468624327044293,2,0.13520191427687392,1593,1593,0.54865815762089,0.5967941889577882,0.5405769834809552,0.10152109118965076,0.5737606598430542,5,0.019163235552000002
1077,0.10280790231322828,1585,1585,0.6848304464829075,0.6322698811203455,0.65093562087348,0.07425018404714336,0.6120011127052122,5,0.11861387131954329,1346,1346,0.6182078373632287,0.5337382538791857,0.6570066820334627,0.1323806917674753,0.5993326320719883,5,0.015805969006315007
1079,0.09909830198962492,1293,1293,0.682810204913854,0.6277073169829854,0.6805784111664743,0.05805286302977483,0.6296345264482343,3,0.10933314468573484,1753,1753,0.6567865628988847,0.5945552040609442,0.6419495951235673,0.08679220161562241,0.6153776125069536,5,0.010234842696109914
1080,0.1174272725091605,586,586,0.6430158108850026,0.7729628565093212,0.6022859374860999,0.09140473200551244,0.6842979605518212,2,0.14989439468846658,1647,1647,0.7670993290239422,0.7381166800395602,0.7294950629942919,0.11072075981927097,0.7065318998035781,5,0.03246712217930607
1081,0.10770401463709323,879,879,0.5210197467013518,0.5124681593852951,0.4683250532596654,0.08664155645580589,0.4669513374054781,3,0.11997309294759978,1433,1433,0.4745396768809703,0.45213204058695444,0.4479089743050343,0.10934338901105174,0.4463363627560518,5,0.012269078310506554
1082,0.14153877176699498,1133,1133,0.6143748865422083,0.7482446421318341,0.559379153781035,0.1658815578238534,0.7062015087465352,4,0.15978717330813014,1357,1357,0.5380552700628388,0.602495072821531,0.497759279497003,0.16026416631176865,0.5621803301312618,5,0.018248401541135162
1084,0.12379770540200354,746,746,0.2809426270399811,0.2628930850928771,0.3751897950278969,0.19828056037814673,0.46457637678641334,3,0.12871584136741007,1332,1332,0.46041954581374966,0.4866399349355256,0.5000323915521896,0.12039741562151703,0.5733161350685183,5,0.0049181359654065365
1085,0.1461183738423462,413,413,-0.11105941998078617,0.42867874702532327,0.031102854455131168,0.43096626227519336,0.4576264228720587,2,0.17248700299750172,917,917,0.4142212174436082,0.7113746957080425,0.02307635490653439,0.9351644407311878,0.4233267812998715,5,0.026368629155155532
1086,0.12017548621139106,408,408,0.5377317019659891,0.7088332231187353,0.5235115036136453,0.03353717839819977,0.708034422512994,2,0.13268923683983153,997,997,0.6297616022398869,0.6666985949902976,0.5233423806601489,0.23003745194359934,0.594396581658439,5,0.01251375062844047
1087,0.11132957001438651,449,449,0.5520877050800821,0.6820973086429614,0.45395880967830454,0.2100846457664834,0.6630011165845459,2,0.11384279625957343,1017,1017,0.7036275157286488,0.799219563575868,0.6938407945450475,0.08206918059367241,0.7536044538906058,5,0.0025132262451869197
1088,0.06435649769404433,1412,1412,0.641530288928,0.5669344080561636,0.5377915791261589,0.23341687218488513,0.5456599053675949,5,0.0782733794419433,1559,1559,0.6426383156454794,0.5081984913682263,0.6192384663333635,0.05944026502289147,0.524877069435296,5,0.013916881747898971
1089,0.06962390878978947,813,813,0.7198381613450184,0.6506373624505777,0.727900821321862,0.14910761559776542,0.6375267483622842,3,0.08370349772862698,1330,1330,0.6511682091824156,0.5453116746867713,0.6544716606511665,0.08586970111319485,0.5646509175802256,5,0.014079588938837512
1091,0.11057042382028583,1540,1540,0.608184846956638,0.6018295718659544,0.5634629965211678,0.14455232037799184,0.553705601154524,5,0.11676718418836253,1576,1576,0.6475389222309963,0.5791802398280356,0.6557817508722692,0.09920423767028008,0.5851231187900279,5,0.006196760368076704
1092,0.1664086252823472,1050,1050,0.40161952746080587,0.6110893844568931,0.33405946398938646,0.3262220181665131,0.55482264074741,4,0.23071493787738756,1560,1560,0.6861107096494214,0.8398268414849498,0.5239524496066081,0.3025580516241085,0.6795426539302694,5,0.06430631259504035
1093,0.09572301107126155,1400,1400,0.6918040863314451,0.6881237978969068,0.7196894121395326,0.11422169587200094,0.6740198895251457,5,0.11052857121935246,1571,1571,0.7180201942427096,0.6711685373783565,0.6874146949676154,0.12495227487169132,0.6464414296474261,5,0.01480556014809091
1094,0.07902518702835418,2027,2027,0.7264368625572553,0.7567713959437555,0.7085559091877263,0.09653604357238932,0.6958823617829074,5,0.08754669499498545,2038,2038,0.807341607262402,0.7592695555522726,0.7964388670816118,0.05873768056839319,0.7590205354854338,5,0.008521507966631273
1096,0.07499652936074488,1011,1011,0.523551954584182,0.6381446260081443,0.5323569921022069,0.2570197459556723,0.5648012511067797,5,0.08518249796988514,1333,1333,0.7263246972527571,0.6948371680896963,0.6723575802161235,0.143776527937127,0.679902734157259,5,0.010185968609140256
1097,0.08037879336665918,1836,1836,0.6224317058815504,0.7168169046514682,0.6650137893433709,0.22891184189843136,0.7101264783383406,4,0.09182771755839991,2015,2015,0.7868189050601797,0.866736784523027,0.7669384596225441,0.11230297686022886,0.814257380435412,5,0.011448924191740734
1100,0.33950502425432205,24,24,-1.312305342960029,-0.08505913703997847,-17.57322004388988,22.70990504129606,-0.10816509794093093,2,0.2615109226017287,132,132,-1.7334050222022381,0.013908513230867614,-5.786101336112872,8.206439760242667,-0.052159288184301246,5,-0.07799410165259335
1101,0.11338427296274056,219,219,0.5310344424199687,0.6804956602672793,0.48362571585327685,0.12420119320228981,0.5783918810611008,4,0.13234847969700148,307,307,0.5513270089563869,0.6469047479155804,0.5572724824687944,0.2213333739904559,0.6407931086202115,5,0.018964206734260913
1103,0.1103328891208529,237,237,-2.038539586034356,0.45596994809169167,-2.3695503710465764,0.46271432427897397,0.46120220114627575,2,0.1167585828318548,324,324,0.028968699365698125,0.5869837850732498,-0.03142997502970355,0.5453730796150298,0.6082043533003342,5,0.006425693711001906
1106,0.1527947564709276,932,932,0.5190127393409898,0.7417585144988854,0.3784733914577639,0.336358605324266,0.5849631501781826,5,0.15583794871736475,595,595,0.4466199175129322,0.7255478905282204,0.2614973200716947,0.5577853449571472,0.6361385888068767,5,0.0030431922464371486
1108,0.2493801765549596,202,202,0.5949696854404423,0.6993766137513497,-0.15673784189867448,1.3809461330846593,0.3374321452974561,3,0.2293590327477958,415,415,0.6442679839047732,0.631817305232771,0.6485816163995846,0.24981401058913488,0.6148661623305316,5,-0.0200211438071638
1109,0.26274958821558353,359,359,0.06558437162734432,0.562991336417944,0.03926349483047794,0.25849509554570504,0.5516479953275685,3,0.32251083478331566,423,423,0.07480716018299349,0.5756400249745772,0.04522161854026994,0.36487356055242215,0.5002748171476491,5,0.05976124656773213
1110,0.14974419393673025,58,58,-2.9240960267682317,-0.43495479144102345,-3.9422210051381765,6.390743690388044,-0.2756471099974226,2,0.12981648958073214,78,78,-1.1033690823575202,0.13596056084354446,-2.9070691554638293,2.749761703682519,-0.2891340599899756,4,-0.01992770435599811
1112,0.11603138551840352,144,144,0.3152907262190118,0.6785000201854645,0.24501301781760787,0.005372127198403656,0.5766317376138514,2,0.11062014077456211,212,212,-0.6228862410283325,0.4216565101457427,-2.252047527657936,4.828305084707415,0.39043249607224634,5,-0.005411244743841401
1113,0.19886616273568228,65,65,-1.9749476538467379,-0.305216729725855,-48.822331277232344,74.44746679934701,-1.3247489108361772,3,0.15169758532624855,113,113,0.399830707217776,0.684933870071416,-1.833940477046158,3.459241468695807,0.00924149448598568,5,-0.047168577409433726
1114,0.13136746554507636,408,408,-1.9560153385412709,0.09787312744312804,-7.73259321936102,10.668992339355547,-0.42414569800164337,4,0.14825590776568714,277,277,-5.362192386198231,-0.5490732762263222,-7.310131531572307,7.5229201641520715,-0.6120512863434737,5,0.016888442220610783
1117,0.2930618909689096,65,65,-0.644351322001792,0.3435263516320465,-0.856776764695575,1.4701657818723295,0.15924751374672377,3,0.31629670533952836,79,79,-4.967471256469331,-0.8054904885120675,-16.12552308806836,28.11163787895547,-1.4572057176090243,5,0.02323481437061875
1120,0.10504880892959507,385,385,0.11365188606362886,0.5841577377480847,0.13990437746674428,0.21748520907448224,0.5047536163730751,5,0.11805908207578543,266,266,0.1647623366404044,0.6289212849397785,-0.17286182797694732,0.6868627521036819,0.5410007550206632,5,0.013010273146190354
1121,0.1236019502542201,314,314,0.07250120836448581,0.3633365146655241,0.07983360548717484,0.30585620723560397,0.406427276683542,3,0.14316145320928175,459,459,0.21492016285730953,0.6333396607021798,0.12694744505769123,0.42216359539076304,0.5522213604654738,5,0.019559502955061647
1122,0.10527215229519897,421,421,0.06452612705647953,0.5063513366881878,0.02756115335353839,0.32220731883903714,0.47049975383879694,5,0.1223198712530385,249,249,0.17749654339794918,0.6331719233186257,0.11539161370510542,0.20061902690468628,0.5845287394025795,5,0.017047718957839533
1124,0.10851689786600169,186,186,-4.758100982173084,0.02825355812590369,-4.570685145382587,2.4037326189478407,0.15177449030055487,4,0.11528396211817103,118,118,-5.511127062307208,0.011429917378157683,-13.925431588791207,13.341233379266681,-0.1587327319402053,5,0.006767064252169344
1125,0.14553326763272445,374,374,0.09148809205302966,0.5475509115072679,0.07376892292209043,0.12809563757389306,0.5302784617310903,3,0.1398898376401063,314,314,0.0022261856957918047,0.5540232441226327,-0.28128474504446865,1.0852831634611744,0.5325179490565489,5,-0.00564342999261816
1126,0.15186569278940876,282,282,0.1311577460420985,0.5562864038717156,0.1003784291053779,0.12144233832909317,0.5259904477332374,3,0.1405911533156231,323,323,0.0998634882640499,0.5871307470051905,-0.4080911715377022,1.1086633891810298,0.3434598297673358,5,-0.01127453947378565
1127,0.08969854915153179,134,134,-47.87193976603183,-2.312660784349246,-66.43768942585287,55.30755591643763,-1.4864404688403594,4,0.11487532758878337,36,36,-48.205662121027785,-2.3265494380618126,-90.29758590958821,64.25046526237495,-2.704312303361113,2,0.02517677843725158
1128,0.17125091744456322,314,314,-0.8433698001077012,0.2633614860598721,-2.1164787111703642,2.55910707540201,-0.0028806040489679496,4,0.21243059965063685,201,201,-4.412697917023326,-0.5663521309703121,-7.480897579204772,8.473608267655514,-0.6341049320827203,5,0.041179682206073626
1131,0.15991818360377882,430,430,-0.40176755777779727,0.3362419557641195,-1.0721062212534744,1.1378830103471125,0.1769511002107676,4,0.15028207876389812,161,161,-0.541660217365932,0.3606619393620101,-0.7026946708734606,0.8648986202251618,0.23827629136026485,3,-0.0096361048398807
1132,0.16226427112993713,437,437,-0.6101257668824245,0.2384878917495702,-0.9319608708282934,0.7517267088270922,0.19003195109528195,4,0.1746869533960744,254,254,-0.20963748229038526,0.47910067627695196,-0.4899247529931344,0.6099568207625101,0.3264338170633614,5,0.01242268226613727
1136,0.12040174405510519,102,102,0.6167819746020878,0.7849582986553917,0.4489983341971266,0.256341616178084,0.6940409171807072,2,0.09929317563515284,377,377,0.32554425903586137,0.6349038432328111,0.30386953890640245,0.49551543779776036,0.6503752878503953,5,-0.021108568419952345
1142,0.14879411752106714,183,183,0.22012285007334564,0.612039818573988,-0.004804635065936647,0.547789761301101,0.5130228259070075,2,0.1276710331762974,519,519,0.5111763519897765,0.6228937385110311,0.46578952246233296,0.2924064414438668,0.613289630345932,5,-0.021123084344769727
1144,0.09539753486838957,433,433,0.47467194127445744,0.5551871325134605,0.45505005789919933,0.18034136591161007,0.5268646465360958,2,0.09194408933992414,1207,1207,0.607296501710836,0.707654911914487,0.5902744567974707,0.20534962529022385,0.6644174389966924,5,-0.0034534455284654375
1147,0.14049123130738736,100,100,0.5341274388502492,0.7558087391793865,0.421718229252704,0.27946410249939496,0.6812445780702232,2,0.11542904847916567,477,477,0.2356027692686854,0.5680736228223577,0.30239744947461905,0.27398734145138864,0.576084213584803,5,-0.025062182828221688
1151,0.10006749623096334,1002,1002,0.5182818486339753,0.7651969802835231,0.33773940978848416,0.4351429572635078,0.5822448320619522,5,0.09948897288612477,820,820,0.4876419498728368,0.7101315857414178,0.4620959378160987,0.2821776513249708,0.6661894116378954,5,-0.0005785233448385718
1152,0.10728705442217115,219,219,0.4940326276769115,0.6234789772946989,0.29852402525523924,0.4305353189179399,0.6336832592290654,2,0.11826748502426199,512,512,0.21768739770545553,0.5897127227572987,-0.8434150792806909,1.9881095466507017,0.46545610196660425,5,0.010980430602090835
1155,0.09809965976278916,214,214,-0.2760424409011213,0.28528040714004843,-0.6201637373256034,0.7893350600730117,0.177395533752591,3,0.11847155936062335,250,250,0.057374433779253775,0.5422201127238266,-1.2535413686071335,3.0000698634883833,0.1804140216575143,5,0.020371899597834198
1160,0.0990254675870818,1246,1246,0.5737537481665136,0.5497599637218515,0.5853791875377152,0.12292882445727477,0.5415534789866769,3,0.10416534483232542,2121,2121,0.5781138607561624,0.5774139415589727,0.6168632497321693,0.16767048947367455,0.5812518167850985,5,0.005139877245243618
1161,0.10314218904342727,698,698,0.3892628456343984,0.3978301196062285,0.36839820731974876,0.1493935045346722,0.3816857796085639,2,0.11072307685946915,1589,1589,0.4897992950532206,0.4446016268479491,0.48837885207256254,0.15140239768736483,0.442577533225887,5,0.007580887816041881
1163,0.09893237860067622,1001,1001,0.7661709770117027,0.8003440944355985,0.7976634737859744,0.08480108875571787,0.8187214926210187,4,0.10891709192579561,1889,1889,0.781181226778419,0.7842839851134097,0.7885668714733365,0.07731694510642764,0.7733969370434643,5,0.009984713325119396
1164,0.09432372157779338,1071,1071,0.5766828085225714,0.7041204916447006,0.5124892157846916,0.20915924185305843,0.6544216193165464,4,0.09562711955446918,1462,1462,0.6817013540881065,0.8022904294100475,0.6718916140076818,0.0570157233897894,0.7385108871631857,5,0.0013033979766757936
1165,0.0846684498020012,842,842,0.5283572555787147,0.57482826691514,0.5437746818740613,0.12957075680812807,0.5639715011011514,3,0.09248158565932181,1838,1838,0.7791292709511327,0.8124609798460651,0.7543095016968916,0.05400781055679455,0.7684728296318774,5,0.007813135857320616
1166,0.06558127038098954,364,364,0.10350618944346723,0.5313304649635131,-0.00409843416612149,0.5262239328902897,0.47761060150856954,2,0.07517674474093394,975,975,-0.201951925245059,0.45972658035783187,-0.16663764155852315,0.8459279177751581,0.5321776775785271,5,0.0095954743599444
1167,0.08553970160979185,1598,1598,0.7036636809247228,0.7816438093759844,0.7025579719643835,0.021099467996401725,0.7552193836488632,4,0.09748873304332363,2220,2220,0.7277881734401076,0.8115752265440619,0.7142762480459045,0.10003308538839406,0.7690511812798134,5,0.011949031433531779
1168,0.11426155513104402,1201,1201,0.6983436143500438,0.7704802024501285,0.7071157759944214,0.06491753955191815,0.7579538263890945,4,0.14334369447249432,2251,2251,0.8121693296131234,0.8579471850628921,0.8012540142365573,0.07035942213942496,0.8347683104620964,5,0.02908213934145029
1169,0.1028379226172016,2091,2091,0.5264244634355577,0.5146597466587933,0.5282603730875562,0.17048561855744263,0.5078093015062335,5,0.12601650498403014,2395,2395,0.723918444009964,0.6780045498512552,0.7011594113885437,0.11542443998594928,0.6587383840650387,5,0.023178582366828543
1170,0.10320310327235875,1628,1628,0.7340658518738061,0.7028964928590367,0.7339903418663207,0.05116112588191096,0.7024598668548685,4,0.12657052659620202,2238,2238,0.7975803765647229,0.8301744696787987,0.7854873944339205,0.08502209253739403,0.8069126764556547,5,0.02336742332384327
1171,0.11244745432147638,1329,1329,0.6224681694381282,0.6691673109499882,0.6017164783183355,0.13198505145452782,0.6162280701168936,5,0.16705626835398243,2126,2126,0.6886997833951691,0.7583269543111861,0.6798751738370006,0.08152773011243206,0.7336997819907667,5,0.05460881403250606
1172,0.09518057777288746,940,940,0.628199756209978,0.6321265529118465,0.6296291394099383,0.033686831875721496,0.6292253098783998,4,0.09605227279494293,1386,1386,0.7450888662065218,0.8027003981397913,0.7385884131242276,0.05380460424753641,0.7543177373590351,5,0.0008716950220554603
1173,0.10106310149369475,555,555,0.6547272841848868,0.6737534623907032,0.6309858383498649,0.18771940112219196,0.656696882234374,2,0.10044903442348269,1760,1760,0.772330199535175,0.7379300485017215,0.761315729184778,0.044401310437916904,0.7350487435033953,5,-0.0006140670702120682
1174,0.07449323288893539,1598,1598,0.7411189371090442,0.7351905230555146,0.7407422714987191,0.07123315949652048,0.7031144103555377,5,0.09487885986313675,2145,2145,0.7722044714803478,0.8011704371097658,0.758995274288282,0.13406902523773095,0.7474702859077998,5,0.020385626974201362
1175,0.0868625677428321,1074,1074,0.6146904356175734,0.7795833956122231,0.5459516886600017,0.13322803611483763,0.6517142139687584,4,0.09766872852862657,1653,1653,0.5665896371800512,0.692006188361068,0.440484806834532,0.33213201326019937,0.6298429183977813,5,0.010806160785794466
1176,0.11206449724983887,1311,1311,0.5938929914543734,0.7648122430873335,0.5597379701352833,0.2888957267071662,0.722653295322121,4,0.12349884928518731,2084,2084,0.6661315220735571,0.7993612811704756,0.6653195061966818,0.12277100280209266,0.727355625310442,5,0.011434352035348441
1177,0.10277296535168905,386,386,0.6343471539970804,0.6369371667950954,0.6101343504150964,0.06188664777113716,0.647498964176453,2,0.10106479295643207,1105,1105,-0.04441378735699164,0.42966812261499787,-0.17315946518826167,0.31678844965884834,0.37054031874248944,5,-0.0017081723952569738
1178,0.07578167454351473,391,391,0.5014999897066087,0.5912392923259797,0.380472405710937,0.4711392399296945,0.5058903922262845,2,0.10036603416675126,1204,1204,0.689360468025694,0.8285720612000719,0.6497834795127677,0.20134852664307928,0.7246495573561489,5,0.024584359623236532
1180,0.06443713840704653,509,509,0.8237020976701958,0.778073318247418,0.8028806225272321,0.0261645987894103,0.7483684387194532,3,0.07154188579387914,1212,1212,0.6755885224930154,0.7207855809133479,0.6793260920057881,0.06514439270880538,0.7055861732205575,5,0.007104747386832616
1181,0.06813630019114217,1162,1162,0.42252695817611674,0.6333034623323806,0.4152878726067061,0.18487494336287405,0.5518686311092866,4,0.0821684412647577,1751,1751,0.2927242893212316,0.4894707742551151,0.13687032977063715,0.31292440468559796,0.41449166876140814,5,0.014032141073615528
1183,0.12031446677717758,1466,1466,0.5212594207911204,0.534854756546655,0.5335402324733609,0.20802656256114763,0.5414823041165122,4,0.13696095020289428,1940,1940,0.5817523224277794,0.5828603483991616,0.5854260948586724,0.14584867280091396,0.5671236965101786,5,0.0166464834257167
1185,0.10613707463470334,1790,1790,0.6597714182507541,0.6637151620699105,0.6228957019720123,0.17580850784546376,0.6296164560658607,4,0.12850711080429883,2174,2174,0.7494288940903027,0.8082213005914785,0.7208256097718287,0.09375076300957517,0.7575244494410596,5,0.022370036169595486
1186,0.07754289953269228,1370,1370,0.6822982727757227,0.7591191245426883,0.6850714311472197,0.12417681695156703,0.7439715697627486,4,0.08987409308972212,1865,1865,0.7844344801225948,0.87262687989682,0.7732660573511239,0.11840564088035406,0.8053162783340773,5,0.012331193557029843
1187,0.1038595150335469,1162,1162,0.46842537689261077,0.6181587682814047,0.4083211073519339,0.4248586770333297,0.6034607642403718,4,0.12185047827851211,1763,1763,0.6546547868888165,0.7979279099814647,0.6364217032506657,0.11152772367817537,0.7659459150856914,5,0.017990963244965213
1189,0.08702245047809977,1018,1018,0.7161171599636477,0.7191990146358829,0.6422964350121702,0.125580471306683,0.6373373665759559,4,0.08952427608945358,1756,1756,0.7112869329479086,0.7739124668498844,0.6946518123847989,0.06815157342958894,0.7330166318939024,5,0.002501825611353814
1191,0.09223736506663312,2263,2263,0.5408632860968385,0.5359112140689801,0.5168740738894012,0.12631476992777566,0.5291359154585724,5,0.10858966363399748,2398,2398,0.6321794649229526,0.5575866729872279,0.6238604866621549,0.12685596121920525,0.5381579256484779,5,0.016352298567364365
1192,0.11315691325380642,1222,1222,0.6093707726056414,0.763514477831877,0.5643017502060036,0.1847407945997927,0.7187149827554271,4,0.12704753515353606,1602,1602,0.6873310358809819,0.7464521104740551,0.6481669689261733,0.12157918441422368,0.7184195409812115,5,0.013890621899729644
1193,0.1410721582954585,1121,1121,0.5009674674058715,0.5587417893016392,0.1903290344631296,0.7002468756284296,0.5286236791380219,5,0.17732546299976787,2096,2096,0.7034982628237595,0.7012877438961926,0.6980370943896005,0.09103849849696397,0.6903634199666685,5,0.036253304704309375
1194,0.09609951391540192,675,675,0.49854547052044773,0.6894454265877055,0.49210554639926146,0.13521176309557703,0.6570179998166825,2,0.10825867675451518,1658,1658,0.5861130672444427,0.6948763299562131,0.5456578913938086,0.13747882336195844,0.6586138850791385,5,0.012159162839113266
1195,0.08259210518449864,1404,1404,0.7874394867376661,0.8754413544475166,0.761806271409359,0.08333943272552234,0.8333738213883402,4,0.09469783489801853,2054,2054,0.6839017878989841,0.790648006796884,0.7072089606765872,0.16270842041145067,0.7610802173744627,5,0.012105729713519892
1196,0.13438280665102492,1245,1245,0.6921205058981625,0.6798746255990784,0.6479048433575869,0.10840944653183485,0.6659761688233989,4,0.14496843082489358,2218,2218,0.7565198529609678,0.7260195302622504,0.7583897417567502,0.06588994036459218,0.7245422290945387,5,0.010585624173868657
1197,0.0917218442181192,1201,1201,0.6651883140960779,0.5723582763910307,0.7092001348215259,0.13583054749397927,0.6038977998809234,3,0.09996776233147589,2318,2318,0.7584576789396309,0.6924812885136891,0.7491914125123781,0.09435916304928728,0.6777050821030972,5,0.00824591811335669
1198,0.10150587393953237,347,347,0.31449501326234586,0.385827532412084,0.165673702666744,0.3834708064684774,0.343826435473902,3,0.08937011751336883,1386,1386,0.6431324333136789,0.6777879925731842,0.6132176866239136,0.1103170083014941,0.637987058039929,5,-0.012135756426163533
1199,0.1059810793858308,325,325,0.6446929788984566,0.6735757489831421,0.5618994183182291,0.21423073952988686,0.5661122868937365,3,0.09790381469780866,1147,1147,0.6846912045361042,0.7610075024069727,0.6566108232397916,0.10628861045669731,0.7212978189869991,5,-0.00807726468802214
1200,,0,0,,,,,,0,0.07730502552779701,768,768,0.5653246126199852,0.6207338838315657,0.5067947441473503,0.20845546561430597,0.5772635253897546,4,
1201,0.11161396189886068,362,362,0.40208276304230717,0.5222218234803008,-3.8274280088338792,7.3127041689710905,0.3764564694143746,3,0.11764487569411117,1245,1245,0.5654450242087252,0.5492789303403127,0.5628867555096729,0.11524769259824762,0.5270436932371678,5,0.006030913795250489
1202,0.07001496905253993,45,45,0.04046986544126685,0.22520087608825023,-0.19271825259891306,0.0573778886103897,0.17608228841604795,2,0.06533455846025038,1012,1012,0.5551562533142427,0.6440480623125597,0.5269433894713507,0.13369785188341232,0.5599036464274153,5,-0.004680410592289547
1203,0.04622866807039827,96,96,-0.6161181675952814,0.11482159303121942,-14.799920036426897,18.491355419737125,0.13165344015291258,3,,0,0,,,,,,0,
1205,0.09253424851016866,252,252,0.4680555133948091,0.575085916746237,0.443021757382259,0.41413624733346543,0.5083442092167826,3,0.09375481863534486,1347,1347,0.6654770282946704,0.6862136395838306,0.6565477524506749,0.14186785021052278,0.6592103805008025,5,0.0012205701251762069
1206,,0,0,,,,,,0,0.14728487055772022,1278,1278,0.643932402441733,0.6463346790429306,0.6622966979854519,0.16525132494587647,0.6279620303880156,5,
1208,0.09954599624401644,152,152,-0.7004403271273101,-0.19212471476335757,-1.8994716496808313,2.2443203042890674,-0.17791457837938127,3,,0,0,,,,,,0,
1209,0.0809564838076339,34,34,0.6859548145299423,0.599267276204233,-0.0887692511447804,0.9836083913422484,0.44607544165229934,2,0.06384457572211107,361,361,0.6206102600542107,0.6726622567590845,0.6582920752115139,0.1263690538359596,0.6972341972641111,4,-0.017111908085522834
1212,0.18104766418424542,488,488,0.44044013458274656,0.48864227663822457,0.158070890008725,0.32933584651820624,0.44640565192504766,5,0.1409208270687359,193,193,0.5929991611852706,0.7840452779177086,0.5440814036181463,0.10717003104305863,0.6838754231408941,2,-0.04012683711550952
1213,,0,0,,,,,,0,0.11737875579448614,868,868,0.6279569959263036,0.67371124291605,0.5482931843184321,0.20240728681538453,0.6382242147396593,4,
1217,0.0721229434297499,354,354,0.7715862555736699,0.7754906502300145,0.7573005655657419,0.07809656416176802,0.7490122666450284,4,0.056287692172022966,260,260,0.7212109638503343,0.8446976830435938,0.6922641937741155,0.14120361070129575,0.7577399775893451,3,-0.01583525125772693
1218,0.06887248609901259,380,380,0.7673001961556867,0.7817529831961569,0.7648331762403355,0.09747296654679523,0.7713335152185455,4,0.06647177641782823,426,426,0.7162511474133264,0.8497464343619754,0.6799235921077955,0.11072633649807727,0.7704268469378384,5,-0.00240070968118436
1219,0.05327588908165415,107,107,0.8112750202401451,0.6835666589596523,0.815894858927095,0.06277587489091031,0.6929823688388057,2,,0,0,,,,,,0,
1220,0.05869423660652368,363,363,0.694666965560327,0.824096305490124,0.6973838308629475,0.10743799888105642,0.7406594520867948,4,0.06731930618078853,312,312,0.395141457016257,0.7098796968118082,0.005573970036830555,0.8411440352211127,0.6612324306595754,5,0.00862506957426485
1221,0.06827039069532295,283,283,0.4831356464783464,0.6787265205446193,0.34148479970305756,0.25411376964377036,0.6245938409802042,4,0.06481237669261948,384,384,0.2691992739851289,0.6586540659451133,-0.22600846979989817,1.4181349136940413,0.586572486476682,5,-0.0034580140027034717
1222,0.14886392066922516,321,321,-1.6190642880504078,-0.1439818547736318,-1.7553510558821273,1.0225799491410623,-0.10105286507868605,2,0.1296655945875616,706,706,-0.08410373037339647,0.3469045678508921,-0.17929961279812856,0.8799821084475791,0.3533640639408848,5,-0.019198326081663553
1225,0.12080278399993073,528,528,0.6753999512264937,0.654571744130038,0.6696753571363204,0.026863813267000724,0.6393357541991294,2,0.1268872518561464,1366,1366,0.5565891617265447,0.5472214533997558,0.5447429165889304,0.11760503988873867,0.5407211486567013,5,0.006084467856215678
1228,0.08916924581474935,288,288,0.6474415919738168,0.8215507202728245,-10.743725383915647,19.71176649695899,0.7727888613909694,3,0.09549865577201146,618,618,0.7421743306945804,0.8718007991450605,0.7477299631514106,0.06088204211143508,0.8192384165030052,5,0.006329409957262111
1229,0.07514639752606551,150,150,0.28463392124197784,0.47986296170535636,0.057101507389685204,0.624173667911473,0.36921834362550865,5,0.08571108309404245,189,189,0.35787325451088015,0.6809078440185692,0.28706992820956023,0.5309937152216193,0.587957812573839,5,0.010564685567976934
1230,0.0870221355097725,47,47,-2.2368292788935884,0.07890050745303434,-3.0967673641991924,3.038800815221433,0.10656857165937311,2,0.0857291503167217,277,277,-0.21287749537173162,0.40408749657370135,-0.4594985638558793,0.44359276532360165,0.4482318554562001,5,-0.001292985193050808
1232,0.08268323224389328,159,159,0.11052415356051637,0.46276765895537875,0.005849702140328178,0.3251177107897628,0.40868370037231105,4,0.10920590966575372,327,327,0.306177956955062,0.42254322894178686,0.35032377427630423,0.22596295692819693,0.4812563849432981,5,0.026522677421860444
1233,0.0767367278104243,322,322,0.500967002564847,0.5540990095622212,0.5044256432467303,0.049804698651306246,0.5834561637972047,5,0.08704112189574333,316,316,0.7098014919154938,0.7550027565614061,0.6719816807956102,0.05823695687642131,0.7363167686430837,5,0.010304394085319024
1234,0.11820327892999187,299,299,0.5188655965865516,0.6901935303633212,0.505187144536658,0.1756464364798419,0.6038318518894596,5,0.09463245028143262,222,222,0.5215512286899171,0.585219549595557,0.34252671159886977,0.49390455122103605,0.5926959958761431,5,-0.02357082864855925
1235,0.10036256075115271,71,71,0.3348488514021072,0.6607593165234333,0.3205001402667111,0.03539199349536936,0.6485892881781015,2,0.08232104202939404,180,180,0.3829535889645105,0.6183110160228249,0.05840816541408953,0.41583557351740447,0.5170886661349299,5,-0.018041518721758673
1236,0.09360223820123485,343,343,0.7317347309633819,0.8207162612608678,0.6794284075062513,0.06629416619613085,0.727296760350939,4,0.08092549060345718,467,467,0.5776881161288336,0.778081148582505,0.5417696551128468,0.23373282676126778,0.6712113924393439,5,-0.012676747597777677
1237,0.1700271475555855,229,229,0.26828181524364725,0.4558776992928817,-0.2115146887441033,0.6986739159905309,0.26222908834919834,3,,0,0,,,,,,0,
1240,0.07541439648264565,148,148,0.6055259915623679,0.6134005345587947,0.5355201493133401,0.11002480950474851,0.5222880948011369,3,,0,0,,,,,,0,
1241,0.0854054184940954,252,252,0.5785473752723087,0.5233241840564071,0.5883707730663439,0.09982293998516571,0.5503216364913615,4,0.0842613908188308,102,102,0.26982442698779596,0.38888363008260696,0.4729950043375185,0.3664366158499849,0.6126417753700814,2,-0.0011440276752646
1242,0.08842160951139198,252,252,0.5657530696000076,0.5341580369716854,0.5605049292144257,0.05588599871092393,0.5557073787489778,4,0.09296218515538428,707,707,0.4643208953038226,0.5832216858891883,0.4419034384300925,0.21455512459972234,0.618206561122598,5,0.004540575643992295
1243,0.09835505293229142,185,185,0.3043431939006711,0.5097922346608084,0.35743066975560467,0.16130076858399348,0.5596523526299054,3,,0,0,,,,,,0,
1250,0.17058568784139222,216,216,0.2945119864040636,0.43912466158430163,-0.2905101183354803,0.9803908077612308,0.2464850920977233,2,0.1296041500104486,265,265,0.6396934676679453,0.615394400673392,0.3387571581940064,0.46756984839939286,0.33888864142911596,2,-0.04098153783094363
1251,0.13674646415020855,583,583,0.5164749869930922,0.6370923713393247,0.3808559702237697,0.4034576319416856,0.5216679794524475,4,0.153554787828932,1042,1042,0.6005329249100069,0.6242550242413811,0.5841863335178156,0.09173493646604759,0.6208929091371258,5,0.016808323678723452
1253,0.10537621283010971,338,338,0.3241439693219863,0.659427206987685,0.25400183443131524,0.18021660787623986,0.555971110888033,3,0.08742792962584645,240,240,-0.05891794173122267,0.45390049533950316,-0.36434813109103054,1.0963925083446242,0.40531346561250076,2,-0.01794828320426327
1254,0.10676169175566477,338,338,0.33642742156022054,0.6677228043420216,0.2642246541938304,0.12250402010085017,0.5675848082788119,3,0.09982548541559051,1076,1076,0.3322049216643167,0.6514439119212998,0.11694430894015136,0.5986149511730837,0.49359157370367013,5,-0.006936206340074261
1257,0.07384075535307254,133,133,0.4675439953405004,0.5990757852318822,0.37320134712058906,0.06298983555066438,0.5511327855008629,3,,0,0,,,,,,0,
1258,0.09260832985961123,190,190,0.5905058423825955,0.6277277842064477,0.5126153262184294,0.25283805432333245,0.6089084172203657,4,0.08882126272185811,307,307,0.5136253112723665,0.7161838698769518,0.2994246474051895,0.6044907566001736,0.6277836558006367,5,-0.0037870671377531195
1259,0.08450411510483552,186,186,0.12568831798571434,0.39334922660619176,0.12568831798571434,,0.39334922660619176,1,0.07236326158866842,268,268,0.36487883298768164,0.48522323079635454,-0.021764806045463436,0.9597261488112896,0.4619806580400687,4,-0.012140853516167102
1260,0.08890055173066674,186,186,0.027091665733317005,0.3223223661570509,0.027091665733317005,,0.3223223661570509,1,0.08153846831717616,373,373,0.32307388332850084,0.4832710306681214,0.009184257374232651,0.7953902728966995,0.4817522364479746,5,-0.0073620834134905805
1261,0.21578232620947094,241,241,0.28508011164429603,0.5630808095747062,0.32100080889444566,0.17344274800531764,0.5321929890247382,2,0.20882394553341888,570,570,0.6100285618388712,0.756977666841862,0.5524684221928673,0.1646309988188639,0.6910454338971782,5,-0.006958380676052062
1262,0.09224466294464138,90,90,0.5762151486495304,0.5243850495378563,0.6576174324638875,0.14088165318767668,0.6376863753264497,2,,0,0,,,,,,0,
1264,0.10473225630530855,361,361,0.5997262132369066,0.7014275669207783,0.3204450102321537,0.5091325527900777,0.5255849998403431,3,,0,0,,,,,,0,
1269,0.0619946949679507,218,218,0.5906751164621935,0.7817751021830985,0.41834947380714455,0.30502204782319714,0.5875662440113377,4,,0,0,,,,,,0,
1270,0.10998722262166698,145,145,0.5507940237020181,0.7002622073108606,0.5507940237020181,,0.7002622073108606,1,0.08179289986804614,368,368,0.6796088861226266,0.7126695999113846,0.6431688847666175,0.1919413473214632,0.6790357561315229,5,-0.02819432275362084
1271,0.08535664712405758,453,453,0.656034103790775,0.7312599466685468,0.6686605347351479,0.11917675407446768,0.7110437229568335,5,0.07770006874047998,335,335,0.7444649815867506,0.753695480379997,0.7206914294073764,0.1484630112492264,0.7137244564823643,5,-0.0076565783835775975
1272,0.10462217405438423,6,6,0.37169090182648146,0.26793194151208144,0.37169090182648146,,0.26793194151208144,1,0.1655102012131144,85,85,-2.649838015788534,-0.2318253077111958,-10.592821803161353,14.027732025140171,-0.6232308558019773,5,0.06088802715873018
1276,0.11389085485941113,505,505,0.45973484121794117,0.5838296504851461,0.4162512095090657,0.28724195881939024,0.5724660895735157,4,0.1241077780331436,95,95,0.7813633696777317,0.8079856409298116,0.7813633696777317,,0.8079856409298116,1,0.010216923173732476
1278,0.11983597850885944,69,69,0.7199088892090766,0.6456738058864933,-6.1783005943692695,12.898534217487386,0.22644145954441214,4,0.11999990256889811,53,53,0.7677044040922474,0.6838239803503428,0.7677044040922474,,0.6838239803503428,1,0.0001639240600386782
1279,0.12733923152521037,69,69,0.7065577246282881,0.6213291919798953,-1.4890291745101116,3.4279118950655922,0.3013077692288213,4,0.11854492630089186,362,362,0.5559131797116871,0.6516854609877807,0.4857454819536694,0.2235215615164963,0.6191542673148624,5,-0.00879430522431851
1281,0.18693732711260264,354,354,0.6400350282597607,0.6640924086790612,0.6354441936421872,0.04180787822360433,0.6630992232262773,2,0.2141188674424527,845,845,0.5189956125052477,0.4969797200491688,0.49070211966588806,0.1604289653002036,0.5117966070193696,5,0.027181540329850068
1283,0.08835889986731152,374,374,0.48656381434605234,0.5969836023373304,-0.1051934054347057,1.1920626176483624,0.3377562115738707,5,0.10982086484316532,237,237,0.6048189694784484,0.744516652346839,0.5617478588682291,0.1101500699606592,0.671471414461356,4,0.0214619649758538
1284,0.09191094968844665,356,356,0.47036540750564493,0.5678119102301951,-0.12252016900953369,1.3487682283424154,0.3523230206494671,5,0.11443289834731273,339,339,0.6966192286903925,0.7579687753973694,0.6462140881361587,0.1110486805060976,0.6697845907576319,5,0.022521948658866073
1285,0.05209264283378919,3,3,-402.463872803961,0.5538286273446995,-402.463872803961,,0.5538286273446995,1,0.11845519642035167,3,3,-43.80856994296107,-1.2702339934416194,-43.80856994296107,,-1.2702339934416194,1,0.06636255358656248
1286,0.05474698171019554,3,3,-488.6029745623207,0.5611684065229581,-488.6029745623207,,0.5611684065229581,1,0.13473297908711127,78,78,-0.2346399312629177,0.3012330650539079,-13.591708311520751,24.596421704809423,-0.16154445183012098,4,0.07998599737691572
1296,0.09187716579153424,210,210,0.37894185210804054,0.6949098602086028,0.357493904740339,0.11349851436994922,0.6432284925522171,2,0.10023936563598354,757,757,0.7020300572317679,0.7698442483375947,0.6816944232563037,0.042659546251030744,0.708168978743583,5,0.008362199844449303
1297,0.07291013619719822,829,829,0.6481848327840827,0.6887986165597595,0.6676514141653461,0.07016317096171312,0.7069770940532949,4,0.07489224446851243,994,994,0.6393260979317592,0.7317494206834916,0.6452584445245518,0.17632792548685453,0.7399863205261438,5,0.0019821082713142174
1298,0.08202465515928974,723,723,0.4989562144127634,0.5963242569015672,0.470519315001693,0.09447211939757531,0.6044931938749688,4,0.0886526593678483,1046,1046,0.6163398683927855,0.7582462689670308,0.6081706135908744,0.10146101316630068,0.7419244637360464,5,0.006628004208558566
1300,0.07598482390696353,220,220,0.7041888557321916,0.7917269840726805,0.661041922336425,0.040666577701273694,0.7785194265980917,2,0.06727480415380403,979,979,0.717796757082004,0.8042865371148382,0.7294427128963159,0.05095132015120634,0.7846155874004525,5,-0.008710019753159493
1304,0.08206725550970959,1689,1689,0.07033681775134493,0.13800349551963942,0.09456575507447533,0.24846264377769653,0.13489318852558765,3,0.08865223403503825,1703,1703,0.06006447329592701,0.06249668318279655,0.031246433693739167,0.07597923448106177,0.07216133220128351,4,0.006584978525328661
1305,0.14597320432146696,1173,1173,-0.40987479429971985,0.20620650678245456,-0.657757317910988,0.9936701785396616,0.11949421790747446,3,0.11644839566066727,1110,1110,-2.6577854608655613,-0.6578290444390105,-4.516435724144504,3.2534998609551793,-0.784421397429643,4,-0.029524808660799692
1306,0.11359999470144816,584,584,0.6056863794304472,0.7929852317882033,0.4621903797630088,0.4322829509726547,0.67732741039809,2,0.09575041968697215,1644,1644,0.6100009736074492,0.8060818844916782,0.5793381066900504,0.1868468164012197,0.7084316828320573,5,-0.01784957501447601
1307,0.08919557524012758,1410,1410,0.19432224816734234,0.5153157842061291,0.195585997424159,0.1871011954721565,0.5095187582217052,4,0.09643894625357545,1565,1565,0.5629738254726149,0.6132956376429759,0.4747944438574496,0.3029875969248243,0.596585061167669,5,0.007243371013447866
1310,0.09281497607972292,1564,1564,0.6708239470665311,0.6031457453184876,0.6730187713828363,0.05294455706480577,0.6011640974307361,3,0.09082309121322048,1961,1961,0.7160536567220781,0.6257281935412515,0.7164792843559763,0.041526947010977415,0.6417413936931955,5,-0.0019918848665024386
1311,0.08790511524012266,1936,1936,0.6452144886656632,0.6185785577054808,0.6547186830287354,0.09506336936626592,0.6070769711823676,4,0.08899594061356438,1864,1864,0.7502085211967673,0.6691910693386843,0.7366415996887724,0.031153678870974665,0.6823581610179064,5,0.0010908253734417117
1312,0.09960886821340892,823,823,0.34832316739113944,0.4884992014366364,0.41148526750382103,0.19544355086485735,0.5055566626732272,3,0.09945425861760189,342,342,0.5796154290374167,0.5548920219729037,0.5813259006207813,0.028579940070947888,0.554535096230795,2,-0.0001546095958070287
1314,0.07435601580295632,981,981,0.31043431995718407,0.46716882403697446,0.3240334470590963,0.1248654792386228,0.4801503634751484,4,0.0767301961540754,1201,1201,0.514944469584355,0.6992374193147393,0.4798795816120821,0.2438034977109449,0.6591224463136067,5,0.0023741803511190818
1315,0.07121864596019693,571,571,0.4836386974030157,0.58340989599321,0.5015958934420962,0.13672472815858205,0.5704964253723598,3,0.06559271535621543,946,946,0.5462853692291081,0.608467382611904,0.3254211443449312,0.4800971842603693,0.5894885255717075,4,-0.005625930603981505
1316,0.0455913409659708,270,270,-0.6908133173903495,0.5070504200816375,-0.7903321777414041,0.1120896233871758,0.4820665269673674,2,0.04895080951927554,1007,1007,0.5015694967458451,0.6624638907295349,0.15953780401814685,0.8810708331395185,0.5962243421121829,5,0.0033594685533047397
1317,0.051918468501300837,663,663,0.5603332876839284,0.7013572270203927,0.5531576244286919,0.020544253143864096,0.618727357542571,3,0.046609448662329245,1532,1532,0.7188883261449551,0.7457290875963212,0.6987059375575615,0.164427525908424,0.7293002853343897,5,-0.005309019838971592
1318,0.06027657776333702,576,576,0.3709826123484026,0.6664012026709671,0.44227207834583526,0.3023645281610846,0.6157665915745381,2,0.05314589200814249,785,785,0.8231470302457087,0.8637452685347505,0.8280716861398988,0.025857536746941714,0.8637633279425668,3,-0.007130685755194537
1319,0.068559493701905,500,500,0.4716774912876698,0.7090663784206965,0.46995567799736787,0.08657085153394904,0.6940034836868547,2,0.07051376092793613,1189,1189,0.6122177615851621,0.6914315093894003,0.2970451125500775,0.7090671261150779,0.644859540351645,5,0.00195426722603112
1322,0.2889378342245306,728,728,0.5866845835568286,0.5592758632025725,0.5885099754750276,0.07958837910348424,0.547553344738448,2,0.25203547280362965,1652,1652,0.6795251692218991,0.6392779100505824,0.6706817558633629,0.08066329909239822,0.615489592109898,5,-0.036902361420900975
1324,0.06031667992497401,301,301,0.5426466673131293,0.572342222350005,0.5569880682122622,0.08173739757047016,0.5843805880217053,2,0.0733868520165465,1094,1094,0.5543373899382251,0.5902562837255325,0.538938813506791,0.20558956651713503,0.5832453950716784,5,0.01307017209157249
1325,0.05664947832339985,708,708,0.22229620458157873,0.3681442872153169,0.18262054959963037,0.3394923699501116,0.39036003371500044,4,0.07067964211537986,1165,1165,0.27130320818239695,0.4064348469413559,0.2614167562260957,0.37351006670418624,0.42865741778346467,5,0.014030163791980008
1327,0.06706817296166682,1233,1233,0.5850233957932987,0.5761323234006137,0.5907139731789618,0.08456860666040739,0.5631460451477786,3,0.0757680366093053,1639,1639,0.643759382304864,0.6209412114128092,0.6355002403605009,0.14605609101089653,0.6553344389025209,5,0.008699863647638473
1328,0.08438985527059827,359,359,0.6407949876582417,0.5697127772597937,-1.9083955059101523,4.434165109897474,0.5935538557166358,3,0.0803372900517005,197,197,0.5872080577557914,0.6743572997219489,0.6318629902337802,0.18322017841315913,0.7059533337409203,2,-0.004052565218897769
1330,0.09274245161385763,1575,1575,0.6327530620283364,0.6592547634747512,0.6414892248934748,0.0607211835528323,0.6640917927247939,4,0.09569296247141412,1823,1823,0.7152481054026562,0.7179215423416437,0.6924373461913085,0.061014681277026556,0.7186646441209603,5,0.0029505108575564876
1331,0.09764539293822024,546,546,0.5583615607412756,0.7828230484455112,0.5151486501633502,0.11886639337417654,0.758025090415775,2,0.10104283863520921,1595,1595,0.6450188555091803,0.7733214813291122,0.6352204889151062,0.03649923164644557,0.6864458405025238,5,0.0033974456969889794
1332,0.08779381196592488,1423,1423,0.6735796955181805,0.6484076143584707,0.6568962770813416,0.09080510074114206,0.6339159416184053,4,0.0955809759579494,1704,1704,0.5939515366831309,0.568849330975953,0.6005318059754954,0.25993123224784376,0.581462502073166,5,0.007787163992024518
1333,0.1242170836323076,1027,1027,-2.6729227299134672,-0.4544339907056587,-3.488427618216317,3.193394907940111,-0.6761124126592112,3,0.10510597515071854,1128,1128,-1.5112733828525076,-0.309672060988196,-1.6530003171660477,1.064859909631383,-0.26379324722225117,4,-0.019111108481589062
1334,0.10533754245136956,1657,1657,0.6341706775320975,0.5362953675923954,0.6000804818784553,0.09973265521674415,0.5280120025791352,4,0.11406152365395648,631,631,0.6590056131373263,0.5594699561740046,0.7060010659848718,0.13055138607653233,0.6080310201803105,2,0.008723981202586925
1335,0.17433080126347014,803,803,0.6248442628985029,0.7480636585706466,0.6063390790845844,0.1746060837001203,0.7456595694730636,4,0.20443074184045354,1415,1415,0.6102696546128829,0.7865591099731205,0.5887475919653428,0.25113650346961125,0.7119786401631281,5,0.030099940576983397
1336,0.11163075856128886,942,942,0.6279286734386302,0.7519408195685094,0.5762997126162936,0.2017718172506812,0.7204866336695337,4,0.12768417784626226,1447,1447,0.6910184294210996,0.7468628292354572,0.6386413247858024,0.22553296158048863,0.722857223895521,5,0.016053419284973405
1337,0.0957504914264821,562,562,0.6636253749191273,0.7282341911643588,0.6695409690008035,0.18458969087774843,0.7070538231982493,2,0.09225694917301325,1547,1547,0.5307078219667787,0.6976690254212161,0.49462325079513725,0.2967862164096682,0.6593807648364294,5,-0.0034935422534688593
1339,0.16339889769212787,791,791,0.6026002544242568,0.6787446511510391,0.6158422048255993,0.056931914832462883,0.6614804952221027,3,0.1601130468015735,777,777,0.652913417651628,0.7343769468010394,0.586210483074433,0.2571243840455875,0.6991690515897281,5,-0.0032858508905543593
1340,0.1610748472358477,383,383,-2.368987590565474,-0.1279120962682465,-3.7625051932350178,2.4486353276032595,-0.31662768160843613,3,0.1513725131502287,466,466,-3.184637119334223,-0.37469132068276867,-4.2392132030040965,2.096486902077635,-0.4569288347547637,5,-0.009702334085618991
1341,0.5113364149510562,399,399,-2.0707594754112946,-0.34143227624146966,-4.921426386638239,6.084170518083107,-0.8244262385278022,3,0.37847703327050153,348,348,-3.1764289525751366,-0.4384509282121998,-3.8061242137465428,4.143582153392722,-0.40418587442509163,3,-0.13285938168055467
1343,0.10022544966051285,1064,1064,0.34323991814935195,0.43690623336437084,0.3957080138172739,0.2898795226561937,0.4618688355735383,3,0.09200145207173299,1601,1601,0.5397982648477326,0.5325098120192775,0.4918019810509039,0.27324220955676326,0.4858841167448598,5,-0.008223997588779855
1344,0.12251869330560472,848,848,0.6496155007359095,0.7133116227217889,0.6567512999785743,0.14062815384274993,0.7042223554022236,4,0.13342728051734534,888,888,0.5290722864945633,0.560885588875652,0.5562775473149573,0.19111267373271187,0.5928826664246847,5,0.010908587211740622
1345,0.17729572044383432,296,296,0.5226372132859276,0.5691498445752743,0.5197175044814824,0.008607110819563914,0.5510244377248913,3,0.20527233469553968,220,220,0.6101636051750018,0.6209776684451633,0.5137512880563373,0.2105835466259867,0.5252463251876234,2,0.027976614251705362
1346,0.13731227832122606,664,664,0.5394168326219089,0.5816039358662823,-6.580852392980443,14.2523923155023,0.5312703996231299,4,0.13966071540759126,1314,1314,0.6149789912941832,0.6216493040763214,0.5896060300924452,0.08418043546003884,0.5912911418034369,5,0.0023484370863652015
1347,0.13148915837546687,837,837,0.5431759616265591,0.5346187849730267,0.6683523605170023,0.2548750801897675,0.6252469533666155,4,0.12435078448249717,356,356,0.6156851677748483,0.5871941447697047,0.5966282299863412,0.1746794823739132,0.5376317356252658,2,-0.007138373892969702
1348,0.1305292430514282,258,258,0.491121089095248,0.5577200396980391,0.4076389164931049,0.27812936879602695,0.4975553820898486,4,0.13252869176956295,764,764,0.3359090844762471,0.45247509544112874,0.3289271364046247,0.40292766137753133,0.45655791694810527,5,0.001999448718134733
1351,0.07498944951433166,1363,1363,0.594450300771421,0.7747781358430557,0.5843838094058765,0.10309677200567292,0.717451225777544,4,0.0802198519346924,1405,1405,0.5844697841705735,0.7519609778402974,0.6043529189816955,0.12167662803068524,0.6556386562969836,5,0.005230402420360741
1354,0.05288206364172557,1406,1406,0.44946823206345043,0.6913730267307676,0.403404445593075,0.3118261966330638,0.6900721584106535,4,0.05418001425534201,1357,1357,0.5797096570164769,0.7749621430898097,0.5014399445705674,0.3172610508947098,0.7281720880656788,5,0.0012979506136164415
1355,0.08103487500320039,620,620,0.4241080620072626,0.496649640125834,0.560196603795165,0.27833771320014583,0.5709057628198058,4,0.08765968220839888,1111,1111,0.7814076919821464,0.8757459327399593,0.7202757149203153,0.15101595535754567,0.8020641827241646,5,0.0066248072051984935
1356,0.09706071012467146,250,250,-0.0999974788185507,0.4803536173210846,-0.2889640696269744,0.6248995968442282,0.4008255314719741,4,0.12103541420788325,357,357,-0.975149743521663,0.06339340104208413,-1.9648247628353908,1.5967420607106513,-0.09795096330696744,5,0.023974704083211784
1358,0.06817854207318685,746,746,0.6013193912454721,0.7625390237709424,0.554127839561695,0.15045419361920467,0.7214469603100032,4,0.07074496299009429,982,982,0.13325297063068764,0.4674067917339835,-0.2508837218201618,0.8911494413949377,0.3872086728859535,5,0.0025664209169074387
1359,0.07696470830435913,388,388,0.11756541673150056,0.5120148915405887,0.08374958888626698,0.49108423844208726,0.4727043366482799,3,0.08721187776730706,240,240,-0.6941609332609946,0.24503765497657026,-0.7038694776944382,0.09677185690270736,0.2505890773458594,2,0.01024716946294793
1360,0.16841762891568238,2162,2162,0.47487278228113494,0.566528763716794,0.46396804435914507,0.06190508144185315,0.5630762111808707,5,0.1550009879664562,2078,2078,0.7120001296950244,0.7483000062557801,0.7012560356373804,0.05959373949003786,0.7263477273485308,5,-0.013416640949226177
1361,0.07477376283288507,472,472,0.4683947011898415,0.6817549933570656,0.47632268859918653,0.0741608564226265,0.6651392877109497,3,0.08467052310091874,820,820,0.2131447600171582,0.6099240798597928,-0.7195642468932846,1.8904155036539951,0.4224080741951422,5,0.00989676026803367
1363,0.06677389985571305,300,300,0.24616094169025526,0.2781602321005434,-0.4726755005822701,1.2446205911714656,0.19944365949509812,3,0.058466058369580805,231,231,0.3325455081860469,0.363904812427167,0.32084682856861424,0.04982128401198224,0.3594754787975919,2,-0.008307841486132249
1364,0.0802411796791213,350,350,0.6528276329181082,0.779360306358368,-2.1193576187212093,4.824184934699291,0.33083819091360084,3,0.0725659747354009,55,55,0.5644590413818165,0.7753732893913924,0.5644590413818165,,0.7753732893913924,1,-0.007675204943720398
1365,0.0744544008504984,1017,1017,0.2804746308895495,0.346148344276647,0.23444812797985035,0.25623060914423873,0.3333180359084573,4,0.08502567705821867,1402,1402,0.42347870093888274,0.3478789973260439,0.39857257071824553,0.08807672068935565,0.3603133606848606,5,0.010571276207720276
1366,0.08897635386835329,884,884,0.6985163361363727,0.8052659010973724,0.690515462639309,0.05508089705500285,0.7986457794838414,4,0.10621523340649176,1241,1241,0.5804599973821702,0.6104250244350398,0.5999740099292238,0.08803001590134042,0.6122555800049999,5,0.017238879538138477
1367,0.0855801007557999,1100,1100,0.38811273640726285,0.6388657577672405,0.38095864055924994,0.2916527041001506,0.6096475075345407,4,0.09279797892617395,1201,1201,0.4128519677669886,0.6187669186081332,0.17742749975997776,0.6146981493716575,0.514250429161926,5,0.007217878170374045
1368,0.07076831159388854,504,504,0.4360331654844758,0.7149966451119947,0.41275305589564837,0.0995040793177695,0.7043230814764581,2,0.08949824800589218,341,341,0.578329236168662,0.7167421659852469,0.6540018191264384,0.12450100042649863,0.7657446596426412,2,0.018729936412003642
1369,0.09811053822404567,1303,1303,0.6925723471295484,0.7543018434842297,0.6600950532183376,0.12713674916858367,0.7294974896816343,4,0.10459969989281503,1592,1592,0.6903969027770136,0.7754118316864023,0.6858058586451996,0.06974132888957439,0.7342827966973512,5,0.0064891616687693665
1370,0.1316891310611797,881,881,0.6181790733456309,0.5465620995332737,0.627307284366498,0.029533901052123668,0.5234599986122971,3,0.12526937244506522,1481,1481,0.6738175144549188,0.6000812617920039,0.6809852022995557,0.07873665611038234,0.5890138813021322,5,-0.006419758616114463
1372,0.06978347950320148,995,995,0.603696373612129,0.805446899948493,0.6004077299420354,0.17253025653350493,0.7297389861753746,4,0.07512038779240765,1742,1742,0.6692447850014623,0.701123145838857,0.6472094905524558,0.15790630227090696,0.6960909988630348,5,0.005336908289206174
1373,0.11317769029584408,529,529,0.7188980722491649,0.8438149829049539,0.7825944643671953,0.1300753793787023,0.7958647249203147,3,0.10722248750063804,327,327,0.684569809699964,0.7914752373653648,0.6842247600622534,0.014271169622122295,0.7793443566156625,2,-0.0059552027952060466
1374,0.10728786627401658,796,796,0.8080853693131799,0.8471689142036843,0.8096219517470233,0.04238690904918716,0.8297272958896466,3,0.11130592426411191,1330,1330,0.773424709376757,0.8162487087022757,0.743561031037786,0.10420908530368958,0.7514606317007939,5,0.004018057990095331
1375,0.09992213098717478,353,353,0.5209825186743839,0.6568658291656944,0.5015844264085185,0.18318317635002032,0.6676068768925056,2,0.10921817108917464,209,209,0.6415802831778855,0.6954628194576498,0.28335754380934064,0.5919172538092231,0.5922908210418564,2,0.009296040101999858
1376,0.14181037841633679,935,935,0.45261246475503925,0.47100113319550674,0.49891189500386596,0.16761369804392803,0.4924601987196025,3,0.170962964230325,1018,1018,0.5141412236401807,0.5844170337227315,0.44752812380400914,0.16898434414755567,0.5477676470701047,5,0.02915258581398822
1377,0.09746264765759262,1063,1063,0.478485324855497,0.4993583898623464,0.4963291222509851,0.15849632681525416,0.5096700864790027,4,0.10490234324370537,1642,1642,0.5628487448759834,0.5103850508959576,0.6005719305104266,0.1426302525040149,0.5635719172362524,5,0.007439695586112752
1380,0.053015388287328165,1081,1081,0.3939943909416975,0.5482734007394277,0.40285620492646745,0.296997996959052,0.5644167152008415,4,0.05311065371679042,1395,1395,0.5981309688404788,0.6895372761586445,0.5471979583278473,0.16521875271824424,0.6672126789586047,5,9.526542946225458e-05
1381,0.054181083373596214,865,865,0.5904177061547262,0.7050781890320674,0.6269380779258682,0.156661568565583,0.697665549470056,3,0.05212658418140525,1651,1651,0.6481596438592447,0.7413907597757148,0.6303752986084354,0.08875939445400356,0.744756412803129,5,-0.002054499192190966
1382,0.07271248479624708,835,835,0.44407818349130135,0.7106320745966777,0.44754979699708086,0.25387111794323103,0.7028309303723715,4,0.07380545218217674,1067,1067,0.6945835242132884,0.803816840769282,0.5808478139940705,0.2633723387251731,0.7332075647853048,5,0.0010929673859296635
1383,0.09196039945990951,405,405,0.4687040118082084,0.6645676126724509,0.5236037594394565,0.26986055043903934,0.6717875898621307,2,0.08668189859108309,1131,1131,0.5099956861796814,0.6049418724625728,0.41189554609003143,0.13689026227762155,0.6016082874413613,5,-0.005278500868826419
1384,0.09048473435170921,273,273,0.27096841557892837,0.6300116353645184,0.30314974745262285,0.41812568877798145,0.6113212903520949,2,0.10583500339485266,136,136,0.1902739382101971,0.6474027062153072,0.1902739382101971,,0.6474027062153072,1,0.015350269043143447
1386,0.08057496203560924,908,908,0.5913901565197899,0.6144092960681047,0.5218393829039762,0.14315442021929273,0.5823120994307781,3,0.08049933705539777,1530,1530,0.5738658559987683,0.5739628034965745,0.5933957136725496,0.13544961309641534,0.6224953519691474,5,-7.562498021146391e-05
1387,0.08202542706815177,1186,1186,0.5173866129846103,0.5838292385305952,0.48501808830769616,0.220175181196458,0.5629421289259464,3,0.07822699409466752,1731,1731,0.5620688136038778,0.5354866795281584,0.5711602140962744,0.1311303994482556,0.5627191623785155,4,-0.003798432973484256
1388,0.08718998455985486,1415,1415,0.4047752279351733,0.6966151383107326,0.36869482718673385,0.26129489642829984,0.6255176655873145,4,0.08081400956834538,2043,2043,0.7398636621429079,0.8232989792012979,0.6540707535812045,0.20724651932715382,0.7353634144914784,5,-0.006375974991509478
1390,0.07138511224202178,1294,1294,0.6422057901947238,0.7267955676380051,0.6694125687251828,0.10672661047710212,0.7207981556129113,3,0.0638613344404991,1856,1856,0.7337874914396099,0.6820980768336508,0.7371509672838401,0.10939862637734912,0.6913517002352583,5,-0.007523777801522677
1394,0.09007919890599118,900,900,0.4724320969526984,0.6470232188442162,0.5370823168319644,0.34451442995738596,0.6786881607105185,3,0.08449607235326168,611,611,0.8403510264486695,0.8999925490402823,0.8444663745595372,0.025285538054529787,0.8679497441165032,2,-0.005583126552729509
1396,0.059579943909663625,1832,1832,0.5279335875499754,0.5351851602579369,0.546784294071844,0.14543646216012834,0.5333328975058903,4,0.0579153037266948,2029,2029,0.7161618658333343,0.6210079206755641,0.7224936147240013,0.09426199678718143,0.6371849242390788,5,-0.0016646401829688226
1397,0.09165202730698405,1226,1226,0.39104352304184964,0.6242987096798711,0.3517737249260273,0.45436444792839686,0.5135335603046884,3,0.07887229436576501,1992,1992,0.7207894058812077,0.7462611025115311,0.7386165351179039,0.0995693013709453,0.7578905932409997,5,-0.012779732941219035
1399,0.07927677987397783,1091,1091,0.49387492590209303,0.6845961296975983,0.21588073501354502,0.4155122280047239,0.6051292214654539,4,0.07231028399093398,1789,1789,0.5808258696597361,0.5989475744643529,0.5864096603250785,0.08324364553731621,0.6146603874694412,5,-0.0069664958830438495
1400,0.09517468429698761,1072,1072,0.4626587081877088,0.6762313048979622,0.47178751635290644,0.03334697337262141,0.6819459117424916,3,0.09799345489692153,1848,1848,0.6665490097079404,0.7650809203495785,0.6546728921325344,0.11277557012132024,0.7342333682576221,5,0.00281877059993392
1401,0.10270248465381648,789,789,0.6171595478031993,0.7983361071886592,0.6083199603696579,0.20109374332086058,0.7727245889719383,2,0.09074612816945937,1773,1773,0.7508375726411249,0.8735444690744025,0.7017151411879945,0.18700653304109197,0.7877075554099865,5,-0.011956356484357111
1402,0.10435420404686484,387,387,0.4363708740941229,0.7210434953764049,0.3365397207982209,0.2414936157772478,0.681400770740052,4,0.11877416213405088,818,818,0.6709244050392267,0.7426263961217641,0.6345712567143268,0.1626904528017524,0.7385134818324752,5,0.014419958087186047
1403,0.10269132276736882,709,709,0.7350384412098842,0.8373922762526422,0.767236795769715,0.062468845919647215,0.8277115798575275,3,0.11175540135835442,1378,1378,0.6306251050262544,0.649297907197855,0.6602781459026855,0.14251337320388688,0.6807214363538873,5,0.009064078590985597
1404,0.09051002987937347,925,925,0.7019575506828513,0.8036683397274614,-0.3448365202158132,2.338833235342609,0.7395402876354209,5,0.09046733234694515,918,918,0.7569548851266397,0.7757916237787892,0.6729643973211668,0.20541502172865314,0.7381873394270226,5,-4.2697532428317975e-05
1405,0.06624195045761523,372,372,0.1868665348153854,0.23048421122581864,-0.06255134580654394,0.30259223557214365,0.2790683112103825,3,0.0668730590557463,688,688,0.16914520844336267,0.6206556876096951,0.22603046093020943,0.4284385077581601,0.6384338295213372,5,0.0006311085981310638
1406,0.0802500497982086,1159,1159,0.6563739227486699,0.7089403683763251,0.6715555993665597,0.08245585794320455,0.7093981839250172,4,0.08001880463287483,1196,1196,0.7128814620727425,0.6951965988331952,0.6225887898116688,0.21933137822068713,0.6287464568322554,5,-0.0002312451653337655
1407,0.07698966540481039,527,527,0.5189850296481539,0.7227510590549937,0.5472537374436889,0.22623786280591793,0.6724613129329549,3,0.06966476092202356,768,768,0.6708554679586094,0.7935186969144794,-13.38686059442892,31.4136174571379,0.14397246788259724,5,-0.0073249044827868315
1409,0.10987600950408453,531,531,0.1800136474542925,0.5260818897918629,0.2118928475789941,0.526169386235305,0.5340207577632238,3,0.10093241116184991,1181,1181,0.6438875864621293,0.7295234468187608,0.23021112943043728,0.7668749414994592,0.6151007635938213,5,-0.008943598342234627
1410,0.09963155609464085,723,723,0.6620251119069871,0.6585478732914788,0.6497726854974377,0.08078324068230136,0.6288242703626848,2,0.09293903187825912,2132,2132,0.6829450619310384,0.7074046527817799,0.686462302337083,0.04451695641062992,0.6841905450123605,5,-0.006692524216381723
1412,0.08166976924136417,658,658,0.5685684072813226,0.5906984411619276,0.5643610272741404,0.02744365659362645,0.5906226546579953,2,0.07526037182777255,1448,1448,0.4738149631542732,0.4806949930506217,0.5043424658076491,0.10530754214344466,0.5248381398379796,5,-0.0064093974135916165
1416,0.08975841928233597,374,374,0.5019628568910359,0.7594624339332923,0.5890972502087211,0.12711603283653644,0.7627227665308802,3,0.08246455645197041,892,892,0.5726938642668018,0.7766733211876653,0.4636350686417153,0.31561910551426503,0.6802306730458714,5,-0.007293862830365552
1417,0.07838220919825528,380,380,0.16398484831310345,0.5201250499705674,-162.4285742155291,281.65596666438256,-0.6315610566380961,3,0.07381951122132593,1087,1087,0.3928484126716296,0.5615322493187633,0.36719844671767,0.31007411804404705,0.5580470111904056,5,-0.004562697976929347
1418,0.07609931563453401,472,472,0.11102608972148731,0.6455272176958238,0.02380195686858866,0.30784313482735115,0.6505294289643722,3,0.06869823486214277,1084,1084,0.47834552688510035,0.7543733962056034,0.4801252281477201,0.1316234128791623,0.7514862922541357,5,-0.007401080772391239
1419,0.05981426342938219,573,573,0.04733082975741365,0.5899316069998389,0.00792295866954626,0.49777162158841687,0.6298367977858733,4,0.060397502046842605,624,624,0.21555175569168183,0.6035054943219639,-0.10640489693323593,0.8237885217969639,0.5596828553109537,5,0.0005832386174604159
1420,0.1066402453335299,207,207,-21.00371020740685,-1.4144076977318862,-32.35421512099882,20.612132059369532,-1.6511564569517763,3,0.09565141444878227,467,467,-11.207234771749153,-1.1629766632781018,-12.616995910384533,4.486652350938849,-1.1150574327354534,5,-0.010988830884747641
1421,0.07995258788295213,181,181,-2.326391092302052,-0.18855361781910607,-1.5126754160657072,2.3543140918931313,0.019936482103535196,3,0.10086910005304076,168,168,-2.201056554702575,-0.1568097277583711,-20.119147754099213,26.00843797746557,-0.9617236410094336,3,0.020916512170088622
1422,0.06757361281677962,1260,1260,0.4272496466046741,0.5478884045653463,0.5057709764834879,0.1934038105571946,0.6074561994905953,5,0.06869893107594695,1185,1185,0.6554670358479808,0.7200309990680299,0.5985392334596163,0.12453512339516928,0.7226509801539035,5,0.0011253182591673266
1424,0.09509805691029344,245,245,0.13789757917945078,0.6204763514918925,-0.019295943367573603,0.3540074890463578,0.4577662479976647,3,0.08822314608842134,560,560,-1.9733068270348806,0.24141230380994216,-2.713569750439328,2.1187784917310375,0.2507284193149967,5,-0.006874910821872096
1425,0.05961623374563064,274,274,0.30449465289166155,0.5717325647998076,0.3018786415158724,0.1463658384724857,0.5709666195490426,2,0.05075753050553811,936,936,0.22449617435250113,0.6138020743576762,0.11282891967295539,0.38850594754648865,0.577850730047344,5,-0.008858703240092525
1426,0.05257068445530016,1065,1065,0.39682570263599504,0.5765471910173163,0.37440864132096935,0.2843177392577591,0.5881975189533751,4,0.05324223872218788,1211,1211,0.5853748021574791,0.778273659049912,0.5324640963230485,0.19080718900658947,0.7873929147540387,5,0.000671554266887725
1427,0.05631484133165098,885,885,0.4535301642483933,0.7387977967292156,0.382469261082116,0.22794304327103754,0.6755374942766108,5,0.05600759306353928,1307,1307,0.39900501159889934,0.7444354603372099,0.3123941399607505,0.2574624077259635,0.7118826292086599,5,-0.00030724826811170253
1429,0.08311304252734351,827,827,0.6499157398656715,0.6361413129072286,0.6571939796310008,0.06030963621219367,0.6501922804908391,2,0.07297232218091508,778,778,0.6087685649242666,0.6389607003363147,0.5897611680606782,0.15051024590794643,0.6122629224608754,2,-0.010140720346428433
1430,0.06879649744587857,745,745,0.5551302740380055,0.6729278681009381,0.5590106261074983,0.06151614376438898,0.6613504478714137,2,0.06333622916043967,1924,1924,0.6222834843652457,0.6451890635201161,0.6543357851895292,0.12380507021887312,0.6890717914522742,5,-0.005460268285438899
1432,0.13144942321851652,1885,1885,0.6420650678359602,0.6810260105322892,0.646977245537458,0.14580864383535885,0.6733542464091032,4,0.1363877939445007,2024,2024,0.7005895115743701,0.702311975978069,0.7137370346901915,0.07011879564314427,0.7082896443254584,5,0.004938370725984187
1433,0.07805534641203635,748,748,0.7388666867212025,0.8316895528075603,0.7394209655109438,0.00439559711101154,0.8241622254314758,2,0.07179780998589119,2170,2170,0.6590983174052304,0.6255424023084772,0.7099657314050126,0.1319527615884521,0.68929895658648,5,-0.006257536426145155
1435,0.08132223662158305,528,528,0.6719875702898468,0.7302820015986522,0.6832051084888338,0.03092698234771645,0.7317192979394651,2,0.07201348167172698,473,473,0.699555770699449,0.7731681216338161,0.7181026888930495,0.15154747877792388,0.782519858373551,2,-0.009308754949856071
1436,0.06206915728031156,1996,1996,0.6428311445149542,0.6519635931234447,0.6603476873711951,0.09241856322908147,0.6537038419108255,4,0.06102552461804192,2067,2067,0.7141269823281227,0.6153529273193609,0.732986469680113,0.1014048738058389,0.6328822254831135,5,-0.0010436326622696376
1438,0.08039382396025523,372,372,0.6181657193910459,0.6387331992899481,0.6226490732161267,0.0957817417431624,0.6427884890522262,2,0.06925458345202373,1263,1263,0.6158035258489556,0.7464920697076751,0.6090921998323482,0.25502994952042163,0.7322351764165231,5,-0.011139240508231493
1439,0.10111088795223977,984,984,0.735625588723019,0.7891517299127567,0.7380312149126467,0.01791568522111029,0.7785137160264161,3,0.09612376766761162,2161,2161,0.809695837993016,0.8423262502545409,0.7827224482910217,0.08996156933716339,0.8177291544515368,5,-0.004987120284628152
1443,0.07053476669187307,2619,2619,0.7321402346810896,0.7014305018727043,0.7043549337386688,0.17627391015644056,0.675885664193289,5,0.0857327042044469,2874,2874,0.8206797607115132,0.8308028180218129,0.8207405658334557,0.03557512332182767,0.8256225569535965,5,0.015197937512573825
1444,0.0686863951795316,1598,1598,0.820095453620525,0.7527601775451167,0.819966845924243,0.05525325086840411,0.7393313028255445,3,0.07712672322387656,3100,3100,0.8324032117151443,0.787754700510989,0.828975726107066,0.03558152414940816,0.7821314468560834,5,0.008440328044344969
1445,0.06762801880818008,1895,1895,0.8145226819311666,0.7923668984593135,0.8119617365318792,0.04762437526585778,0.765744511325583,3,0.0729775925286364,3251,3251,0.8371126383131011,0.8315336697866904,0.8369669440850984,0.05398023619948347,0.8207916521003341,5,0.00534957372045633
1446,0.08992313266051544,1098,1098,0.5905366970454965,0.695419873250567,0.5902544625918954,0.01383517197613228,0.6950050791990402,2,0.09601954714628104,2774,2774,0.6190347138235645,0.7836316709517207,0.6123734977703211,0.062474331211255174,0.7552977440157854,5,0.006096414485765603
1447,0.0628606776345121,1452,1452,0.5874681850090081,0.47191498205928295,0.5802102456413993,0.04796407561743233,0.46155625041860865,3,0.06811553321034526,2758,2758,0.7413248931814287,0.8632711475133074,0.742533020854095,0.07072025262897011,0.8102857705831911,5,0.005254855575833162
1448,0.12560216415332795,831,831,0.6108045089855573,0.646893766310926,0.6760079112011969,0.1365172692843341,0.6658590155676687,3,0.12935667233115514,1530,1530,0.31162504150884796,0.6580134975113925,0.33145408808959276,0.4601521504774866,0.6021985021069656,5,0.003754508177827187
1449,0.11048192142876642,542,542,0.6961396507458302,0.7016995904940547,0.6461642048151591,0.17963036361696685,0.6739612476885397,3,0.11878691135509359,1229,1229,0.5241519795007257,0.7502142322000704,0.4423071590470594,0.311145603585842,0.6427478230949173,5,0.008304989926327166
1451,0.04773793424899894,656,656,0.6475808558528932,0.6151144603850164,0.6500710338529944,0.014732490805386743,0.6004182940116606,2,0.05216691974340081,1983,1983,0.7233334957340192,0.7471139212550297,0.716122341649632,0.07357825045198067,0.735650068967738,5,0.00442898549440187
1452,0.08480469241791838,1949,1949,0.7238956925460893,0.7083662832813022,0.7127072159195957,0.03222293189335999,0.6890315472313944,4,0.09268138651168698,2559,2559,0.7542668721743186,0.7182328695114919,0.7534480339852796,0.14840678912937366,0.7131418781491901,5,0.007876694093768594
1453,0.0770245080743477,106,106,-211.5805765956117,-8.75917887659621,-620.368913264669,750.7925218697553,-11.123093752713778,2,0.08976309360413787,467,467,-109.81137090399399,-5.750390765369747,-138.83987478482143,90.85352305770645,-5.791559598288837,5,0.012738585529790167
1456,0.055746063198845966,1157,1157,0.6214094791545641,0.687435627213249,0.5841541364789202,0.17711939654854691,0.634576365540676,4,0.06179520820350527,1862,1862,0.5116315136044239,0.6338915591617722,0.5306841844897636,0.35651883950489344,0.6722868801379127,5,0.0060491450046593065
1457,0.06312269952304252,2053,2053,0.5810753756679985,0.6752587815656907,0.5787609465110284,0.11079252567918828,0.6416602291417413,5,0.07024157002923034,2058,2058,0.6754819714792224,0.7920315124749452,0.6633784617994952,0.1427840534225526,0.76352578880546,5,0.007118870506187827
1458,0.1031332568885469,1364,1364,0.6283046157001541,0.6664306093859382,0.5496715954977908,0.1551308815449316,0.6693914951940314,4,0.10511165044117515,1498,1498,0.5811368300736373,0.7310987917508119,0.5443228414984055,0.10445705939082635,0.6627759109631223,5,0.0019783935526282576
1459,0.09570675795774197,934,934,0.6013655712489132,0.7049949515521641,0.5798339084486124,0.11439835299896853,0.6427809171336434,3,0.09913888995135149,1537,1537,0.38405591713669773,0.527388759591749,0.28245992517537744,0.2624143410208808,0.4665169752076238,5,0.003432131993609519
1460,0.14664327171817684,1423,1423,0.6720058377089873,0.6645280663312878,0.6767298361497399,0.08953628945759604,0.6258041528440469,3,0.1662174773268252,2192,2192,0.7272870617260125,0.7978324565288186,0.7156021543184707,0.12782579145208708,0.7659543176268668,5,0.019574205608648365
1462,0.08607290070725317,589,589,0.5722632343377965,0.603075095416445,0.577087333850508,0.024092839792141135,0.6270132815653948,2,0.0852657387185537,1503,1503,0.5745139913705848,0.602081922625277,0.482433003795588,0.5019602370929377,0.5938132108953649,5,-0.0008071619886994702
1463,0.21865298175819803,1298,1298,0.6418198939403299,0.5645748975464084,0.6504008871402062,0.024830006398183366,0.5577543194205539,3,0.2505524820644348,1968,1968,0.7325960841854338,0.7389837745752738,0.7256153536935331,0.09609910818008917,0.7181916316928216,5,0.03189950030623678
1464,0.10645579366377533,1064,1064,0.6298460613228477,0.7082263812617839,0.5899515454404423,0.1555625080301235,0.694394019993575,2,0.11521597547564705,2361,2361,0.7772091744162671,0.8023152761228137,0.7563695440194524,0.05870786156539395,0.7303255990484424,5,0.008760181811871715
1465,0.1331648658815784,2372,2372,0.6285690477968513,0.5956951777947417,0.608841471037964,0.12745215388339887,0.5816022994582729,5,0.15093612185531774,2486,2486,0.7756651299620851,0.7097781205575857,0.7757473547392135,0.03646805626331933,0.7083125561038981,5,0.017771255973739353
1470,0.07115035105616815,775,775,0.779048997721636,0.7648705378879613,0.7749511397146356,0.02393879264665748,0.7553715189936412,2,0.07783955862986909,2208,2208,0.7895474110828745,0.766193120558049,0.7663548279955175,0.10320285212588072,0.7518324446243961,5,0.0066892075737009365
1478,0.08174299154586274,1819,1819,0.6425231313363822,0.7784207924480648,0.6291243254324992,0.06898153217668272,0.7602567714966397,4,0.08847808520562218,2168,2168,0.7499762620439141,0.8680011125501607,0.7485627663830969,0.07905756925711525,0.8316637437776114,5,0.006735093659759439
1479,0.09862037655633389,977,977,0.6524861605756325,0.7348470659630684,0.5844999689255631,0.15016321097484464,0.6841876268801954,3,0.09454498648614057,2278,2278,0.7965953066372536,0.8613367308568682,0.783731293148162,0.07960412057024137,0.812244368938375,5,-0.0040753900701933216
1480,0.138774566680026,1785,1785,0.7739757368152296,0.8042662910544458,-0.13232290184110257,2.011365711450896,0.5528255833847624,5,0.1874863549591379,2350,2350,0.7787939520678349,0.8221312158354189,0.7610223184651005,0.09667670647314591,0.7825832572207023,5,0.048711788279111906
1481,0.10590605605667566,680,680,0.7750941787859962,0.7981553387460731,0.7994185216880401,0.08666742996773479,0.7856885109538343,2,0.11983879446170422,2163,2163,0.6964414990342214,0.7072270661557862,0.7022697871601148,0.18616080807578994,0.6808696246007585,5,0.013932738405028552
1482,0.12251135051375987,1009,1009,0.7156316875227838,0.7858040172782905,0.7178618490720333,0.053504357553211354,0.7685335741084683,3,0.12015026847139383,1950,1950,0.757246947491147,0.7481494336309507,0.7526254665101041,0.04446717425247378,0.7418835234337993,5,-0.0023610820423660417
1483,0.10022661566725104,809,809,0.7379476742610624,0.8371218942385471,0.732785714688669,0.013967425987672267,0.8271682777555642,2,0.09623881496148297,1946,1946,0.7332643532151574,0.7418512521022715,0.7232353897126117,0.0681556373730261,0.7231900392968116,5,-0.003987800705768069
1484,0.10837168885540675,1163,1163,0.6486898903708556,0.7646900536848583,0.6564725950568562,0.07145575251674331,0.7140831746585823,3,0.11321917802032638,1899,1899,0.7293860414907454,0.8481498384424748,0.7073843849514654,0.16763072922076427,0.8148678530652076,5,0.00484748916491963
1485,0.15096588458160426,903,903,0.7192525585296279,0.7004852940848589,0.6984306481758232,0.12486937005580954,0.6689357309556329,3,0.1939021274330109,1905,1905,0.6597736778941969,0.5766672400856891,0.6963314250004415,0.1370880427852264,0.6290441624813952,5,0.04293624285140665
1486,0.1251317626391087,744,744,0.6753370603632884,0.680105146273174,0.6284885709145416,0.1758992829646345,0.6285455020833282,3,0.14923734172083603,1456,1456,0.6056042849643197,0.6328737971848575,0.6500567659718224,0.15693870192580187,0.6055984867126099,5,0.024105579081727335
1487,0.14467573534373357,1472,1472,0.5378843522663915,0.5071452976193744,0.509903846458959,0.13140149351786476,0.47067568135229276,5,0.1600903798875472,1884,1884,0.5631836640929837,0.46874043945170396,0.5612771400506165,0.13111435119459508,0.4519784305057854,5,0.015414644543813638
1488,0.12489538444327332,1844,1844,0.6739498990599657,0.6652969617771629,0.6832718787663353,0.09443509448061592,0.6531232094056678,5,0.1446206763987342,2022,2022,0.6355229432166427,0.6053406439157345,0.6482453937366779,0.13258783519246178,0.5869588431186346,5,0.01972529195546087
1489,0.1586038604901548,741,741,0.6838304452129385,0.8125195791142631,0.6736543944869409,0.04178856996182707,0.7295508595132655,3,0.18526697920481522,1441,1441,0.7465565558144092,0.8186219954730041,0.7444826023946237,0.08372412440183032,0.7471515896666188,5,0.026663118714660428
1490,0.14589107444400906,718,718,0.644416446211951,0.6232221817160558,0.49428137692504,0.32835247956593355,0.6330795326901173,4,0.17180652627756773,1054,1054,0.667472784199182,0.7094105364301311,0.6205247113247456,0.1593546077161097,0.6758533330063238,5,0.025915451833558673
1491,0.07273078623120902,610,610,0.5897672095390255,0.7503203938631389,-0.14550709607766796,1.260894785368152,0.6620132585843098,3,0.07725760484476199,1333,1333,0.5753484164666698,0.7964900928351798,0.4229608892492136,0.39119285296267914,0.7644840655873006,5,0.004526818613552974
1492,0.07532871358484651,1200,1200,0.5556771395356894,0.6990527928436767,0.4603415368558716,0.16720108689183233,0.6807546792866294,5,0.0819381351952764,1583,1583,0.7056668473603749,0.7872143940353853,0.6466998678211393,0.08889014846881331,0.7624827095370463,5,0.006609421610429891
1493,0.09289048290167091,383,383,0.6384171122057168,0.6520230642315903,0.5899011691159326,0.17907671967550914,0.5796071859119829,2,0.0951468401332892,1472,1472,0.7046082308795181,0.70728057350096,0.6976918849541823,0.02312188196805694,0.6983622994149153,5,0.0022563572316182806
1494,0.050214945491887,1009,1009,0.7109683338118256,0.7562722515692589,0.7254821249685257,0.11066411175355731,0.7562788494852462,4,0.06127398230962176,1870,1870,0.8487909448435156,0.916529224146767,0.8386530341346624,0.06433878749199783,0.8505400741699406,5,0.011059036817734763
1495,0.08612474210595342,851,851,0.7922754761474275,0.7982716073509012,0.7868238925049628,0.058037952048927394,0.7772036492435755,3,0.12279643614678974,2131,2131,0.7831749888963627,0.8465234149912589,0.790554684436635,0.0779919034489063,0.8387124724122023,5,0.036671694040836325
1496,0.11824030204688463,527,527,0.7078036183410548,0.7166040000186147,0.6842047690187383,0.14317370193072373,0.6938696078713179,2,0.11993330730922734,1878,1878,0.7781344223797336,0.8480948158513176,0.749638999958991,0.09254181740281253,0.793197782680785,5,0.0016930052623427144
1497,0.11682519346427445,1083,1083,0.7669485580712893,0.8149383673025742,0.7415824423241042,0.08605534925666755,0.7756991321576101,3,0.13786168548378724,2407,2407,0.8071265745701326,0.8340835223109694,0.7837883860958756,0.06891309626491998,0.7384852173985383,5,0.021036492019512798
1498,0.14900835368950147,1154,1154,0.6809897041157355,0.7330647233142282,0.7033241802621036,0.12771669588610915,0.7136563729699529,3,0.15883981951946377,1558,1558,0.4528420039586597,0.3941949146447228,0.45641613506824924,0.1986021532369245,0.4114725784321739,5,0.009831465829962305
1499,0.13023898982191176,2401,2401,0.7448886302000632,0.8139802071707017,-1.6621906319018156,5.379398995258096,0.3739678233233099,5,0.16858037210229604,2270,2270,0.7557937035646665,0.8178770775088348,0.7274360652621537,0.13980394427668452,0.7694868839354815,5,0.03834138228038428
1501,0.11199471949648902,1457,1457,0.7206485338374924,0.8099362281175577,0.6943384893322498,0.06262453669955449,0.7635553544149984,4,0.1405506344260705,1630,1630,0.6508195720063662,0.793233553198547,0.6350922976545194,0.11692426884978963,0.6921488306425931,5,0.02855591492958147
1502,0.13896005996516053,1775,1775,0.6550713322886035,0.7049418336855353,0.6686463454851619,0.11819978416562489,0.6942001921115699,5,0.1672660523452196,1777,1777,0.46462874815725674,0.5894334487950377,0.406284410277966,0.3483690279738054,0.558835430032492,5,0.02830599238005907
1503,0.1094758663312881,1641,1641,0.6542854091823068,0.6035070152199524,0.6191339344444697,0.22402981590329663,0.5779937059092307,5,0.14445224008320132,2411,2411,0.8090310338300504,0.8095947103393969,0.8036240673135303,0.02567445979244343,0.7616698758475037,5,0.03497637375191322
1504,0.1318129701129858,477,477,0.6278311332684282,0.537815641806719,0.620254545911249,0.07925822108918584,0.5282908600980176,2,0.12598056912297856,1678,1678,0.7387346784525881,0.6412674451842892,0.7392400175628575,0.0653790507152851,0.6722272745002853,5,-0.0058324009900072304
1505,0.1330566638610157,1544,1544,0.75529030864339,0.7511518584304336,0.7378527418018701,0.05843853836997509,0.7238351184713571,5,0.15017331722512983,1787,1787,0.713065975224906,0.7370831967139779,0.6985725969802736,0.0949566488055089,0.7156426193139621,5,0.017116653364114137
1506,0.19165089050401674,278,278,0.6279552976378777,0.7197175815301731,0.45721604190829795,0.37216207397511325,0.5743126799608254,2,0.20695039559629716,1171,1171,0.5942646035647245,0.7716752010492621,0.40393919607581374,0.43760177204797324,0.6280577407736645,5,0.015299505092280424
1507,0.15152100721163497,672,672,0.6544981626064716,0.6596139862480292,0.667665156865168,0.08601597796228173,0.608614720640793,3,0.1644891411986184,1664,1664,0.7357535772929666,0.814186283283881,0.5745200888786016,0.3333666085817645,0.7016740773298962,5,0.012968133986983432
1508,0.10108349646879779,846,846,0.5253210138949085,0.6064284895011487,0.5555651515799273,0.1652555437331694,0.5636499060091634,3,0.1059397865120105,2013,2013,0.6658608294981887,0.687725364471651,0.6207024102307155,0.15227266327909855,0.6375399075309268,5,0.00485629004321271
1509,0.17397494299969238,1120,1120,0.6867332777580839,0.7361163392828691,0.6833376607874073,0.12601819016372726,0.6740156851598135,3,0.22735577585304872,2551,2551,0.7203637151007678,0.7939183458068907,0.7147107907297828,0.0954045588816173,0.7771491906676591,5,0.05338083285335635
1510,0.11479702361508469,629,629,0.46432112271791004,0.5193285819993979,0.3804668720472695,0.21802059446624644,0.448356226107416,2,0.12402996786590274,1904,1904,0.417670183872362,0.38933514827849547,0.415351293207871,0.13321897372938982,0.38568964255290616,5,0.009232944250818054
1511,0.2207824668708369,759,759,0.49806521489092925,0.5575561087232199,0.465611462949411,0.05920037599702705,0.5942167600102163,3,0.22280703612693376,1736,1736,0.5568304426073033,0.7381604756462363,0.5046831393626775,0.16761955187683542,0.647793247797918,5,0.002024569256096842
1512,0.10796925487250265,676,676,0.5725359919898227,0.5997398282048982,0.5433621679239691,0.14500501561504026,0.5825280020969916,2,0.11929616777226329,2000,2000,0.7553691469821961,0.7927225570121877,0.7195060102521315,0.13529257936074848,0.7471838090809338,5,0.011326912899760636
1513,0.11712681076040975,675,675,0.5546220224184635,0.6866759051359432,0.675718562455101,0.2375884132691979,0.7764978142675032,3,0.1327686751341357,1816,1816,0.5974962198971228,0.7228020856429841,0.6412984692846824,0.1766467361915791,0.7141952191863317,5,0.01564186437372596
1514,0.12451092303834027,216,216,0.10579701668237584,0.3433365525982802,-0.7799804556587184,1.476472062051774,0.33267569675098985,3,0.12731090114456625,995,995,0.44707551316544925,0.4467951622745222,0.40349837671567057,0.26186846482364073,0.43005279759561343,5,0.002799978106225981
1515,0.121652069213369,391,391,0.5360413442330044,0.7648934025214965,0.48141001957976565,0.29891361411955175,0.7370140427675441,2,0.1311996871348095,1657,1657,0.5825701559064045,0.7350195624649017,0.5119175088825776,0.23349329383400358,0.5951470893909776,5,0.009547617921440502
1516,0.12319331463200577,660,660,0.5022139341760866,0.569470016809182,0.5427661803896745,0.1625345214363594,0.5089358772976147,3,0.130139232625996,1667,1667,0.6923582164597375,0.7920697185757108,0.6976112867082501,0.21179415955690087,0.7360343473965077,5,0.006945917993990233
1519,0.07330032482225038,3012,3012,0.6951830114167172,0.7495427245815245,0.6867225841968431,0.07891407237787036,0.7216476940043751,5,0.07981513074071854,2891,2891,0.7685858773956934,0.8536031859958582,0.7528109222558046,0.10303568484671476,0.8197684903336346,5,0.006514805918468161
1520,0.07387181642705096,835,835,0.7507335226453685,0.7428341995495489,0.7783644320154557,0.10315137756656519,0.7483064706952479,3,0.07541306807458567,2326,2326,0.7762913544644316,0.8745203029975741,0.7635000018363315,0.12024002268603418,0.8187535261068956,5,0.0015412516475347138
1521,0.09811974319950195,598,598,0.6319852278106701,0.7112254434112084,0.6322914353410951,0.028067011317393992,0.7148070265426241,2,0.10665183145249653,2150,2150,0.5775780122471831,0.7295117776215035,0.5583267849996119,0.14947235196399355,0.7024009386188281,5,0.008532088252994577
1522,0.08086605775620669,124,124,0.3421650140996959,0.40387721404450727,0.3187365394461909,0.0831848641372224,0.401100026918856,2,0.08811032511171212,911,911,0.6434986895036332,0.7216131035060214,0.5666172721241463,0.26676385231568484,0.6623203791320436,5,0.007244267355505429
1523,0.06361507177206241,635,635,0.7656669763339933,0.8646384988324317,0.7749879835276007,0.03547478434530696,0.8421766408772425,3,0.06870899745248832,1625,1625,0.7202141874879211,0.8036702086960033,0.7178881048405571,0.1117988258244281,0.7880821943295788,5,0.005093925680425909
1524,0.1512237199745952,1177,1177,0.6215221960913468,0.6296681450672845,0.6094890751258498,0.1064704419980238,0.605431577632354,4,0.19551634935233989,1366,1366,0.6441482266300054,0.6659546477094507,0.6203229449560557,0.1294056010229754,0.628047841038076,5,0.0442926293777447
1526,0.193305101185435,495,495,0.0928499638019501,0.4245085047549717,0.05208805508353437,0.09609888853792084,0.31061769445333254,2,0.20573269306839287,770,770,-0.12215567645061043,0.426352969131232,-1.5047020632562451,2.8088844333475818,0.20621038798261723,5,0.012427591882957861
1527,0.16154821321297547,1476,1476,0.42991177947958803,0.7081951890809008,0.4604489158771067,0.2493692610274669,0.682723239680521,5,0.21286823115406714,1292,1292,0.6876294867323617,0.8183306405888585,0.6530837072112805,0.1384304506543649,0.7850419624995735,5,0.05132001794109167
1528,0.15116787128092557,1158,1158,0.5088463040462619,0.6532700597522465,0.29851387940445057,0.46145788252934644,0.45529198623522404,5,0.18867790958588382,1067,1067,0.6716004708164682,0.7610627994232315,0.6312090561164917,0.24617287598028764,0.6814642512363249,5,0.03751003830495825
1529,0.18175750557036902,1056,1056,0.189907535461302,0.5699319471353561,0.14383298123595037,0.42486296785633937,0.5059584585697546,5,0.2353195882262171,1043,1043,0.6534314493495933,0.7239081571802835,0.45302024398933893,0.6938525059430394,0.6273981888133285,5,0.05356208265584808
1530,0.1372630864063271,269,269,-3.837983387876733,-0.4967684645392485,-4.41178907931763,6.451864130394056,-0.2333103267454865,3,0.14753701559380988,346,346,-5.248166533903421,-0.8886032223782616,-8.693176612563363,7.568011478692519,-1.0768021582105862,5,0.010273929187482794
1531,0.13345255826212718,979,979,0.40534901502415055,0.6727541024190531,-0.08589384885126675,1.1352113297212016,0.419879363981056,5,0.13823456451670774,1554,1554,0.5990638901841336,0.7900439677642407,0.460331535508793,0.21689807286602794,0.6626874945725121,5,0.004782006254580556
1532,0.12637074466134887,1259,1259,0.6528761296286446,0.7545653292215035,0.6516789354024123,0.11489766118460328,0.6885151816859487,4,0.13853493675899067,1661,1661,0.6918834141474876,0.7448733016861726,0.6014035224195841,0.2628972516529639,0.6892926240236953,5,0.012164192097641802
1533,0.12484669851191739,319,319,0.7621703801652444,0.6904237411260847,0.6762448442931321,0.21031583430436315,0.6084029987789349,2,0.11889217960071989,939,939,0.37570589239055485,0.5769413819966211,0.1680061370276223,0.4438272720574217,0.5550530459344716,5,-0.005954518911197498
1534,0.08029873556408443,798,798,0.659948829931486,0.7188367018873942,0.6050910081598001,0.16080230696545947,0.6455628365551718,5,0.0956262686289131,1301,1301,0.7857754111828509,0.7491855455325561,0.7417817222114774,0.06207226554653599,0.73529365028532,5,0.015327533064828675
1535,0.09395565125172271,377,377,0.3623585767793924,0.4048887339152919,0.3341274115194278,0.39096454016552823,0.42080600557627934,5,0.10617920268516956,706,706,0.6345437194588246,0.7385771325705122,0.560861765726953,0.09697234918558849,0.6626494258835789,5,0.012223551433446847
1536,0.15697202237909433,289,289,-0.8431949735370297,0.22032103138604564,-3.0851141301785807,3.77359431486274,-0.14809560312892783,5,0.17531700302529465,455,455,-17.062975388951575,-1.9986297495339138,-19.937925710351358,18.2469496508828,-1.5472490594212105,5,0.018344980646200326
1537,0.13491975866776232,755,755,0.7460249560433176,0.8034173259779451,0.7341514821550115,0.05660105464523906,0.7852984694772691,2,0.15562974893618958,2560,2560,0.7630329829100512,0.8699712466459187,0.7351418600743211,0.1255829413980885,0.8037806509887246,5,0.020709990268427264
1538,0.12428443962918188,798,798,0.7365465450437235,0.6811289399646264,0.724819272387141,0.09733171782624912,0.6707393477460986,2,0.1288423757099149,2456,2456,0.7556043802932868,0.7131155821414705,0.7607625205119711,0.048621811497410385,0.7254408006552515,5,0.00455793608073303
1539,0.12784661271628447,1513,1513,0.7983405528573592,0.8351714370421583,0.8128212008049406,0.0641658038132525,0.8375434699066547,3,0.13855201006847453,2860,2860,0.8019285930790805,0.8432929445534474,0.7867513391094969,0.07994814071626576,0.8263019991543181,5,0.01070539735219006
1540,0.1075506524447631,707,707,0.6907412999806228,0.7956691711953253,0.6827748178992121,0.08892994426279999,0.7860665609595605,2,0.1343390511918884,2302,2302,0.6885936494800708,0.7550233051178701,0.6701511295958351,0.13316203769135807,0.7064151889249597,5,0.02678839874712531
1541,0.08799560429648526,1674,1674,0.6293633335561546,0.7672234967188574,0.514461143728518,0.2795126605114254,0.6890669529802889,5,0.10422284163123127,1720,1720,0.7329379603893669,0.8487806426491948,0.7158156218671525,0.06331307893418696,0.791351970001822,5,0.016227237334746014
1542,0.07386269744762418,646,646,0.6327177959386655,0.6840349204252308,0.6846829698778768,0.15766472262446804,0.7055906533749822,3,0.0841384645108805,1881,1881,0.6749916706861054,0.7902060751609417,0.6162987444224887,0.18586472238626492,0.7493942062776866,5,0.010275767063256322
1543,0.07932825150691189,1582,1582,0.6741846804394821,0.7369164668915886,0.6236322624027888,0.13275450682136308,0.70411336195577,5,0.09005010509453222,2270,2270,0.7615328743130148,0.8204743475610798,0.7014866948931143,0.1589095048121437,0.7634699967476154,5,0.01072185358762033
1544,0.09398498182177298,242,242,-0.7095458414704019,0.03464507398798289,-17.261690223796077,28.768138056017825,-0.8761505912382045,3,0.09756494994213667,1028,1028,-0.11224305618864894,0.24040219065915147,-2.1997836563057733,2.380548360132148,-0.2354170240143132,5,0.003579968120363694
1545,0.05875801332028849,1050,1050,0.7092573121617745,0.7832190355204086,0.7666283278170067,0.12232155824750451,0.7199626817429946,3,0.07323270329015003,2328,2328,0.7959494385027902,0.8742880429723915,0.7605089743557392,0.11290789410398863,0.715393901102823,5,0.014474689969861537
1546,0.0601040796000076,403,403,0.6991301895073897,0.7674510653519953,0.6727627877186239,0.05929397841135082,0.6767796475833519,2,0.07526794041809796,1636,1636,0.7108783135575092,0.8553186855643764,0.673625218318907,0.17809587401316046,0.6764056998226581,5,0.015163860818090368
1547,0.09648022187637667,939,939,0.7184535421135547,0.6935070412536293,0.7461721924301538,0.11032543388322445,0.7019333088360035,3,0.10857685814252768,2001,2001,0.7286726169657012,0.8151662147916502,0.7161906423906315,0.06455195057040308,0.7624959655628692,5,0.012096636266151012
1548,0.07616873644561523,692,692,0.5776957195251027,0.595230448026411,0.49940036665115484,0.16748967577559884,0.5853357541809913,3,0.0850690463452767,1950,1950,0.6617134834708075,0.6899420902389799,0.6533647908373128,0.046877884040057265,0.6898111039561401,5,0.00890030989966148
1549,0.06785491356817061,722,722,0.7117551377715452,0.7494131357004714,0.7103684369552944,0.046151855152408466,0.7397766519140853,3,0.07380086526012129,2029,2029,0.5377655604150404,0.6119459254387025,0.5988640276384942,0.311226324338439,0.6146714357346366,5,0.005945951691950682
1550,0.09007217554011841,927,927,0.7649084450318506,0.730798681276501,0.7690833575565353,0.05631696667435973,0.7484073943008439,3,0.09851232966859871,2408,2408,0.8065948387356878,0.7874717433717919,0.7828332382130678,0.07967972813662334,0.7789735153409435,5,0.008440154128480301
1551,0.08434567075157826,1521,1521,0.6954513191346463,0.7483482786291842,0.667413034593163,0.1269383422567406,0.6989421490434552,5,0.10343648596917372,2356,2356,0.8342141133733366,0.8665588298373283,0.7166295739314087,0.21248136290046923,0.7399065589216883,5,0.019090815217595467
1552,0.07219813201807622,693,693,0.7882134874412569,0.8562732632864072,0.8089799617489143,0.0426769125060903,0.8473938393711693,3,0.090172432544292,2307,2307,0.8551493238860679,0.9120678194321346,0.8375150720846151,0.04666252717099231,0.8567327415578576,5,0.017974300526215778
1553,0.14159815180246815,652,652,0.7441355143508155,0.77736566517304,0.7211066482550169,0.10399505417010428,0.7445927540994652,2,0.1697915173638868,2036,2036,0.7165044351579047,0.7379944473211675,0.7039128727554865,0.08073007733496113,0.6860712686897086,5,0.02819336556141866
1555,0.0958975090278904,1266,1266,0.7655065468709683,0.7760791345156018,0.7573000993943242,0.04225417469407464,0.7673373460974413,3,0.10462400264549113,2705,2705,0.8187710276666329,0.8155183635754828,0.8023138537739536,0.07165058142890679,0.7804836415849528,5,0.008726493617600722
1557,0.09666246272386744,881,881,0.6210336406536643,0.6402347950696019,0.6184028140559749,0.014633988255979648,0.6213283760567319,3,0.11233465387747124,2068,2068,0.6678700502336432,0.5686393496522475,0.6649784084566874,0.09455594381086277,0.6012333427976604,5,0.0156721911536038
1558,0.10661300419285746,808,808,0.6454297458569209,0.5802335095746614,0.6443031636435642,0.07733447377698903,0.5696867088492504,3,0.1291080464984627,1666,1666,0.7186564651992667,0.6078551911782573,0.7283519943193923,0.07144034258284332,0.6307886225629878,5,0.02249504230560523
1559,0.05489110577793743,838,838,0.6609177359545855,0.6785714431377909,0.6789445131389965,0.18556361510251712,0.6669446456355614,4,0.06707793881447023,1655,1655,0.7554358855532713,0.7457907694455486,0.7411043120846751,0.10362511827424939,0.6803850021536809,5,0.012186833036532799
1560,0.0663704100849687,1525,1525,0.7650334004260099,0.7481277719333381,0.7555333729849493,0.1500491510992647,0.7319273637761625,4,0.08765333159704049,2354,2354,0.8014985834548775,0.7738610457349888,0.8043513953445347,0.05528513344951906,0.7339895911111691,5,0.021282921512071784
1561,0.06789073537941763,359,359,0.5467021715613422,0.7150613038266693,-1.988058589410717,4.405605050985624,0.19633222386997837,3,0.08741534546239356,1277,1277,0.8006263159005931,0.8629874598879727,0.7853988767471065,0.10008534927662846,0.7880820525145392,5,0.01952461008297593
1562,0.077115514295141,2042,2042,0.7315741319103641,0.7051451154293014,0.7047546337840719,0.11056287985405891,0.6669691078283435,4,0.09842171359865413,2498,2498,0.7531460970655778,0.6470716458884488,0.758961809731702,0.06047941255691792,0.679279112912823,5,0.02130619930351313
1564,0.06200373008903256,1596,1596,0.7368963075916857,0.821722038891505,0.7295006536455668,0.07783499948935103,0.7355057450908878,4,0.0762932837889226,2422,2422,0.8202614005390513,0.8502464022077864,0.8057041271752633,0.07850666885506523,0.7325499687418044,5,0.014289553699890038
1566,0.07494146012216005,743,743,0.3333071446389573,0.5014643629980073,0.3170802858255568,0.15023495981442256,0.4669520389638256,4,0.08604886197837307,1306,1306,0.6463547305714267,0.5898336021482172,0.5829250190189548,0.07962028321650531,0.5443878882247327,5,0.01110740185621302
1567,0.13096972811154603,784,784,0.3757014363474396,0.4807922779638041,0.378284149498769,0.22819053568233905,0.45863099584928146,4,0.16765796489329698,1133,1133,0.4438611717009565,0.4422387308006217,0.5014798991932486,0.20521769641436174,0.6027773592425643,5,0.036688236781750955
1572,0.1356428114231676,248,248,0.0841185314436036,0.49207147785169625,0.06708913241585786,0.23256505706044361,0.3507363178444937,3,0.1357411645521997,969,969,0.5674390565611486,0.6698078472061122,0.501213859338108,0.15952686699960308,0.6528071367778663,5,9.83531290321138e-05
1573,0.12203617393202389,485,485,-0.07578877147074659,0.289768836897212,-0.10894554925445954,0.3967841436860093,0.343588269333608,2,0.13602645117789508,1150,1150,0.08841997690485248,0.21127287622672086,-1.6150175360921744,4.088081734254608,0.13903180593837688,5,0.013990277245871194
1575,0.1537055410308777,411,411,0.5266599564386694,0.7639799256858741,0.5116806154556909,0.004358021928935721,0.6423458221641005,3,0.16159371564079988,813,813,0.7336641285651706,0.7027498327896311,0.7054560795705564,0.06240231197628983,0.6978976987387254,5,0.007888174609922194
1576,0.15196130522040288,134,134,0.4174569646872138,0.5470564988587137,0.16788084735377676,0.6094195101788275,0.5091638037204177,3,0.1351433699816012,263,263,0.6111500383371249,0.5666722457585873,0.08106263956130251,0.8557739519276387,0.4192081527299017,5,-0.01681793523880168
1577,0.13866695196007972,352,352,0.6061537456754951,0.7274786590026818,0.275566439206127,0.7335263422253173,0.5351668845257395,3,0.15016124357187952,642,642,0.6542051126644093,0.5802835237640078,0.6436164247147508,0.14731514815538518,0.6144522871191984,5,0.011494291611799795
1580,0.10218409011232256,1319,1319,0.35406308966290223,0.6670462357027126,0.32200182107906306,0.29496925798303225,0.577645826396768,5,0.12099161065196017,1273,1273,0.6082725649943619,0.6573312962518993,0.5890211744143306,0.24806101089736757,0.6350850354079652,5,0.018807520539637607
1583,0.1760403577491875,191,191,0.3826014852649312,0.5566275870847803,0.2690365705950038,0.4197802543713989,0.5064583874407238,3,0.2441566555062309,384,384,0.4874389192761587,0.677390795718338,0.25146868203473505,0.41380418188114493,0.47890988558884084,5,0.06811629775704339
1584,0.146291264005047,179,179,-0.0950052518084199,-0.07979939080987086,-0.05860961400977153,0.1788502627101824,-0.03218778363018012,3,0.2065878517407703,489,489,0.3632679443190774,0.6151684379986659,-0.1516683789924987,1.3520978705858802,0.36961652656185223,5,0.0602965877357233
1585,0.125245878595736,364,364,0.24199326633557405,0.3918299907381604,0.09047750518391609,0.2661169155147396,0.46921724241274776,4,0.16018628724912148,758,758,0.5306985510491464,0.45686362283356263,0.3636736249249514,0.2667489710855014,0.45320540782499086,5,0.03494040865338549
1586,0.2179804571455548,247,247,0.17668537428184794,0.6094375610240015,-0.03978590662356681,0.31601191770582704,0.5293589429311023,3,0.2135532109442752,441,441,-1.7362725044040244,-0.047709505202898406,-5.2728685589887805,7.226838033401243,-0.19623279479305294,5,-0.0044272462012796
1589,0.15371925329022548,170,170,-0.028631591469559625,0.35619523230017747,-305.21846815872345,609.383045135341,-0.0023108788900320087,4,0.2062523419685338,276,276,0.347399004910276,0.4970048354333808,-2.151234067369457,4.758993244192645,0.2776942899147608,5,0.052533088678308304
1590,0.1252351124948334,168,168,-3.022560708913236,-0.4725049575493514,-7.087635833483378,7.961090992950632,-0.5291171713456911,3,0.14714938826037674,254,254,-5.860661871103551,-0.5838029776736013,-10.473011955959704,11.053524508508723,-0.599918230655536,5,0.021914275765543334
1591,0.1049591673983504,276,276,0.5540410319581712,0.5224758677362333,0.5519911654404734,0.015154469484076153,0.5076345889887447,2,0.20205778105479277,796,796,0.5768973869086624,0.4704688429518915,0.45813033076112103,0.34971612488940396,0.4258815402467414,5,0.09709861365644237
1592,0.14864118751619848,503,503,0.3332764842400442,0.4912415562503961,-0.5860329795251525,2.1620084868745124,0.40463676219527367,5,0.2021388342642184,586,586,0.5321624066992907,0.5434466189910627,0.4706859845533735,0.358233673876458,0.49068937428619874,5,0.053497646748019906
1593,0.12756355093284086,110,110,0.47259285173198806,0.7068418178924837,0.3806798470186632,0.11691973511694038,0.6215873799905406,3,0.19345821373498262,268,268,0.6846024327801135,0.7562180083612455,-0.16129152365329968,1.5883307321605766,0.5858496254954924,5,0.06589466280214176
1595,0.13839527022231507,135,135,-4.795802973078073,-0.5553961497368156,-9.24784594086946,11.522751623677898,-0.8234663352162075,3,0.20092617751517777,287,287,-0.3282424286879584,0.06283412572753455,-0.4138982642865705,0.6713152809512138,0.056121619942671064,5,0.0625309072928627
1597,0.14686376700968776,219,219,-0.04215539515623079,0.38707323481787625,0.1020052903205273,0.3853317497695405,0.5427883966488064,3,0.16215868858127971,329,329,0.46889699156196796,0.6163905233391005,0.33606368247721463,0.44692303248492116,0.5936990148310433,5,0.015294921571591957
1599,0.13011904803358695,220,220,-0.5940187766347906,0.4638349327590068,-0.378634534080241,0.506866163620045,0.45811987950351923,3,0.1300180757703852,437,437,0.5198359631038719,0.6715856911037276,0.45440623910452144,0.11668443633990029,0.6395721698821816,5,-0.0001009722632017429
1603,0.13163293802903758,180,180,0.5910308103068469,0.6884321044690602,0.14147180655634004,0.557066737463252,0.7440910047804307,3,0.1327283887128144,549,549,0.4728037962759083,0.7214137250675909,0.2241291281146216,0.7118689313788996,0.6435067495629416,5,0.0010954506837768108
1607,0.18281299923371552,133,133,0.4499407698311704,0.5212374228777346,0.20803003268705866,0.4077743164142381,0.4702737869619618,2,0.17352511306724897,164,164,-1.0280930127153871,0.1661337299085397,-63.28192112104641,133.996642929941,-0.3464063795772253,5,-0.009287886166466558
1608,0.16329083513154322,166,166,0.3471700651010867,0.6343733593343232,-0.08162788568491448,0.471116613649194,0.5281504328274168,3,0.1674599945041779,444,444,0.24610520105922307,0.5728503699268557,0.2812035516247852,0.15405611149476833,0.5078886697286146,5,0.004169159372634679
1609,0.13102195964216493,344,344,0.5366604237195031,0.6766070022513623,0.2763854609141158,0.5954609571608831,0.6471253985056404,3,0.16216641764869402,631,631,0.5142721927631819,0.5573731299721169,0.5272031194281044,0.12110660174449946,0.5994765501792777,5,0.031144458006529097
1610,0.1511984572924198,94,94,-0.3947947608486875,0.32923984578000154,-0.17639887797149584,0.3906882863187897,0.32359368979173625,2,0.124493252577973,567,567,-1.8471113010434608,-0.05142503650544028,-1.9621526844493737,1.1521745865653847,-0.060588255196759234,5,-0.02670520471444679
1615,0.11961430589140022,319,319,0.7124886769307774,0.8508322673821958,0.6559425563525323,0.12066403107638023,0.7526579119975708,3,0.10854464984833155,574,574,0.640506697297325,0.8232603185979135,0.4695987026550397,0.44752858722927435,0.7287415368318495,5,-0.01106965604306867
1616,0.09647865278818527,119,119,0.23423414263037146,0.49597151164859354,0.34430249277542885,0.4045185792577738,0.530932802299671,2,0.10464885878639343,468,468,0.5429152165737601,0.572872940102837,0.47884837340321695,0.2084590273832485,0.6165321671853959,5,0.008170205998208169
1624,0.1560468877631205,270,270,0.552642605010191,0.6083245091079776,0.5989186544348024,0.2435775734379131,0.6481619024955967,2,0.18811494593418793,633,633,0.6050696128335842,0.7008701642628318,0.6114935894220277,0.16490984467926414,0.6492302767633674,5,0.03206805817106742
1625,0.09551344294846058,250,250,0.14025913871284112,0.6088489797699095,0.09573957311854187,0.6936414352748757,0.4730120216702251,3,0.09554864231875797,659,659,0.35765469614233447,0.6764856993767628,0.3306523455558497,0.15480819919619382,0.6643004175225201,5,3.519937029738962e-05
1628,0.12755874997895697,138,138,0.534925875855313,0.7540506451313407,0.34597428901410754,0.4590596731845983,0.6769859416724816,2,0.10143758084179552,1037,1037,0.6657094066937803,0.7693818497557118,0.6575030206014272,0.18338775227910448,0.720971989448825,5,-0.02612116913716145
1727,0.07903837574939979,475,475,0.11751214657155873,0.33218968405146054,0.22057155297080394,0.28840658092291493,0.40362243817014054,4,0.09845330602930565,608,608,0.6724016250068706,0.7345396299913572,0.6505436742446553,0.09609637462386905,0.7235964144423713,5,0.01941493027990586
1728,0.09094527159884767,914,914,0.061034150679559085,0.22618283501144532,0.057833286217863746,0.15809838851023314,0.23096705606317522,5,0.10260915790855045,710,710,0.1320590204225165,0.2944833037050756,-0.02452851240891161,0.4478248110472043,0.3010641190889049,5,0.011663886309702776
1730,0.03691430066771099,2024,2024,0.6779909526098498,0.8096318577583285,0.6939220745274048,0.10239527187840006,0.7705270531427993,5,0.033804522716511104,2695,2695,0.8055909241114114,0.8308177894730004,0.8032645244379596,0.035148321344073384,0.82484564786392,5,-0.003109777951199884
1731,0.038862469957102484,1393,1393,0.738854503194335,0.7076772706528228,0.68540838878321,0.08482484735635086,0.6605228450471705,5,0.035171960998106815,1865,1865,0.6115651803391422,0.6039851411315816,0.6251362846584281,0.17959274035719744,0.6284725379157454,5,-0.0036905089589956697
1732,0.064008442968555,3209,3209,0.6465830310337588,0.7731368103209662,0.6448544638010585,0.041081161746493566,0.7535219075086925,5,0.05757781361764634,3214,3214,0.6655062116359658,0.7189608110297017,0.6616782185408778,0.0650366627185145,0.7167354890583137,5,-0.0064306293509086565
1733,0.04497343077958908,2448,2448,0.7199376374181461,0.7284856284472481,0.7258692603255754,0.08256232304693434,0.7300629049514367,5,0.04143010675234328,3073,3073,0.7910665189737547,0.7496824318220026,0.7863748830659791,0.04817883382756755,0.7417402264113018,5,-0.0035433240272458033
1734,0.13307894534880352,1282,1282,0.4799252908837224,0.5148376608550849,0.4965743598674945,0.1435219681619382,0.4916601652164232,5,0.1756507519134887,1890,1890,0.5413899778014482,0.4598420634306938,0.5127509834050216,0.20257439919766396,0.43611347552646434,5,0.04257180656468518
1735,0.05451312028664849,3170,3170,0.7407908152263225,0.8340764102316576,0.7407986116321831,0.060475359168914826,0.7977423084250324,5,0.048354782995838654,3264,3264,0.8047603226081648,0.7957617367171088,0.8063096222850298,0.09359052823006321,0.7992642214379432,5,-0.006158337290809834
1976,0.2539114029601809,704,704,0.6361262114514012,0.5197788197722675,0.5922913773633659,0.055488656796316316,0.6036558498144399,2,0.24444941826672717,770,770,0.49431837467827455,0.5106983123336729,0.4165683731013372,0.20998531453261252,0.40248260527919033,3,-0.009461984693453718
1977,0.018350446339753558,1571,1571,0.05465800683526745,0.09393987820651606,0.05380969926832976,0.12344853169846932,0.11140441301273862,3,0.01871666310216824,512,512,0.22335528520149994,0.21932427899541684,0.17168028758557588,0.03155510869801452,0.20700525029571845,3,0.00036621676241468254
1978,0.055548713262572214,1181,1181,-0.10317826808758035,-0.19634970982007593,-0.1805902977542404,0.09335920924634,-0.11878002996955672,3,0.07100113393110637,169,169,-0.6406283009650762,-0.10155103181113656,-0.6406283009650762,,-0.10155103181113656,1,0.015452420668534153
1979,0.028568581352377033,635,635,-0.2322156586675257,-0.058337305764943226,-0.35412536293049524,0.41211355560205826,-0.0584472727108149,2,,0,0,,,,,,0,
1981,0.05143086561275756,1190,1190,0.11317894246211346,0.24467068145007997,-0.29859822693178784,0.6932425320699694,0.2554063742027561,3,0.045667517530150095,1492,1492,0.12747577428739953,0.148694051223772,0.08299922680602807,0.17155676466072528,0.13657140501739395,3,-0.005763348082607464
1982,0.04209570386189972,779,779,0.21611183834361192,0.29492166760617555,0.1892660997344179,0.11879684035525608,0.2631861442309735,4,0.03459708273617758,486,486,0.19390779119476786,0.22664512680015725,0.10253962232734715,0.2174966215368029,0.21487867991960743,3,-0.007498621125722145
1983,0.10840135175040212,1003,1003,0.175381559111774,0.47642789613515035,-0.10329284816666792,0.3934008514046461,0.3949385747095119,4,0.12514345054613782,94,94,0.0436873385667802,0.21073362239202242,0.0436873385667802,,0.21073362239202242,1,0.016742098795735696
1984,0.032114765584215665,1236,1236,0.4561632434093612,0.7137361003572893,-1.5445783698090902,4.0888100911980585,0.24694679251663496,4,0.028267859221760477,445,445,0.5301366141186055,0.6875901777494313,0.4499967805198975,0.16934168348719558,0.655872691821185,3,-0.003846906362455188
1985,0.08598304525803616,1953,1953,0.11120658413764095,0.15630242654250348,0.09013040344965129,0.16509532526311535,0.1396911708366791,4,0.06983070870968724,972,972,0.02373339758712667,-0.22569561348606682,-0.022183138742317293,0.13290273151362683,0.002056644670541304,3,-0.01615233654834891
1986,0.04365069016159128,1905,1905,0.3722327769204421,0.40806393611921976,0.4511437340843905,0.20862498257579637,0.4644513392637279,4,0.04086029966868249,811,811,0.5045812010851585,0.5237193312472911,0.4984966078652668,0.1522877421320123,0.5068627430777043,3,-0.002790390492908794
1987,0.03685200109858723,1275,1275,0.5752913538053792,0.74589734752705,0.5308952386822907,0.1447297368498891,0.6707111874125683,4,0.030183812391578947,951,951,0.6458931716878006,0.7305901227618083,0.6430547662747422,0.09833533240018394,0.6776662468005165,3,-0.006668188707008284
1988,0.04553820735889682,1745,1745,0.5306046714507013,0.762759406423771,-0.03707474067367805,1.3914180108331489,0.5652554309652993,4,0.039356105550624416,1194,1194,0.48213309866179044,0.5915361450069827,0.37356112559202526,0.3756689121525551,0.572269569256797,3,-0.006182101808272403
1990,0.06783805558874681,742,742,0.2816381402870266,0.40194570447776723,0.3082015470715233,0.06849368488692743,0.4758573876878221,3,0.08366270215543503,639,639,-0.02591816164746974,-0.21735856395672593,-0.005334775472311463,0.20487714655505565,-0.0163908472244992,3,0.015824646566688222
1992,0.6827904771425222,95,95,0.5338444194251883,0.37523542799988563,0.4503643904657642,0.46463953556559684,0.3758482559952186,2,0.7829620531930863,1293,1293,0.622672789398577,0.514253689486521,0.671419892873597,0.14111952319265386,0.6020657771227769,3,0.10017157605056415
1993,0.27936163274131764,2246,2246,0.5790626132318311,0.7334918591454553,0.5466700076597647,0.13833536035178662,0.7084286684856028,3,0.3147683857238502,2222,2222,0.6352833718809306,0.638528932043853,0.630367081405905,0.0759252468790288,0.626064542733448,4,0.03540675298253254
1994,0.45570205254339136,2112,2112,0.6037014848516904,0.7200522148176148,0.5882382075271635,0.10295343619342684,0.6628910174065338,3,0.5072935312258299,2062,2062,0.5356446104514283,0.5709510299779939,0.5551047201226015,0.10058156860262807,0.5936094228695844,4,0.05159147868243852
1995,0.05965144370498807,1470,1470,0.5466562374923718,0.5431389338833695,0.5496671240604036,0.0368837282318133,0.541508122054065,3,0.0674954935109862,1486,1486,0.5976282735321818,0.5826854585038749,0.5749678519044911,0.0515134806025015,0.5546800397882974,4,0.007844049805998128
1996,0.06019620650961518,1311,1311,0.7091142293966464,0.6823497259965547,0.7141565965641059,0.10758775048644396,0.6758971473637525,2,0.017274970188736916,6,6,0.5752243326426847,0.43487242336841225,0.5752243326426847,,0.43487242336841225,1,-0.04292123632087826
1997,0.1401466761508439,2332,2332,0.39810354513718405,0.27914388131494994,0.372403733101449,0.12251704674433006,0.27490180921603863,4,0.14191384955435227,2419,2419,0.4428936860133009,0.3133689136861725,0.4698020029862089,0.09197228725101866,0.35015803376767485,3,0.0017671734035083764
1998,0.044291692215372845,2837,2837,0.6915118861643907,0.7010430893372512,0.6818036700719796,0.04783008882828281,0.6845729363566263,4,0.046124691161541984,2340,2340,0.7643246412264388,0.8549579419938765,0.7734560528247695,0.07242262347280608,0.8363491897513585,3,0.0018329989461691384
1999,0.0699323710822352,3140,3140,0.7385180001190115,0.8467435508990456,0.681910361084696,0.15859836744498448,0.7415040203883395,5,0.07975956426176321,1053,1053,0.8077676788410812,0.8055187535229702,0.7969502485575077,0.013874315433685771,0.7746803363504561,2,0.009827193179528015
2000,0.06586582242340071,2291,2291,0.6177131804770172,0.7239941513527652,0.5896233657322751,0.06476881517770058,0.6030202864113388,4,0.07263308981425032,1977,1977,0.55365788627966,0.47797227117820795,0.6036994447823445,0.17151184356363008,0.580098734045286,4,0.00676726739084961
2001,0.20661960957580083,2493,2493,0.6712638664730319,0.8270000810523797,0.6525506367775109,0.0746089659598451,0.7743071110985134,4,0.20667340211604088,2533,2533,0.6993856725318657,0.7076129355443411,0.7178548025299081,0.11887219726474188,0.7254935946696248,4,5.3792540240044096e-05
2002,0.1566688825639723,2118,2118,0.528717609221838,0.7257359522250638,0.5265216097521058,0.11806238861833829,0.6477528848145412,3,0.2067311683815168,2343,2343,0.5947048249582798,0.7922653466155071,0.6066197849132988,0.12106562545920166,0.6731406683936456,4,0.050062285817544516
2003,0.06622105283496964,2293,2293,0.5928167442462656,0.6101343149162222,0.5270037699952156,0.18848403598644928,0.5468473264522687,3,0.09636279410467698,234,234,0.7280566171196698,0.7696241826826334,0.7280566171196698,,0.7696241826826334,1,0.03014174126970734
2004,0.034863121380588565,2974,2974,0.5867246223025383,0.7478655498759897,0.5857814416071556,0.030933193311590952,0.7068913964975123,4,0.03550911165365448,2408,2408,0.6292734813350712,0.8033501996223209,0.6230805731069531,0.07066384539530632,0.7827107310532995,4,0.0006459902730659162
2005,0.06561254031899176,4508,4508,0.6437743354705083,0.565026788483252,0.651893451997959,0.07260773050862662,0.564973507661821,5,0.07723216513613776,2950,2950,0.672855805518311,0.5795469463499584,0.6790003216808045,0.09480181374894808,0.5741742237151448,4,0.011619624817145999
2006,0.14672320179817255,1471,1471,0.4817342238097838,0.7403387606151884,0.3760173990364863,0.5284080795742391,0.5680213529734907,3,0.20646564145256013,103,103,-0.4680608436795737,0.001086800273122135,-0.4680608436795737,,0.001086800273122135,1,0.05974243965438758
2007,0.051165897570914165,1608,1608,0.5158930287875246,0.6860361707260141,0.35624198957777825,0.27155801301344,0.4353465168070497,5,0.05174178177717647,2710,2710,0.7294186677401323,0.7640207011317746,0.7159863834943041,0.09592636121936912,0.7637459061178189,4,0.0005758842062623046
2008,0.27132592233266406,2234,2234,0.6827900732037793,0.7765719089899307,0.5945223196376656,0.1691353601554206,0.6391022328946548,3,0.3998254178252988,2902,2902,0.759865590385064,0.6833141269284986,0.7928329457647864,0.07197950521082655,0.755568325716241,4,0.12849949549263473
2009,0.1798013914164833,2376,2376,0.7152543441585056,0.7350258461872698,0.7034922556795894,0.04385058211477285,0.7329082335845226,3,0.21624838666688193,2903,2903,0.7143265431123329,0.6998339533140108,0.7274494647850753,0.054380419526592394,0.7125669638027323,4,0.03644699525039863
2010,0.18292114618079688,2710,2710,0.7592892422170499,0.7821717284893864,0.7414571938723297,0.047579016964163764,0.7384905234908704,3,0.225858639191377,3059,3059,0.7500008790032989,0.7135799693602031,0.7617127392823324,0.07806750967809863,0.7496661519414974,4,0.04293749301058011
2011,0.08768102813160665,1712,1712,0.7280616691068135,0.7392367824355552,0.6860860807736473,0.1613970613749005,0.6980417150753322,3,0.10715584854169656,1993,1993,0.7213843217894322,0.6402317117032361,0.7045625587768172,0.07038976901032791,0.6238877503824443,4,0.01947482041008991
2012,0.2761269264208517,2128,2128,0.7482274218149636,0.8061491639630165,0.7145689329615541,0.08534404409503732,0.7777554980190149,3,0.35266086299356086,2330,2330,0.7578598343419195,0.7230008712611726,0.7644000077796422,0.09806460596064298,0.7377014633134389,4,0.07653393657270918
2013,0.05616913404883809,2282,2282,0.8246707073331034,0.8801887074513961,0.7860527028771378,0.0968659031575116,0.8343950380529844,4,0.06754346187075991,2228,2228,0.814158697688949,0.8361845114064683,0.8040789864374474,0.0481058866759687,0.842432342365418,4,0.011374327821921819
2014,0.04672539597064034,2409,2409,0.8061423629647599,0.7890862430385925,0.8155628857442686,0.052388596000257436,0.7968492781398203,3,0.043355609091116236,2775,2775,0.8232591237325284,0.8472668105074768,0.8194897292265249,0.022147599276765337,0.8309127983590604,4,-0.003369786879524106
2015,0.053082168589337626,2414,2414,0.8406454229267811,0.9008417231818889,0.801069544193066,0.09065102448340627,0.8532483759431357,4,0.056432393429580556,2697,2697,0.8731533818671146,0.9271184950221911,0.86516400443032,0.03847203237307359,0.8971900311542284,4,0.0033502248402429297
2016,0.5011313622857902,3219,3219,-0.6326049700289191,-0.28987354437536106,-1.267778774121032,1.388013163392063,-0.483307555458528,4,0.6600186804406912,1931,1931,0.39167336234571726,0.4316010317143286,0.44672018882295345,0.1599549494072229,0.42391871492046435,3,0.15888731815490098
2017,0.07848053232907279,2504,2504,0.6857512658937657,0.5798427536659901,0.6875914696682703,0.046422180675889824,0.579633452135452,3,0.07506194867646453,2345,2345,0.650754160057196,0.5030295882535605,0.6741184411494439,0.07587061496610366,0.5153843389701872,4,-0.003418583652608262
2018,0.050316519212716196,3168,3168,0.6156011401084738,0.5302694867457178,0.6134710079006701,0.07830990870288845,0.5262416390057352,4,0.04915749849638016,2460,2460,0.6919601017194169,0.6372570432039485,0.6936549734382135,0.047671480298329585,0.6321167857036883,3,-0.0011590207163360358
2019,0.04028279538745742,2885,2885,0.6992307470427186,0.7845555380012645,0.6262525982770357,0.17587708629530227,0.7264810937423976,5,0.04205242384016018,2405,2405,0.8013773008234945,0.7865812563753107,0.7969758017321045,0.0014966654677020638,0.7896320211312615,4,0.0017696284527027664
2020,0.062177023598861396,2666,2666,0.7574371816633619,0.7095237899408701,0.7519804615596025,0.0226998279682777,0.6967899695338711,4,0.0614651008342948,2130,2130,0.7445972231813341,0.7019403361139056,-476287.8918569369,952577.3128162071,-306.67277335831443,4,-0.0007119227645665943
2021,0.05500527221157847,2735,2735,0.8487656288576603,0.856553815400472,0.8398232802263522,0.03806119738263508,0.8302134293465243,3,0.06603574964393806,2821,2821,0.8256948410276245,0.8659455866442377,0.8268159492952828,0.0894236941251073,0.838812783785948,4,0.01103047743235959
2022,0.1758581278425787,1719,1719,0.538524501642303,0.6821473387892085,0.5233629066189449,0.0383604400607169,0.6411674329156316,4,0.22889866733549472,1678,1678,0.7485294277736864,0.8662299320346379,0.7614490806298455,0.09253393976172905,0.8637309783439264,4,0.05304053949291601
2023,0.040133433945486914,2257,2257,0.8379565563693251,0.8760521695718512,0.837501023049977,0.016381166513826737,0.8386386004595332,3,0.039495666510400644,2435,2435,0.8394787486351752,0.8643208602454435,0.8402658706284515,0.03494816734353749,0.8502525179379881,4,-0.00063776743508627
2024,0.09488182486052754,2926,2926,0.7759569488542796,0.7684616111415286,0.75674548829724,0.09699781406510598,0.7495875915397017,3,0.10756948188110045,3227,3227,0.7293218873368859,0.6004785957290365,0.7437436469089125,0.06298986403070454,0.6303521931762954,4,0.01268765702057291
2025,0.033602377624129175,2738,2738,0.7453095661596338,0.7158136819266042,0.7250472763452819,0.08217770247562187,0.6806702067464668,4,0.035902232570629085,2690,2690,0.772454814255521,0.6767802262461917,0.7724448559954047,0.04240053055007952,0.6715302278960883,4,0.00229985494649991
2026,0.10196032152267787,2491,2491,0.6007364775777144,0.5918211155861388,0.5327542931811924,0.23772844218791614,0.5621239892888203,3,0.1255679509201559,2676,2676,0.7254459723352729,0.7833007031664071,0.7386962771707996,0.08686937611515021,0.7874612574251642,4,0.02360762939747804
2027,0.10315481518698026,2513,2513,0.8029725013817761,0.8033773687114705,0.8091866024633054,0.0670081101517351,0.7608856480443785,3,0.11871736293340282,2557,2557,0.8050447459440662,0.7699847899195102,0.7896570779151728,0.059133567519151456,0.7144979467901595,4,0.015562547746422559
2028,0.09693659982183064,2574,2574,0.6943909894509603,0.7763355251612314,0.6927482016822907,0.12142990807682259,0.7529290024908432,3,0.09577061212065378,2051,2051,0.8082821508392521,0.8983923185174969,0.7802566919161477,0.09563823088625548,0.8500183381489919,3,-0.00116598770117686
2029,0.07484848532968989,910,910,0.6363454320320916,0.6446825000339349,0.630273607335173,0.15046896777947066,0.6291043415717471,3,0.10300556132942972,1398,1398,0.8057097287958748,0.8084308870293574,0.7921952063754956,0.1241892043258414,0.7772167152977059,4,0.028157075999739822
2030,0.07164536815928983,2097,2097,0.06268003883988582,-0.04970487817246716,-0.027355538548677116,0.25233384789526464,-0.0639457087781432,3,0.07590581200912185,1672,1672,0.1047324408896303,0.09742718452234567,0.046668869281029944,0.3709498652091214,0.07468208576340078,3,0.004260443849832013
2031,0.10821078892407132,2311,2311,0.6036023760336866,0.7923380331305474,0.523633801974049,0.30010836659792356,0.6292549336053437,4,0.1433674318233022,2565,2565,0.7523921329310065,0.8544839716921738,0.7324915210622842,0.0728320394700458,0.7208937839560523,4,0.03515664289923087
2032,0.0861613329756344,1206,1206,0.6659932899481267,0.8317252848425232,0.6556853774934923,0.1366063191107139,0.741236293090296,5,0.12702765017285733,927,927,0.7942115720713951,0.8928152107478124,0.7350779783561099,0.2126144815778555,0.8077852628115282,4,0.04086631719722293
2033,0.05600127434763818,1992,1992,0.617741662148285,0.7645040033007303,0.5270512824813961,0.27722658653573323,0.606038614338092,4,0.05880629884339469,2325,2325,0.783399659315667,0.8184596377371662,0.7754736551645122,0.04828445775052034,0.7407099346314107,4,0.0028050244957565085
2034,0.17790959311670396,2373,2373,0.770343361876269,0.847982656473388,0.7246843464498397,0.15014773631150177,0.7875482086048238,3,0.24454791827326117,2277,2277,0.7148689851951759,0.7603894949481214,-2141801.285900133,4283604.096036878,-483.32805768996735,4,0.06663832515655721
2035,0.06228757929223637,2234,2234,0.773229521461109,0.7965728501362183,0.7238003612034998,0.18860233108771157,0.7625109364659296,3,0.06662258990940167,2465,2465,0.8353850347854574,0.8840965695010676,0.7505628406642333,0.2157108521275825,0.7781808793172549,4,0.004335010617165305
2036,0.07658786208213202,1119,1119,0.7182635131469151,0.7507409943536831,0.6594294610582918,0.18038801723209666,0.70077707793618,3,0.09629621135848622,1940,1940,0.8351542005294138,0.850523598282434,0.8012357106762028,0.12103108460560266,0.7561658442440875,4,0.019708349276354203
2037,0.05748415703354757,1975,1975,0.7104773085505989,0.8333822608264423,0.6833943518215433,0.17548108164958057,0.7546085056383388,4,0.06104518190474452,2103,2103,0.7799111999971735,0.8024867777297496,0.772093579824797,0.06362756770678728,0.7376120724539967,4,0.003561024871196951
2038,0.05916712791089796,1800,1800,0.766985796704255,0.8265225112881145,0.6766208700414514,0.3131359776285865,0.7622904965771213,3,0.06915800196065172,1933,1933,0.843183415131696,0.8548265743396496,0.8153767162675494,0.06997391974575462,0.8253648383946995,4,0.00999087404975376
2039,0.27485288016786036,2070,2070,0.6781970248105418,0.6385204015939762,0.5193458874406299,0.40806412474464443,0.5250866109155606,3,0.3082996992475382,2344,2344,0.7995648091717616,0.8669168326401724,0.778061213671456,0.04416719168948811,0.8175452510096181,4,0.033446819079677836
2040,0.5305095260772509,1693,1693,0.7036767678770122,0.7115529593809748,0.45684704244827684,0.6134467483342775,0.5538925254786902,3,0.5587420223242278,919,919,0.7164353301824543,0.743304722895392,0.7067365126453898,0.1486101303095754,0.7181000300948922,3,0.02823249624697688
2041,0.3514982972997505,2129,2129,0.7383411725706672,0.8204009989607601,0.5897720906993428,0.40899695218607,0.6441913967275353,3,0.42452218574238215,2253,2253,0.8260114664991918,0.9052211774981849,0.8092698428389183,0.041315222014698824,0.8118344571339957,4,0.07302388844263163
2042,0.1722329304469854,1780,1780,0.7518146747062868,0.8490613721193669,0.6934628802635694,0.17259528916001451,0.7297824019587181,3,0.20686210478069605,1863,1863,0.8086926030447111,0.8864563393239232,0.7972308005951059,0.044046139469022146,0.8260385279755484,4,0.034629174333710655
2043,1.1061191213813606,1970,1970,0.6988763397442752,0.7086867750778145,0.5992473580767338,0.270935329891741,0.5139934906570481,3,1.381843439722986,2024,2024,0.7114970693594251,0.7663176477051231,0.6817430458520966,0.12110793339620046,0.7149755837465039,4,0.27572431834162536
2044,0.5556869682873872,1244,1244,0.5926360579285617,0.743898612908477,0.5227775862817294,0.19666643654144095,0.5026171606737012,3,0.5232873281507207,1896,1896,0.7466699177807921,0.8358908043955275,0.7286720537537114,0.10342731000388516,0.6872898394877837,3,-0.03239964013666652
2045,1.8150305241322837,1267,1267,0.6298036524512405,0.5687114232779165,0.6230159898654271,0.010969090948958945,0.6060675414734641,3,1.5012933739277077,1595,1595,0.7184350795803209,0.7340766476865495,0.7115173435067459,0.07239825685664336,0.7221814526727989,4,-0.31373715020457604
2046,0.0660580266632794,1617,1617,0.735224150676086,0.6550540544137777,0.737246839765388,0.045771289930199,0.6582951158576096,2,0.10235937368124723,80,80,0.8201959679664174,0.6828732253710399,0.8201959679664174,,0.6828732253710399,1,0.03630134701796783
2047,0.18190125556198128,2939,2939,0.7307754075795329,0.7714035360244587,0.7117139401332858,0.08924991527809885,0.718540042851094,5,0.2492632436516585,2165,2165,0.6668607335014971,0.6754230820635951,0.6700605476952068,0.042576781419566875,0.6745519749844369,4,0.06736198808967722
2048,0.06325508386334779,3801,3801,0.7872582877120293,0.8927885188819271,0.7797503325771985,0.04887863160482039,0.8284831832444552,5,0.06669218546527242,2008,2008,0.8128925917028236,0.7557187172640982,0.8348737249700667,0.0703984836081443,0.7771437886274858,3,0.003437101601924633
2049,0.07102049412138392,3177,3177,0.6782909280630618,0.7670336455862286,0.6786020634962938,0.05923286675459526,0.7273889277462426,5,0.06674619172793927,2225,2225,0.8054553336291782,0.810755558641129,0.6283723770832221,0.333179296920196,0.7205329614875966,4,-0.004274302393444646
2050,0.28311739111371464,1817,1817,0.6031089555808942,0.7705054013833039,0.5973942420973587,0.03481773585773499,0.7070283256593827,3,0.3645819142870259,1938,1938,0.6263305624192383,0.78231637928958,0.6068443402657774,0.08603770892111137,0.7547042587746157,3,0.08146452317331127
2051,0.056767673393479164,2141,2141,0.7394692812707279,0.8255191594838163,0.7393357894077074,0.0720770400094367,0.7823283770623756,3,0.060392088050694466,2002,2002,0.7032729407896705,0.8251035449040296,-31844457.59100416,63688916.58821481,-355.7377575257729,4,0.0036244146572153024
2052,0.27610981892208064,2065,2065,0.765677659421427,0.8406947582565718,0.653736108634324,0.2170496298761048,0.7646304959584317,3,0.35357619592482464,2776,2776,0.843493077980742,0.9076373661094191,0.8383584949140406,0.027642790015144227,0.8852243058105612,4,0.077466377002744
2053,0.06148667523314182,2063,2063,0.7746037987052474,0.8484103011698698,0.7778019076491193,0.02067598490505886,0.8356674069193085,3,0.06909744382046215,2578,2578,0.8296868688596919,0.7686452129822748,0.8311170420474722,0.04183433322667737,0.7847521132270718,4,0.007610768587320328
2054,0.06918587211388758,3092,3092,0.7469715644304773,0.8226946931966792,0.7327081838743241,0.05726389809729499,0.7697362047395389,4,0.07183900953650652,2271,2271,0.8226505020029111,0.9014429853002657,-1449678.4418878853,2899358.552360286,-184.01368381210062,4,0.0026531374226189397
2055,0.11815505497438862,1576,1576,0.3587538221206573,0.37799774918736784,0.35611662628604596,0.08726425095158051,0.38761992910858273,3,0.14112294008990772,1315,1315,0.3475622426548257,0.4836145266306092,0.3661595437391524,0.07709426426335325,0.44602724595398735,4,0.0229678851155191
2056,0.04879578375196044,3634,3634,0.7292381239285373,0.8315980178684783,0.7314486649310125,0.06068280950109199,0.7990538397859631,5,0.05527562726916704,2561,2561,0.6789173015581834,0.8098097403678941,0.6013959501659834,0.25955324336235447,0.7153695308189612,4,0.006479843517206596
2057,0.02218632475036593,1957,1957,0.4097317835215589,0.5564753112730673,0.4030473969814238,0.05305697445721051,0.5422864410464266,5,0.02168403326933511,2085,2085,0.4952719961712493,0.6399092176422594,0.47137156799362556,0.09042104196612091,0.5906682898914841,4,-0.0005022914810308178
2058,0.21729030060027577,2149,2149,0.794059375510956,0.8663715722603396,0.7924117889177927,0.06481706774167921,0.8090397205078584,4,0.24872774097855305,2499,2499,0.8660316146029784,0.8434652984298919,0.8631960833749428,0.029938549269906255,0.8298906984482173,4,0.03143744037827728
2059,0.2158497699050221,1431,1431,0.5764290380829158,0.669475204988909,0.5406353864011549,0.14441518066147793,0.6183168276540796,3,0.2409381213351215,1423,1423,0.6739210698940202,0.6531094031883944,0.6643089968234452,0.053748732580810005,0.6700599321040082,4,0.02508835143009938
2060,0.08144282627319611,1557,1557,0.7538953146482537,0.7347820298584877,0.6618397945466119,0.16696798781378022,0.6579622206550427,4,0.10035100730441808,1529,1529,0.7558100383006902,0.8265195225257428,0.7386083682701275,0.035998894899565835,0.755828150813777,4,0.018908181031221966
2061,0.192545026287665,2804,2804,0.6520910273896683,0.7746080325651412,0.5966425612113284,0.26175578668921046,0.6969580504866263,5,0.38040694520217266,2028,2028,0.7855656249160058,0.7761751109980817,0.7882162543855743,0.09591610492113241,0.7831167418006603,3,0.18786191891450765
2062,0.5627939948682951,1788,1788,0.7486109123069915,0.7915481325171707,0.691609934398778,0.12945004304821883,0.7076783879249406,3,0.6940143495271178,1520,1520,0.7850741715056654,0.7786663123149615,0.7722816508493495,0.10653982939098543,0.7620510435126052,4,0.13122035465882276
2063,0.056459120834929016,1907,1907,0.5902799159839234,0.7152201544054637,0.5505580100607509,0.15103221976453657,0.6686028328062541,4,0.06874775112098636,1883,1883,0.7369944625755167,0.767172804429808,0.7398801102534046,0.046600228326276166,0.7600374792784119,4,0.01228863028605734
2064,0.08255029212785546,2864,2864,0.6191535056647914,0.7836922850399195,0.562285711292589,0.17687064788806575,0.7062956667324258,5,0.08416362204823527,1866,1866,0.7591884103083938,0.82513051884215,0.760129605467538,0.11013459274721923,0.7615489216716398,3,0.0016133299203798107
2065,0.039824126293452757,2257,2257,0.6610725328240947,0.6119081195566858,0.6473097154494244,0.06838004511852354,0.6177629624243918,3,0.03708796758280924,2297,2297,0.6180701783301497,0.5465033623535362,-624222.764939869,1248446.7844333465,-157.55033487915907,4,-0.0027361587106435187
2066,0.06282255811279892,2383,2383,0.5797000430723291,0.678636305593947,0.5470548753859872,0.1627148411123785,0.6294408913659397,5,0.06806447122025967,2370,2370,0.7746669887710036,0.7801778622888633,0.7612909318383589,0.06810962041557572,0.7856580116129125,4,0.0052419131074607495
2067,0.1771588510622073,2249,2249,0.5190302677250282,0.5815746837080166,0.5555861162193627,0.12418341963872208,0.6245695276286278,4,0.27076142247589996,1173,1173,0.6811177087034608,0.6202343700762853,0.689164705471305,0.08107995876114826,0.6647179615107364,2,0.09360257141369266
2068,0.10561543221671935,2703,2703,0.8011788451388753,0.8150674358232761,0.7837809831164396,0.06812962102933223,0.7573206049759715,3,0.1350771185279161,2775,2775,0.793045447909635,0.8942909218445327,0.7913116142721519,0.08148786432637023,0.8204044659337131,4,0.02946168631119675
2069,0.07845456313394868,1546,1546,0.8127634626541682,0.7868790647150651,0.8252629814077302,0.06469131398538366,0.7992561524346856,3,0.1014645163963951,2091,2091,0.7288320795640759,0.6090630200208005,0.7283248777352003,0.1523864025456567,0.6198170426570444,4,0.023009953262446425
2070,0.0897296201566102,1886,1886,0.6144729091320178,0.7493656897114724,0.5717766724733312,0.1389277614990686,0.6331605818180662,3,0.12204359904671264,2065,2065,0.7206840742538116,0.7057376998958147,0.7335257568347382,0.057224286181654725,0.6889210415437675,4,0.03231397889010244
2071,0.10802361636229281,2173,2173,0.8291878401091451,0.8686078530615285,0.8234061887552224,0.014572099001757563,0.8696963139691484,3,0.15625997722712287,1944,1944,0.8568034940411187,0.8059949422085297,0.867230403587306,0.05399337563940459,0.8267119322381156,3,0.04823636086483006
2072,0.1379058524287295,1882,1882,0.6040048184577766,0.6435678709263462,0.6124209846970561,0.0701469155500607,0.6522554940070336,3,0.13619158721836314,2221,2221,0.5701402166980456,0.6195692973374483,0.5609795858439097,0.03234472950125985,0.5702733139212269,4,-0.0017142652103663558
2073,0.15969781766236052,1328,1328,0.6972012442597874,0.7525338418598634,0.5560695166265085,0.3326467736467511,0.6648114072078938,3,0.1898068989796618,1516,1516,0.6820065316603958,0.7962766950322466,0.4880424298694319,0.4795893829831807,0.6901774152474933,4,0.03010908131730128
2074,0.2011491887033258,1095,1095,0.7515474023305542,0.8596526701466598,0.6803489267669374,0.1553376890202719,0.7841179284981891,3,0.2537398726829025,2726,2726,0.7097774828137484,0.7775554905706819,0.7071180979884147,0.13852250646562508,0.7256955081059188,5,0.0525906839795767
2075,0.5418763121612215,2014,2014,0.7329690965477922,0.737273723268091,0.6672988581854873,0.19555812527133812,0.5804262747426138,3,0.638503705642133,1930,1930,0.8033892915836928,0.8244383466758624,0.8009141953729219,0.06991581954696316,0.7162551924937154,4,0.09662739348091154
2076,0.10338456283498591,1739,1739,0.7841483551395889,0.8741913844108731,0.7732195632643762,0.08902738424144079,0.7600133731474781,3,0.11521139263337397,2300,2300,0.8176884701276506,0.9059321462467996,0.7811963253682082,0.09596154065937396,0.7602559330324264,4,0.011826829798388061
2077,0.36396516129566275,2098,2098,0.6912377471684528,0.7713118157089546,0.6149160126814399,0.16254645057536737,0.6251541081513214,3,0.39270438704695,2020,2020,0.7481487992929773,0.7658761178592661,0.7706220131512875,0.0644464559938775,0.7454356470904662,4,0.028739225751287234
2078,0.3570231140329928,1768,1768,0.8233765437309648,0.8502033715893387,0.8000365360133711,0.08788903527711377,0.702698056128907,3,0.40900651724130277,2128,2128,0.8171070206090045,0.8783098458736774,0.8289164352188656,0.10173719157696207,0.7632191762100833,4,0.051983403208309964
2079,0.31800000490816505,1665,1665,0.7022956336293664,0.8374867080270615,0.6681713377385966,0.20801145008663566,0.6763984824085947,3,0.3286421228422577,2161,2161,0.7330410359798715,0.7198944889932828,0.7686680820468698,0.1295791187190302,0.7422255989127238,4,0.010642117934092643
2080,0.5367991713375521,1852,1852,0.7087036432719691,0.7684810934749828,0.7092979728841874,0.07602804501536534,0.7469004845700296,3,0.8210315666787309,2195,2195,0.763077094231295,0.7663514896646066,0.7432265196185044,0.083959199068418,0.6984204891863042,4,0.28423239534117883
2081,0.06512505957007723,1132,1132,0.6489353166376239,0.8077444052244651,0.6493969613935409,0.04040821734870606,0.801728858719379,3,0.07050881291296883,976,976,0.6228682495377661,0.731705380230975,0.5621240264825315,0.18374753495899634,0.6031972879091532,4,0.005383753342891595
2082,0.07048708335078013,1046,1046,0.6639550422029381,0.7619060328815275,0.6300961276725957,0.09316696247808116,0.7254642793171159,3,0.06825554985628514,1974,1974,0.9063737607431193,0.9061930064437616,0.8984185529707003,0.03535070093356643,0.8981856940702037,4,-0.0022315334944949944
2083,0.7635587222963034,1551,1551,0.8120375172831719,0.8539362001319573,0.8113965870446997,0.03441653397690311,0.8250085169903772,3,0.7380071882876164,2419,2419,0.7759448905516322,0.8582607382980564,0.7804256676207295,0.062046462333459104,0.8099151409477708,4,-0.025551534008687038
2084,0.4179834245648208,2049,2049,0.7068379662672564,0.8378352370446418,0.6995535664219603,0.08093707407990686,0.6469753293992556,3,0.6711380060037148,2361,2361,0.8361226818323715,0.7928105901557336,0.843011004845758,0.05132933186741362,0.81669845155894,4,0.25315458143889397
2085,0.19346342932413865,2252,2252,0.3542181520419341,0.6556517969560975,0.2721308021103651,0.29720462767599937,0.5131338916639655,3,0.26498874052716226,1869,1869,0.3131580296728953,0.5666878717545673,0.2979877528696436,0.198005342496276,0.5182777877675336,3,0.0715253112030236
2086,0.12064691741149655,1803,1803,0.5891038414378327,0.7656505668425642,0.5854046399047929,0.1371912855266878,0.7214303242423625,3,0.1251920027702818,1759,1759,0.739888438228719,0.8619394351829132,0.743300438892961,0.11105210635077442,0.8328111724400561,3,0.004545085358785256
2087,0.17937213903598945,2271,2271,0.40495078596921774,0.6609954176848227,0.3070490560392411,0.15481859466596654,0.5805276936279636,3,0.27957700988762235,1438,1438,0.2158424718541626,0.5829808305758507,0.18130368903430116,0.14242991705498562,0.48985341139076755,4,0.1002048708516329
2088,0.08302964992812532,1287,1287,0.7567664571441995,0.8042153607427084,0.7095277260547416,0.16662330061301472,0.7681072733098748,3,0.08331073249643452,1931,1931,0.7372475802733691,0.8496752762725952,0.7110728851394604,0.06132777091597909,0.803392811504443,4,0.0002810825683091933
2089,0.06721548108986403,2854,2854,0.6190070091903238,0.795442690195685,0.6046458130762972,0.09651680367548882,0.7502258439716897,5,0.06811639624905068,1810,1810,0.8043304139939165,0.8561406391674666,0.8028448772397665,0.06350545755050004,0.8295536658489343,3,0.0009009151591866521
2090,0.1298748883562956,1453,1453,0.5108555987719434,0.44876195089539594,0.5549621222674893,0.10515146684575931,0.5452754812413706,3,0.1560744618710417,130,130,0.4033967172002063,0.37505536935061423,0.4033967172002063,,0.37505536935061423,1,0.02619957351474611
2091,0.09912099656810161,2455,2455,0.8363097935355183,0.8428477644017073,0.8127103480316323,0.07899996034317343,0.8120800934558359,3,0.12222807747437267,2637,2637,0.8375696068643852,0.7998855168821379,0.8081892778999908,0.10010100800083709,0.7494393606031127,4,0.02310708090627106
2092,0.059201902794781366,1580,1580,0.3697715419313339,0.5912579524823517,0.357413340072386,0.16420240028271882,0.5472518756287702,3,0.07162764972111746,2696,2696,0.7947533587253901,0.8884320752494578,0.7712199076457659,0.07053955841916017,0.762274539005931,4,0.012425746926336093
2093,0.04956438480488099,1643,1643,0.6166178438807888,0.7744521967635214,0.6017179899726549,0.18845044711781114,0.7446260566664386,5,0.051062107171316394,2166,2166,0.7494219589711619,0.8226946875089884,0.7236993079072798,0.09316147104259523,0.7134428277043388,4,0.0014977223664354028
2094,0.06085354389936736,2225,2225,0.8243262026286469,0.8879195332478278,0.7969146721092422,0.12564174573063422,0.8322531484807595,4,0.06449471991200331,2171,2171,0.8540762218180971,0.8964599213349955,0.7964936571253929,0.13008163903623632,0.7976088535892725,4,0.0036411760126359508
2095,0.08733103333764025,1837,1837,0.5446858974211568,0.7238916577162424,0.4721916491008106,0.1732404895979837,0.5993857149093048,4,0.12056761746550672,2344,2344,0.7135061329899859,0.8314565156806011,0.6799344160160444,0.11494746597979869,0.7247608394891487,4,0.03323658412786647
2096,0.1682613134611373,2074,2074,0.7436624921156414,0.8255325447729294,0.7391622441631149,0.0618205321772039,0.8256017641407083,3,0.180724084838678,109,109,0.45377218648807516,0.6585792519934737,0.45377218648807516,,0.6585792519934737,1,0.012462771377540705
2097,0.03890962718998494,1711,1711,0.6947357295143125,0.780528447341396,0.697077180330972,0.014397890681348634,0.75490983911122,3,0.045943046764199004,2400,2400,0.8157357113240968,0.7705343260353547,0.8114245366707837,0.012553461135866759,0.7880711545115482,4,0.007033419574214064
2098,0.08988988929482944,850,850,0.6355046279134017,0.8031174936320995,0.4795916728280303,0.3319734710221399,0.6874473936994656,3,0.13080643891141966,26,26,0.37855343616613435,0.6534052563080812,0.37855343616613435,,0.6534052563080812,1,0.04091654961659022
2099,0.08000744991426463,1589,1589,0.602279567198039,0.7489451724516636,0.23611542682832792,0.8576184884488962,0.6157510800393159,5,0.09266169361073975,1509,1509,0.7618764902103797,0.8423067414844638,0.5894516488250454,0.3906601199635662,0.7065446212879032,4,0.012654243696475123
2100,0.16612010444149228,1224,1224,0.4619866000830407,0.6484598508881313,0.44064939640035794,0.17833598786613894,0.5735298895782471,3,0.34172553087359875,58,58,0.7695509330328638,0.5535409022660097,0.7695509330328638,,0.5535409022660097,1,0.17560542643210647
2101,0.054474758113290896,1978,1978,0.8240364312788933,0.8889332921069097,0.8195791295088174,0.07493354383551633,0.8534256522472292,3,0.05604892176377147,2019,2019,0.8796061421829134,0.8965556045475581,0.8816996686122403,0.03316173327849784,0.8667868386675797,4,0.0015741636504805756
2102,0.05429335120925496,2024,2024,0.7065952599653847,0.7856894605298248,0.6700966652001152,0.1395371541445416,0.7510907900176942,5,0.05794540700420518,1700,1700,0.8536330314850903,0.7896258248945008,0.8162542400279482,0.07553635618330269,0.7391487874007435,4,0.003652055794950225
2103,0.05929642933849142,1259,1259,0.6494108559680689,0.8094918951165962,0.6563494246552081,0.04294664019985709,0.8026814332181762,3,0.06310189305942802,1517,1517,0.8782296256431202,0.8775393324948622,0.8702018256375116,0.04486381843352294,0.8646359196744265,3,0.003805463720936604
2104,0.07903486941242842,927,927,-6.504803732670163,-0.8150763534433689,-12.843852727414193,14.462558129157657,-0.9331918487007799,3,0.06872643064766612,1576,1576,-1.8389926764630924,-0.21483193588501814,-18.44660500149736,33.78507592773878,-0.7255834892795422,4,-0.010308438764762298
2105,0.17680755471129242,697,697,0.4104400849508818,0.36209044669424517,0.3495760083655155,0.30822286636801915,0.358221095456217,4,0.24257017776817083,1250,1250,0.5426403275354041,0.39659311424606514,0.5632129305658227,0.11798683605835417,0.4514351687666292,4,0.06576262305687841
2106,0.11545545498518056,1447,1447,0.6286148565662241,0.6896166191882808,0.6072539861751901,0.026744136090002604,0.6784316888114631,3,0.13586321180912722,1621,1621,0.71362862132977,0.7153936810213605,0.6605721492248348,0.12971579333708003,0.7258813338728329,4,0.02040775682394666
2107,0.08655850938392974,907,907,0.5547167794271155,0.6235956988740001,0.5703179649731351,0.11657252766557115,0.5832463103726583,4,0.0825004584066396,1757,1757,0.6701585300475665,0.6258572732369801,0.6791467696995337,0.12483868919659594,0.6510818588337994,4,-0.004058050977290145
2108,0.1257554095231731,1664,1664,0.6563187483743903,0.8106453460757794,0.630752284166426,0.0648007939058179,0.7427510289892819,4,0.13725235401327873,1720,1720,0.7929602013356734,0.8881323646103312,0.7913071488662846,0.030551177497495578,0.85069841386303,4,0.011496944490105632
2109,0.04053565270546858,2763,2763,0.8371013527729059,0.8577030713224825,0.8282271618375077,0.03139668514631339,0.8085920455629634,4,0.040591930885559256,2608,2608,0.8187405322308344,0.8017704566431026,0.8206890170776124,0.025423539684970606,0.802069079314369,4,5.6278180090678365e-05
2110,0.03774765906180174,2579,2579,0.8226956630376809,0.8628916876451409,0.8177609674826483,0.028569191805325276,0.8125577932735304,4,0.03964397888480818,2238,2238,0.8666249981367529,0.8913208779583338,0.8660718936394625,0.020289292422937807,0.8877847852132841,4,0.0018963198230064413
2111,0.10565599321588581,2550,2550,0.7862882144337702,0.8246533137883458,0.7448701284059911,0.08426988029386132,0.7108194577956055,4,0.11182546530444146,1915,1915,0.8032134282215153,0.778005311815396,0.8057688903611941,0.02764780591090524,0.7832521664648661,3,0.006169472088555644
2112,0.04841491423113762,1955,1955,0.8127661732474304,0.8216033642146439,0.7974078042961837,0.05494447545393372,0.8009947788365661,3,0.050258534488605226,2335,2335,0.7522944691519116,0.7356670468845627,0.7329873956783901,0.13608836977907832,0.7124684024749555,4,0.001843620257467607
2113,0.15007732693365644,2209,2209,0.6645322150280302,0.6424486548725072,0.6643151885343036,0.017628116490893894,0.6349970184118233,4,0.16875101561364186,2177,2177,0.7229785889722122,0.6691680642122376,0.7424002391332083,0.08154797228428234,0.7095291467751422,4,0.018673688679985423
2114,0.11038014948799513,2599,2599,0.7882253038932607,0.8632077433315847,0.7399540726919922,0.12687769800082857,0.8053836239285044,4,0.13335371061181808,2328,2328,0.8035703489946538,0.8360154897166686,0.786762552231681,0.04860907619570266,0.7654049004016932,4,0.022973561123822955
2115,0.06840413348340452,2032,2032,0.7944784098183512,0.8234183439613701,0.748783729074102,0.08744126397891896,0.7885559665347097,4,0.06846644742975151,2325,2325,0.7320039285760063,0.7600224786899755,0.7479595454809435,0.07922881087966645,0.7449639928790605,4,6.231394634699516e-05
2116,0.38004361985732127,1321,1321,0.699034404707698,0.7620348411912833,0.6335632624066826,0.16276271003175105,0.6129403616585359,3,0.6054175309673832,1828,1828,0.7753773228215246,0.7434758119234894,0.7789500803062989,0.09395743482561415,0.6677333598852164,4,0.2253739111100619
2117,0.3458400184191646,2036,2036,0.7510850310590983,0.8456704737578739,0.7297791486024016,0.0862963766767426,0.8070717237482247,3,0.33647436611713827,1969,1969,0.7096737934616717,0.8083105561680711,0.6848205502132524,0.16349288729355624,0.7604546001408845,4,-0.00936565230202635
2118,0.2941223780314128,6,6,-148.18656111748234,-0.6273738432833789,-148.18656111748234,,-0.6273738432833789,1,,0,0,,,,,,0,
2119,0.02881166248204334,2602,2602,0.612686020792983,0.8006629528079859,0.5388473810919233,0.18315629681691858,0.7573364764401631,5,0.029624982188534033,1642,1642,0.6005915056482103,0.7968913229981575,0.6000706923884404,0.05949861982475983,0.7916797657776553,4,0.0008133197064906922
2120,0.027161188305507587,1293,1293,0.5026154248820442,0.7054321348807284,0.360879620671778,0.13771395499154446,0.6129296738212356,5,0.029552050945328614,912,912,0.6136147114929167,0.7346058501091111,0.5535647828082637,0.17357148133737002,0.6771452721536952,4,0.0023908626398210266
2121,0.02473436966609838,2478,2478,0.612589161255783,0.7591888596976136,0.57144010326889,0.1062922891469458,0.7146225160607657,5,0.026264178320235074,1510,1510,0.6405317516109421,0.7190041937264091,0.6464730951178905,0.05742307293632485,0.7253436590767767,4,0.0015298086541366933
2122,0.04144451799477204,2176,2176,0.6736269631387866,0.7000698440919206,0.6883937130974308,0.12090691323762685,0.7184040841165483,3,0.04198754823907043,2209,2209,0.5942104253912404,0.6560514019150132,0.6293084191974515,0.10473504845763358,0.685330854957766,4,0.000543030244298387
2123,0.024995826592380633,2953,2953,0.6204684565708866,0.5945208434612537,0.6124623965593581,0.07931054954057042,0.5924816794254201,5,0.02602751323791407,2313,2313,0.7207935875454213,0.6495877244221084,0.7122876012633848,0.04636135778408212,0.6415161867354984,3,0.0010316866455334361
2124,0.05777524076508112,2286,2286,0.4765899674075921,0.6271963024389628,0.4834113513619946,0.03032654865835711,0.6111978051508943,3,0.06357375348447952,3086,3086,0.5543245511930993,0.7009038274626163,0.4200159493485273,0.28451876014283983,0.6342005174620233,5,0.005798512719398401
2125,0.05501294343377051,2425,2425,0.5006443817259676,0.494242609834434,0.5245139748390687,0.09646203046112521,0.5235312313237696,3,0.050427627013853164,2864,2864,0.5719372663699427,0.6307101838339868,0.5676643838706446,0.04363662840508946,0.6317918440677178,4,-0.004585316419917343
2126,0.048380018155603624,1737,1737,0.6266641443707602,0.6284442712716103,0.6236124841816132,0.07146546170917323,0.624661777945724,3,0.04923535262829758,1635,1635,0.6691669533089517,0.6630508991547118,0.6054048657043292,0.07679398590585575,0.6881537272561922,4,0.0008553344726939527
2127,0.07743438706961077,1848,1848,0.5151620560395442,0.41609911653246623,0.5410126840896331,0.12440040002202268,0.4606759004004816,3,0.09873002204583153,2336,2336,0.4051395349195891,0.3231462101724737,0.4314395606443689,0.22726015373194722,0.33069382467599057,4,0.021295634976220765
2128,0.06497452839267924,1813,1813,0.23609010909742434,0.36662762335488286,0.11704436389081485,0.2766248620708585,0.3102530255213369,3,0.07042550184838162,1908,1908,0.3738394647178067,0.44126563225394333,0.3195321223855707,0.360532539329945,0.37333629941065294,4,0.0054509734557023765
2129,0.16007565350744216,2399,2399,0.5642455554716206,0.47110437136679595,0.5514084976482335,0.16242384165903287,0.45140291217231593,3,0.16749555866346652,2348,2348,0.500895709940027,0.3898182220887979,0.48937288756454106,0.11218794054738834,0.38390787150674066,4,0.0074199051560243645
2130,0.13360845989455106,2958,2958,0.5102101236865642,0.41316560035920213,0.5109622981808823,0.10055138573036129,0.40628740386312456,4,0.22305329239794186,70,70,0.7500660068213822,0.6388494356255856,0.7500660068213822,,0.6388494356255856,1,0.0894448325033908
2131,0.2329643830467322,1689,1689,0.5116165389617808,0.5115066477816139,0.5168693015546759,0.1077512982712175,0.48691192372700026,4,0.3990926421605624,39,39,0.5560147174592748,0.393805191289033,0.5560147174592748,,0.393805191289033,1,0.1661282591138302
2132,0.05560893374325468,2277,2277,0.69599327130448,0.8258010082637939,0.6996430641564978,0.0780486234973692,0.7578600256222313,5,0.05810521289731379,2296,2296,0.7680837695519478,0.8093580062035017,0.7586170282220657,0.09160824143617997,0.791434266835207,4,0.0024962791540591098
2133,0.07213253328972319,1709,1709,0.5308575256960151,0.564892777344864,0.5764706433020239,0.13748561896606515,0.6269007595390631,4,0.07935417284811169,2095,2095,0.6426805028557829,0.742627844156354,0.6211848823501949,0.08966410911280903,0.7095377303712052,4,0.007221639558388504
2134,0.10631777058293203,2272,2272,0.7964680651367062,0.8040415759939745,0.7006595758949056,0.22566087906367588,0.7175090369778937,3,0.10713236198378763,2610,2610,0.8316248659895141,0.9000715159278783,0.7070747037525251,0.3088288857906486,0.7390276551585029,4,0.0008145914008556021
2135,0.17441819134284053,2197,2197,0.6180482579780489,0.638225225045862,0.6316307945472935,0.05943440111397575,0.6324443261947366,3,0.19984176225256317,2138,2138,0.5731068159703461,0.5035244620582657,0.6595495424878968,0.17465418639279245,0.5823721175001245,4,0.025423570909722637
2136,0.28838430967916745,2403,2403,0.7718907103039491,0.8324035437498887,0.7531154443391818,0.06460071336581977,0.8035654419089638,3,0.35427154832159585,2380,2380,0.6632833545144665,0.8210415938115423,0.7024914103125556,0.15398258544706422,0.7869720317539666,4,0.0658872386424284
2137,0.056199447584517316,2906,2906,0.7219276464416067,0.8370284138175684,0.7111205760335462,0.04105117640093914,0.801581098920759,5,0.06725693610418601,2679,2679,0.7743342559697848,0.8103736567753074,0.7656854059637759,0.03459351814551629,0.7751857388058002,4,0.011057488519668694
2138,0.04139438499102058,2953,2953,0.7133062093929852,0.8331890004338394,0.6966491084985375,0.1280454394167059,0.7665648593599131,4,0.04058195908535032,2172,2172,0.7101962038280865,0.8187238063498679,-5954445.635648674,11908892.701781074,-238.0557107274857,4,-0.0008124259056702596
2139,0.2263617454282062,1698,1698,0.632158528239779,0.663284026519375,0.648022070688144,0.05608867195227025,0.6808387008812806,4,0.31004824948113496,1646,1646,0.5781729409834256,0.6182545072496641,0.5624560785484317,0.06843632319996813,0.6048086957087863,3,0.08368650405292877
2140,0.17528945169618035,1182,1182,0.3912949294002801,0.5838733658131066,0.4845502328220616,0.27428022986752715,0.4950420611923507,4,0.31058909256462275,859,859,0.4215313992301819,0.7219956086826126,0.26877199500648513,0.7205519813889938,0.564194448209809,4,0.1352996408684424
2141,0.07241334527733609,2793,2793,0.5565726122775647,0.7166304406295134,0.5879921048165873,0.154658278409272,0.6754145636071799,3,0.06461195806340568,3206,3206,0.6963205290252177,0.77570574393835,0.6606731933247656,0.11622896656373509,0.6495570377901114,4,-0.007801387213930408
2142,0.03484076885665259,2112,2112,0.6971457907112808,0.7340909619230549,0.6952202104160916,0.06068115129488483,0.6853894662679341,4,0.03222109757420414,2599,2599,0.657129376815238,0.6313586314595798,0.6623020662797487,0.06819078397389557,0.6300384931781228,4,-0.0026196712824484505
2143,0.17830694809955144,3150,3150,0.7945723620346221,0.8279227989906086,0.7972432154567016,0.021078294007875923,0.7944288656335755,3,0.17166641069059008,3112,3112,0.7302935327272231,0.6760558058097357,0.7183001286170241,0.0863164325475288,0.6701208993884659,4,-0.006640537408961367
2144,0.17844842853936627,1689,1689,0.660761063660994,0.6316779452887978,0.6361505871413885,0.03771987288163083,0.6151619517565154,4,0.1965807608330824,2707,2707,0.5167601508819555,0.4952990043948351,0.5102829442838965,0.14984534901743385,0.4577448994966163,4,0.018132332293716136
2145,0.029309630673378707,50,50,-0.06096784399287114,0.5369065934309073,-2.0870228898343055,3.889703518873577,0.2122047894993416,3,0.023196399832765262,3,3,-8.182142404887117,-0.008696119408509118,-8.182142404887117,,-0.008696119408509118,1,-0.006113230840613444
2146,0.03713034994194568,2794,2794,0.6681517302781164,0.580883680952375,0.6566679368774411,0.09033854727964234,0.5730598249897882,5,0.03714841154100753,2153,2153,0.6861150034147898,0.6087616548139749,-2245933.8471787847,4491869.082353608,-211.91317326999797,4,1.806159906184851e-05
2147,0.1350041043026808,2281,2281,0.788300996361309,0.8626455055141813,0.7747924208747845,0.06580843224608281,0.824164209547491,3,0.200198649053597,2522,2522,0.6642297917818651,0.6911187579533002,0.6713103679510062,0.1099611044449689,0.6341569563763602,4,0.06519454475091618
2148,0.03151868803131806,2603,2603,0.6005693725769805,0.609752587637341,0.5621608741668684,0.2563620451189638,0.5643196908439546,4,0.03178389695710701,2014,2014,0.6481258681568597,0.6814040076595531,-1275667.462222811,2551336.2494526566,-301.92940289253005,4,0.0002652089257889484
2149,0.044792970814778815,762,762,0.6155029586480417,0.7623222371232891,0.5530983451274899,0.08174245665019911,0.6663118303892,3,0.039936717380713894,2008,2008,0.7067119959339478,0.8195725819205951,0.69889159240741,0.06808581759908167,0.7810345531754864,3,-0.004856253434064921
2150,0.054994599956027915,3283,3283,0.6511414858107325,0.6182461181505328,0.6513317673779092,0.08180234078235571,0.597261307573614,4,0.052537414710236846,2545,2545,0.751350146731673,0.702633027378821,-677144.6930378423,1354290.9185484457,-273.7290696268131,4,-0.0024571852457910687
2151,0.028000039383824008,2033,2033,0.619589425555414,0.6063252750154347,0.6235428203876912,0.06565413415139568,0.5996848668855622,4,0.03189503265222233,2258,2258,0.6962897063401197,0.7577873012289609,0.6879756920076416,0.09620580566359103,0.7011989324038407,4,0.0038949932683983203
2152,0.02730554427145244,3271,3271,0.5651616875308738,0.48361649048017874,0.5968013187832921,0.11306971796834751,0.5119039507599824,5,0.031694087927365985,2713,2713,0.6859265378094762,0.6010836720272454,0.677308388513189,0.03999704049634727,0.5934369540936733,4,0.004388543655913544
2153,0.02170398024695969,1733,1733,0.3361768295292238,0.3137840827465188,0.34147832623114877,0.11435074202922905,0.3228897326956063,5,0.02694570933467822,2278,2278,0.5538362512448549,0.5344815547004986,0.5578612420199422,0.05155022185772727,0.5206614103165341,4,0.005241729087718531
2154,0.1218142827232884,2953,2953,0.6508085575932887,0.7678068007873665,0.6332266261205771,0.06555864594969066,0.6287667513688733,3,0.13144775187841382,3334,3334,0.6568320792218374,0.7032738350922232,0.653484436402487,0.10492811106664408,0.6546910459491038,4,0.009633469155125418
2155,0.19798748802975197,2934,2934,0.6893038238562068,0.7298391563417315,0.6886073869724878,0.054130169736073895,0.7267147962495699,5,0.3408127926697342,2769,2769,0.7954289488765048,0.7622563295393993,0.7967591054200347,0.05477065197752449,0.7529502285111361,4,0.14282530463998222
2156,0.10267335293040006,2376,2376,0.6864609785036182,0.7021394513691487,0.6770774498932584,0.053253493606321284,0.7052494746288831,3,0.11812115089465319,2602,2602,0.6887688279041846,0.6094269172629643,0.7481761610725273,0.1179267726703838,0.6742464590276537,4,0.015447797964253135
2157,0.09308192960784904,1960,1960,0.4867672995963337,0.6701684163717827,0.3783447468399448,0.5806954795723926,0.6006551986651862,3,0.09709063185919255,1989,1989,0.5517770148286367,0.7528270079198687,0.5608754291428765,0.29513065269945526,0.6737437641618773,4,0.0040087022513435044
2158,0.0867661118275113,2919,2919,0.7684160967010369,0.7843530600678325,0.7684902863842185,0.06881420313874965,0.7512148461438816,5,0.10135574146492933,1661,1661,0.7916167720859328,0.8635468279265549,0.8164169257872415,0.10842188361819738,0.8132776464300627,3,0.014589629637418028
2159,0.1103426156407745,1924,1924,0.7630435803545371,0.8698722352511031,0.728429341798886,0.06827825879054422,0.7745134497127539,4,0.1698477751292761,2033,2033,0.7462456137951785,0.8042943504355936,0.7500980428603147,0.041792506639698815,0.7912853172160079,4,0.0595051594885016
2160,0.11474026274253349,2348,2348,0.782594356854223,0.8606498726554823,0.7599915123070687,0.09325530193918959,0.7161940903708536,3,0.13834940773179574,2480,2480,0.7712293360044283,0.8213825280854404,0.7825752566834293,0.06141956770684918,0.8166505482946167,4,0.023609144989262254
2161,0.0980595954217076,2639,2639,0.8370582517032061,0.8899558725405443,0.8332597390489619,0.01855119429268234,0.8282071342593412,3,0.13042447258666726,2672,2672,0.7871173423584348,0.8511329638236012,0.8046870058337231,0.07545901407404612,0.7755258035055946,4,0.03236487716495966
2162,0.05922380570404087,979,979,-0.6988512145688266,0.2990930877164675,-1.1302481549685086,0.7733954192595256,0.18722976506396835,5,0.04738375308601111,1046,1046,-1.4248195978403357,0.03952228371301014,-36205176.96588227,72410351.25250123,-887.19998409077,4,-0.011840052618029763
2163,0.17697119209414316,2156,2156,0.6010497077350034,0.6557648647031737,0.5202574861502273,0.24568838070292798,0.5375573792093135,3,0.15774880622985302,77,77,0.11628112803806456,0.2322600202626942,0.11628112803806456,,0.2322600202626942,1,-0.019222385864290148
2164,0.15965242686723607,1215,1215,0.7360747815855553,0.7324137651540283,0.7082153445497418,0.14175182868325456,0.6493156633542262,3,0.1444315196039897,1642,1642,0.5434505976778009,0.4804494400514926,0.5839597032703308,0.19492929564306177,0.5010087376684975,4,-0.015220907263246375
2165,0.038917079847269734,2567,2567,0.6670277464695362,0.6542829237328045,0.6316941810416378,0.16351382791538796,0.6327045310121059,4,0.03976288899648816,2041,2041,0.5920060558546385,0.46056437792435745,0.6090539625536966,0.09985602394006393,0.4827701187542939,4,0.0008458091492184253
2166,0.031935718167786724,3193,3193,0.5752638288969802,0.6104542794857626,0.5514227009746224,0.06287374040242187,0.573629099818069,4,0.03092415591978496,2525,2525,0.5897710956439541,0.516032368124845,0.6163485676216193,0.09483547072052696,0.5320212735134656,4,-0.0010115622480017655
2167,0.04394485805693053,3002,3002,0.3495055395574581,0.2990808821012665,0.46059593170931923,0.19977836581562108,0.4166295051920595,5,0.05142203019495603,2348,2348,0.6680069373148578,0.5396142232106877,0.6623649149335453,0.021524496716227706,0.5280973629189027,4,0.007477172138025498
2168,0.5046452819945672,2086,2086,0.6112088817214163,0.7365743367181773,0.4748925120847661,0.20074982714622752,0.38465234442860763,4,0.6873406052437508,1312,1312,0.5505190535004645,0.5063224217825886,0.5180962683770859,0.06687505334602392,0.5409237462160447,4,0.1826953232491837
2169,0.5295395118622808,2547,2547,0.6692816978613172,0.8195713532261266,0.6419504402964463,0.12666814867548767,0.7190190617021172,3,0.5603758088594302,1851,1851,0.657087073691997,0.7153531409481959,0.6368007137839885,0.037651978443559664,0.6441435715578059,3,0.030836296997149404
2170,0.20730825581411044,2797,2797,0.6953525982176079,0.8190147234429712,0.4792385285375055,0.48330329140501765,0.5858717264844493,4,0.2734671066604782,1704,1704,0.7362022246808613,0.7981436364940108,0.6116624667772291,0.25414524525525234,0.7371277686216237,3,0.06615885084636774
2171,0.2261495738349638,2713,2713,0.7024427561983548,0.7334093915662276,0.5832370165477911,0.2527914756785533,0.643683388748116,4,0.2258369497235821,2404,2404,0.7838269927912365,0.8663576995206668,0.7654430810747574,0.05469545376353544,0.8342540654000077,4,-0.00031262411138172075
2172,0.0017412363089206165,1055,1055,-0.5205271148274917,-0.2067838934216355,-0.7092166918730047,0.42718603274356026,-0.22936449207826332,4,0.002302955404769003,1392,1392,-0.09056197528226395,-0.11253839786087694,-0.08221885542215657,0.14684195930286773,-0.0880661721971161,3,0.0005617190958483863
2173,0.10799243786210513,2384,2384,0.5474499539698592,0.7746949471811111,0.49648937848786157,0.16210955800768037,0.6839444089135897,5,0.09370195482977041,2065,2065,0.65466108753221,0.6958983026291852,0.6349281479288532,0.13819835278957904,0.7121953281297827,3,-0.014290483032334725
2174,0.12208008007485155,2282,2282,0.6399779192014312,0.7253836456277567,0.6293493665273134,0.05100095755544593,0.6742968720507387,4,0.17833008814511964,2739,2739,0.7543792379140671,0.722352112170429,0.7646021509414944,0.0414708226418696,0.727970565730512,4,0.05625000807026809
2175,0.10860332128487009,1537,1537,0.5510426126616654,0.7697595234496388,0.6268675877612953,0.18933655523707552,0.8019049839002056,3,0.17253103733062744,125,125,0.5105975719339234,0.45704080749153564,0.5105975719339234,,0.45704080749153564,1,0.06392771604575735
2176,0.06585003349914885,1597,1597,0.5918955447024243,0.6153722462964648,0.5758544322042242,0.05686905958321912,0.6111735474515543,3,0.10319719337797784,154,154,-0.3309989171790668,0.07774377646784303,-0.3309989171790668,,0.07774377646784303,1,0.03734715987882899
2177,0.02706802358030717,134,134,-1.195740932085903,0.023326818104663083,-1.0259203429535007,0.9848278957821265,0.1354000278662003,2,,0,0,,,,,,0,
2178,0.04431041029764156,1966,1966,0.5655212397751703,0.5178137779485468,0.583465939722348,0.06900889333896534,0.5901353173980769,3,0.04156780954397988,2987,2987,0.7015813649765633,0.7740443800645601,0.6770587074334435,0.05807160564396311,0.7456081535954913,4,-0.0027426007536616795
2179,0.07532848641601164,2896,2896,0.5485130501646749,0.571470350632047,0.4605494955685988,0.17807891901993708,0.5315012485462789,4,0.07598529996475778,2600,2600,0.42441685259596573,0.37319984848064836,0.43200724792410583,0.13248782733979392,0.4484362769506104,4,0.000656813548746138
2180,0.0549606436162676,1079,1079,0.6659983482675185,0.6179122732027575,0.6735343862072352,0.05783690000337427,0.6693117553091996,4,0.0622150859303446,1940,1940,0.7176847350332585,0.8297645940510923,0.7010549344345053,0.08892427454638331,0.7766462532093881,4,0.007254442314077
2181,0.034886497970994704,2002,2002,0.04036456364378427,-0.1706859878657525,0.350722598222091,0.2919067501087176,0.38834699972974346,3,0.0353764345585976,69,69,0.9282214664551233,0.8894015344580664,0.9282214664551233,,0.8894015344580664,1,0.0004899365876028933
2182,0.25189790142843044,1837,1837,0.7103393167164058,0.7546233498002983,0.6867654820496772,0.15275566552017494,0.689917978262932,3,0.2520973255858688,2159,2159,0.8151559314309473,0.9054983463578151,0.8185479907452526,0.054154110765924315,0.7844303582337365,4,0.00019942415743834374
2183,0.05363298127140623,1395,1395,0.5732606556788458,0.7725761695808585,0.530539362611058,0.11899257513941193,0.7475608015611309,3,0.060128689484009505,1907,1907,0.5329512026444471,0.5773674163055876,0.5217753143882115,0.0923955495596339,0.5863063918303161,4,0.006495708212603278
2184,0.06837844231951179,1530,1530,0.7450416245002852,0.8352164170565651,0.7478342128818621,0.028447499075805335,0.7572299190758506,3,0.06825368892017868,1583,1583,0.6854953596385374,0.8207466324566774,0.602492252029573,0.25333664444075504,0.7210852629510829,4,-0.00012475339933311347
2185,0.10433695645400108,1715,1715,0.765943181946594,0.8448410307263859,0.7378084700465165,0.06702115341334532,0.7823396357135515,3,0.10824382059731101,3275,3275,0.7159942063468463,0.7100954197765166,0.7088177048597177,0.052151598744514735,0.693502732588805,5,0.003906864143309929
2187,0.27899292090816646,1964,1964,0.5821815586249877,0.6617174195010351,0.5323285082837161,0.2514411813060313,0.6058671903154558,3,0.2911667553107104,1860,1860,0.7229020721051932,0.7134570992960091,0.7215605557215171,0.12144986313297026,0.6921340507781347,3,0.012173834402543937
2188,0.1298519700508245,1433,1433,0.8184961333135347,0.8692216126926586,0.6620477029276216,0.2739019015227129,0.7810068833424028,3,0.1423883487995922,2974,2974,0.7511570323231905,0.7250855121198017,0.7495329782908413,0.07300973737679395,0.7252313183220281,5,0.012536378748767701
2189,0.0338814816357177,810,810,0.6639097338900011,0.6864391395446083,0.6859296956264287,0.053220634577529936,0.6730527841519767,2,0.03496980426173677,2469,2469,0.6800014271138766,0.6851406102726174,0.6714024375713271,0.06339207203283347,0.6826012742870449,5,0.0010883226260190726
2190,0.03625856640834339,1022,1022,0.7739230363539034,0.7720145553447033,0.7519830726621373,0.12385552821813198,0.7074997282175892,2,0.03900880615044342,3035,3035,0.7783627538390931,0.7851189162219713,0.764760342701517,0.07919275645072145,0.7721114541389743,5,0.002750239742100029
2191,0.05731958726521886,1237,1237,0.715296701559851,0.6576390781943053,0.45529741249428507,0.420546706286132,0.5951273052333165,3,0.05819843555085556,1335,1335,0.7234660615632871,0.6352445420367684,0.7180600028658946,0.09589504655488078,0.6451363417702183,3,0.0008788482856367033
2193,0.047564875302144954,1727,1727,0.7930464826465555,0.8199843543087089,0.777113953473009,0.04478078624290295,0.802431906489566,3,0.04923809310269667,1535,1535,0.7648826991815569,0.7753970408243682,0.7110295562607912,0.1510124875851394,0.7435514784298626,3,0.0016732178005517129
2195,0.07275488502849876,1839,1839,0.8023777941395643,0.7961152471009674,0.7928225325548374,0.07002680758196558,0.7603834641767532,3,0.08135615685544526,3306,3306,0.7536896313258558,0.797901356523937,0.7550223134893088,0.06803986342340923,0.7842883849403626,5,0.008601271826946491
2196,0.05839512686023029,1195,1195,0.7358583101183311,0.7482973811275944,0.7908939176596629,0.14591620581202985,0.7679190848631636,3,0.05877146645226573,2825,2825,0.7760448063353034,0.7552053868523364,0.7777869753736086,0.08033990162709169,0.7664544330086522,5,0.0003763395920354448
2197,0.051274061392203675,2252,2252,0.7532003499037895,0.8060035833822428,0.7457539110468335,0.04023090290454397,0.7487248785322246,3,0.05279951755556479,1194,1194,0.8031790252591058,0.8216560163443803,0.8049348947652024,0.01945084982082373,0.8164298395516869,2,0.0015254561633611177
2198,0.04548059599811858,1930,1930,0.7857783678605188,0.7465196969440704,0.7809844589546951,0.05063786330609574,0.7439191175700205,3,0.051998787005113796,3220,3220,0.781733275937135,0.7093025424351569,0.7771386868585906,0.05225111496737074,0.707906938476399,5,0.0065181910069952165
2199,0.0979397412107603,925,925,0.7298696944028196,0.7382075067987306,0.531648259451858,0.3281037841996856,0.6529419767979281,3,0.10091550377321683,2146,2146,0.7724145416181525,0.8236147481809191,0.7568976034548051,0.07648410189983779,0.7812473038752172,5,0.0029757625624565326
2200,0.07062231489065353,1312,1312,0.8229134859566758,0.8845162615969042,0.7928561890656908,0.05497209035198891,0.8533854546129648,3,0.07601848369061402,2136,2136,0.7809564545164829,0.8172772617300106,0.7326599979612175,0.09283519169127738,0.750724087257415,5,0.0053961687999604935
2201,0.06874320935743919,977,977,0.7248026855459917,0.7098561476397425,0.6884497876268963,0.11629687332329494,0.7282446972334808,3,0.06825059140964865,593,593,0.6926733060897705,0.7302667354512156,0.6818362318256779,0.13356702416241054,0.7237933524895164,2,-0.0004926179477905412
2202,0.06665450761749477,879,879,0.5642473882818533,0.7433026759696846,0.5186412566890345,0.21849058400237367,0.6629804600990886,3,0.07868543867478481,2178,2178,0.7830358863774717,0.8550733304215462,0.7748090448793683,0.04644323735593741,0.7507660698058839,5,0.012030931057290042
2203,0.13205037412783116,1278,1278,0.6455018608206887,0.8019935854007063,0.5994759563305326,0.08067015082693187,0.7434592965813045,3,0.16690032580741596,2428,2428,0.7701579605310819,0.8561954311030084,0.7673542085924924,0.039940682520982165,0.8112220992917033,5,0.034849951679584795
2204,0.06815959928814877,752,752,0.615595131700245,0.6701941737745086,0.5914199356788099,0.1157713607129659,0.666979580122674,2,0.06741439623405407,1774,1774,0.6773959755757134,0.7728633150043747,0.5197372087962362,0.3074628833075259,0.6931847256269105,5,-0.0007452030540947008
2205,0.040312974768665154,1382,1382,0.7288123343716799,0.7593790817864934,0.7378638546352662,0.041268016760586876,0.7400638191187264,3,0.04674929268206035,3234,3234,0.7236061696477589,0.757278552612511,0.7086097494124827,0.08407187996544865,0.7358510297994968,5,0.006436317913395197
2206,0.03963530500186607,1696,1696,0.7920354159686136,0.7546191606728805,0.8015490104231261,0.04272591810854002,0.7578956909979623,3,0.04793332048260292,3205,3205,0.7351026750975311,0.7257912710834213,0.7447672325944052,0.07916767083167549,0.7425469438461583,5,0.008298015480736845
2207,0.039097578949511796,1439,1439,0.8058394919707281,0.8158322784472045,0.8170853889166717,0.04506393413033761,0.795721227525323,3,0.03723358950137195,1461,1461,0.794454933386535,0.7194961671517346,0.7834542081358541,0.07650921382338792,0.7230266202705522,3,-0.001863989448139848
2208,0.0370684905680797,1812,1812,0.8131198929728993,0.8791648279936805,0.819479158379442,0.035157443378743373,0.8690121715516802,3,0.038943027847444266,2919,2919,0.75508112652465,0.7831549817088042,0.7644175039050194,0.13300685569560777,0.7494270732843253,5,0.0018745372793645687
2209,0.04301678822960701,2086,2086,0.8310995850740568,0.8590029871101781,0.8365992610288123,0.026819783073816973,0.8253639461673247,3,0.04842783243244363,3552,3552,0.8241783156008327,0.8070313287093602,0.8255918930045276,0.030285112588402018,0.8129138844158442,5,0.005411044202836619
2212,0.03827948846519453,1783,1783,0.8324857174294359,0.8613513081492808,0.837558993158171,0.023783679055970005,0.8187724402305232,3,0.04394828648831806,3166,3166,0.8750803927392858,0.9200466628930687,0.872734256482999,0.02113648496488708,0.8896751035641269,5,0.0056687980231235335
2214,0.10778624837109078,2086,2086,0.776627549603566,0.8390306848216288,0.7859023463714525,0.034201716879787666,0.8262706006611147,3,0.11750968210891702,1853,1853,0.8055678493396463,0.7815729610526458,0.7937353743407094,0.012921939029453166,0.7865699874409623,3,0.009723433737826234
2215,0.32969030819859807,2247,2247,0.6819782024971779,0.6966336017970716,0.6825501746065488,0.10988822767261254,0.6923594123483318,3,0.4232376859477657,1773,1773,0.5665754690998972,0.5297524555077708,0.5851128654260526,0.12833009409447807,0.5426080186521796,3,0.0935473777491676
2216,0.10643133834514519,2074,2074,0.7395162283144141,0.7828791113883429,0.7681368308321291,0.07602151548755785,0.7733907677391813,3,0.13180199968900075,3156,3156,0.775453215487849,0.8466445893947021,0.7699378130929737,0.07416295924690726,0.8149240887876792,5,0.025370661343855558
2217,0.049352920744205254,1848,1848,0.8269848103394869,0.8459938030144818,0.7742123718669441,0.10189413134725306,0.8000326199719074,3,0.052838010042337485,3343,3343,0.7641479718257321,0.7994065193179019,0.7481844932533649,0.10075838059896057,0.7418564378006565,5,0.003485089298132231
2218,0.04845964599982502,1396,1396,0.8566780581794007,0.8587534683424652,0.7586306329269336,0.1579771586479882,0.8062830810065678,3,0.053210949792758824,2792,2792,0.8230135772038675,0.8513183571703057,0.8105068784706851,0.10895277216461652,0.8312452299274347,5,0.004751303792933807
2219,0.053983826053566365,1874,1874,0.6701538723270437,0.6836452057849496,0.6270118508552041,0.06394153850193132,0.6409911366159736,3,0.05143973598460954,1678,1678,0.6347483701453276,0.726651661107154,0.6237428532707505,0.23953920546235102,0.6991451886238027,4,-0.002544090068956825
2220,0.0772466198163064,1687,1687,0.6533545428430385,0.659630563060604,0.6638670142236616,0.12245258394249316,0.6607560035859938,3,0.08233688722544176,3117,3117,0.6703818560319346,0.7986148351509692,0.644800639909496,0.139953150878336,0.7513536221061525,5,0.00509026740913536
2221,0.11801927560230278,1684,1684,0.756054241721392,0.8018327792708809,0.47274350242489965,0.5337301209323333,0.6233838109615538,3,0.2026362348704939,2092,2092,0.6944719458252329,0.7645623534779926,0.6620365569593047,0.12661182241542676,0.6742447542473406,5,0.08461695926819111
2222,0.08971666237899772,1745,1745,0.6018490031379126,0.6946681725837219,0.6041464767767956,0.06589088837302738,0.6745997829399407,3,0.08958318684039934,1799,1799,0.6581157462435802,0.7598289912836887,0.6829305308685096,0.07856008192324225,0.7395249954904256,4,-0.00013347553859838213
2223,0.13707069295225402,1766,1766,0.6908653021897548,0.6678621540223582,0.6917959505716191,0.014690239605821265,0.6503672804608763,3,0.15584631511501099,2457,2457,0.7404184121062202,0.7284372330732038,0.7389671385922647,0.11286918027692817,0.7123756411540276,5,0.018775622162756966
2224,0.26323058935113697,1151,1151,0.7221301616158105,0.7207537940982556,0.7091915829633384,0.03538626422678305,0.7335713999987735,2,0.5105603909248108,3067,3067,0.7659435149023063,0.7684042309879024,0.7481445793227628,0.08447271051652383,0.687951978915222,5,0.2473298015736738
2225,0.11613828779928706,677,677,0.8314049134395689,0.7575910361776312,0.8347828644421746,0.011115686415712232,0.7812244093314249,2,0.1413207746576041,2929,2929,0.8216197492809902,0.7911135025843007,0.8082735370596531,0.052780075345246064,0.7414713447860631,5,0.025182486858317032
2226,0.04974848530804685,1034,1034,0.5802502356038519,0.5764941210818482,0.3548552748517302,0.34492422526383665,0.5822363174981061,3,0.05184259283971118,2177,2177,0.7138129553093135,0.6934249151172083,0.6783622137319512,0.16122469876127887,0.6709579302030709,5,0.0020941075316643354
2227,0.08674090175908872,1054,1054,0.6637550189081113,0.679346958599718,0.6550828628312265,0.07087002700792588,0.6602065590211089,2,0.09627392378699295,2314,2314,0.7247582115551631,0.7718282833821984,0.7308202330270251,0.08536052540691957,0.6893795610732316,5,0.009533022027904237
2228,0.09209898960080687,1551,1551,0.6883226032050809,0.7755624950674417,0.7144394166708072,0.17097731069690014,0.7854171073907014,3,0.10756938360095332,3099,3099,0.7157872361025204,0.8259124183377188,0.7060158458853657,0.1617236265946167,0.7194512067662391,5,0.01547039400014645
2229,0.0780765011352149,1337,1337,0.7391742244386286,0.7116242424193897,0.6473353573732267,0.1498525753134734,0.6210152098704487,3,0.09581451905332013,2641,2641,0.7920419366228774,0.8305781055109593,0.7763845736988904,0.05503374293739656,0.8043785714850312,5,0.017738017918105226
2231,0.15025185942910244,1216,1216,0.5978542145353982,0.5394417504579718,0.4738266575575989,0.19693136319019958,0.45960212791803695,3,0.16827644082590204,2259,2259,0.66350339012312,0.6946195597934646,0.6370194451826467,0.09597128780150725,0.616766446888035,5,0.018024581396799605
2233,0.10405232938017403,2054,2054,0.7578486000682126,0.8001942274865161,0.7123300178850801,0.11305239435027754,0.7045328215633364,3,0.13668102863921475,2561,2561,0.7871880805138711,0.7875328070322573,0.7710650433908312,0.09423984345013038,0.732177306786489,5,0.03262869925904072
2234,0.11376815579963884,1746,1746,0.6753797284015273,0.694486738810827,0.6156250284961433,0.11386067061770894,0.5994413118148257,3,0.13263612148752107,1329,1329,0.7693985911664851,0.755258777508167,0.7414396330471978,0.10220856642785106,0.725225823095658,3,0.018867965687882238
2235,0.4146051971257539,2016,2016,0.7779580905707465,0.7887934703113546,0.7986708755078366,0.07781418336789107,0.7728400882636973,3,0.5867250088537704,3460,3460,0.7269495907129093,0.709680438264551,0.7217286376599716,0.06686164908751058,0.6819528976994552,5,0.17211981172801655
2236,0.32930107095268296,2039,2039,0.8005860350029517,0.7903951281527077,0.7969619072714144,0.014570080415382247,0.7750971092089939,3,0.5574653622623292,3475,3475,0.7187189360469385,0.729156388782661,0.7138574704841163,0.051785728217602175,0.7334162205199259,5,0.22816429130964627
2237,0.13989709246541476,1440,1440,0.7845561203322917,0.8705314769323482,0.8298704156526461,0.09986680728483129,0.859257778639892,3,0.20817876288940482,3539,3539,0.7991672255032112,0.8443667690177576,0.793501475227307,0.04164774430654953,0.8195236657761708,5,0.06828167042399005
2238,0.1486502739558162,1855,1855,0.6964094323593787,0.8226023045130813,0.7013679676751483,0.15373680231827208,0.7501005325386281,3,0.22522223670570243,3463,3463,0.7007822368901688,0.6250058144181996,0.7071505536819787,0.0891562703381401,0.6223759484145639,5,0.07657196274988623
2239,0.08134373724201902,1800,1800,0.7315088041698765,0.6853194917327867,0.7695250542979714,0.09724761872832426,0.7125949526623337,3,0.1303028181982018,3350,3350,0.7824007684549603,0.8589939037898133,0.7663051325777716,0.08715512143712827,0.7704841955219888,5,0.04895908095618279
2240,0.06908321990705679,1821,1821,0.7984567919139005,0.7849820128792553,0.820513066905229,0.06341945244513872,0.7672319812968745,3,0.10496593662139633,2808,2808,0.7751621991840143,0.7409181948233126,0.8032191648592887,0.11581033758986861,0.7711564125619382,5,0.03588271671433954
2241,0.05423774666500932,1156,1156,0.7145250051600398,0.7160782209759973,0.6719574618072359,0.15928291347354467,0.6513886192806195,3,0.060659809961227336,1831,1831,0.762505961856338,0.7465861799150295,0.7489518330440379,0.08475929964729481,0.7337287945503779,5,0.006422063296218014
2242,0.07646005812449662,716,716,0.7824749079188107,0.7867325053923204,0.7790691190651426,0.00029155192540840326,0.7844972569297743,2,0.08125572163291966,2855,2855,0.8065434094636607,0.7856393138973047,0.7962107559571476,0.050234987713795226,0.7780205898043968,5,0.004795663508423045
2243,0.040841144453003714,1020,1020,0.7101950024559236,0.8481787662218734,0.6601762542383935,0.17472880053285583,0.8252463701631402,2,0.04826936713689998,2496,2496,0.784711148913391,0.7400292858669429,0.754548756477118,0.04674135463980502,0.7387789875385437,5,0.007428222683896264
2244,0.12010615480250063,1868,1868,0.727614181048946,0.7269536559572691,0.7406526720012753,0.06727759361102158,0.7032083486507177,3,0.21253915940194248,2968,2968,0.8108984590749757,0.8228034477258063,0.7955472742258417,0.07696864625488026,0.7976265768752244,5,0.09243300459944186
2245,0.06102759984480041,1060,1060,0.8073935234252051,0.8083456763470701,0.7964101796029803,0.0713881708905319,0.8102729180416196,3,0.06379504360313386,2447,2447,0.8421862724898137,0.7855613685329546,0.8365207816852289,0.03792673925456302,0.7872167088359712,5,0.002767443758333446
2246,0.05466517941355347,1663,1663,0.8168747238872182,0.8917069597704155,0.8055884329732036,0.05082356917539391,0.8403450500969128,3,0.0568797112280499,2862,2862,0.8556887443590909,0.8783278176978011,0.8515347966494795,0.03385681934768691,0.8420172152345249,5,0.0022145318144964274
2247,0.06807479126899649,1327,1327,0.7291685556923778,0.7410708080258824,0.742721438726981,0.08419071603167727,0.7545761173190977,3,0.06977851455425059,2612,2612,0.7496653973628193,0.6684905420948419,0.704541386874558,0.06969685886278311,0.6550179268835171,5,0.0017037232852541023
2249,0.08331484881393883,1316,1316,0.6619778674858556,0.6799683764510036,0.6498050665062531,0.024017723110115016,0.6419929914659133,3,0.09450347616418346,2331,2331,0.7556898774924355,0.7210193744460976,0.7126403812063515,0.14664221344438763,0.6946925586310373,5,0.011188627350244632
2250,0.07734199959692384,363,363,0.6548753701503723,0.7279675613241194,0.6164843872187115,0.05732500532048948,0.709181433435128,3,0.07508191979716758,1850,1850,0.2035150604478787,0.6151147610798795,0.1661165248089975,0.3553070161744946,0.598118511163503,5,-0.0022600797997562594
2251,0.06254948611613577,611,611,0.6257668170136765,0.7407092223958973,0.6107117019860459,0.2094840189214079,0.6763247583890696,3,0.06855742980452648,1526,1526,0.19481315588316528,0.41399081484045175,0.09781769681884098,0.45988109332048055,0.44287171013796345,5,0.006007943688390707
2252,0.06861558545529318,853,853,0.7051903064772245,0.8370658686598845,0.6543123268153259,0.12385959345723539,0.7846678656834162,3,0.06833320931339461,2973,2973,0.6505212256979458,0.7334680837877473,0.6349184496069687,0.193632080022253,0.7411201411461897,5,-0.00028237614189857707
2254,0.06621383766227117,1708,1708,0.6861714960424011,0.7721315110757336,0.6566462904238534,0.08095630229198718,0.7334763516056099,3,0.06732335627724106,3205,3205,0.6779320410465419,0.7816715068821323,0.6624410146298674,0.08992170745128972,0.7694733797896636,5,0.0011095186149698982
2255,0.04190645024445412,731,731,0.4000810750161635,0.7226916022759435,0.24666450612101667,0.6110696384931813,0.7413700511643482,3,0.041475251323809824,1647,1647,0.5898439387037968,0.714758958441861,0.5499639727619094,0.1612957878361545,0.6997124831426959,5,-0.0004311989206442976
2256,0.050303543024785714,438,438,0.16390229412696178,0.5848074779670992,-0.05711425557303781,1.1842544211067998,0.6071747446070906,3,0.05053301058952575,1150,1150,0.19049793176108454,0.6659954314553975,-0.19410035696930047,0.9602197934665289,0.5827920625423267,5,0.00022946756474003654
2257,0.04912299185129655,441,441,-1.3425159599444574,0.10128813054986774,-10.688953307682572,10.442510038631854,-0.49653184265695094,3,0.0455898074438425,1785,1785,0.26219841342721817,0.6691040482874291,-0.8463374344305665,3.011746503063688,0.5178983862770117,5,-0.0035331844074540514
2258,0.08947533942295045,1116,1116,0.7301976425950654,0.7648650124294979,0.08787403686738353,1.1395017178495406,0.5348936431470107,3,0.09562405194290315,1524,1524,0.7890057571094248,0.8765531750934177,0.7022243453932286,0.15282004452645562,0.8034202176046891,4,0.006148712519952693
2259,0.09483553285205695,1546,1546,0.7049750910225754,0.7245212050385093,0.5420565956625326,0.28724030757048263,0.6183781066316482,3,0.11090635177333,2420,2420,0.7861948992151511,0.8247120669833785,0.7779366032133131,0.08014533610090432,0.8152630318998597,5,0.016070818921273045
2260,0.09081892148018457,832,832,0.6829202257114025,0.6939487811669388,-0.017255750520450624,1.1934146123315208,0.5068076510780405,3,0.08939490627484861,2074,2074,0.6757829079883849,0.7474485884405537,0.6814760849934253,0.1017890303405968,0.6875939941889191,5,-0.0014240152053359573
2261,0.07646590291363436,615,615,0.017578151021366728,0.5572212245658898,-0.13903463798393167,0.8941060649264349,0.6195845822411721,2,0.07520617339467503,955,955,0.2693446268992997,0.44737891864815316,0.020253128901739203,0.40517992961967575,0.4732306413528571,5,-0.001259729518959335
2262,0.11514280554871452,1271,1271,0.6336593902813334,0.6579758368080788,0.5542123032956177,0.11174487968950651,0.6657132988379768,3,0.13305596759127922,2110,2110,0.6026743917029821,0.5976645162259089,0.6098739469618284,0.1295473874661132,0.6192463729757531,5,0.017913162042564698
2264,0.06997648984027541,717,717,0.19318291081072025,0.464512091876089,-0.24024527264243903,1.4306315309767228,0.4979049308700441,3,0.07196274800991807,2615,2615,0.7404563035400384,0.8446687794359281,0.7233456918649436,0.060785828135322656,0.8011364028655372,5,0.0019862581696426657
2266,0.077495009699182,1631,1631,0.787952172175853,0.8382343159214644,0.7277955443209905,0.13292752395511187,0.7372663733336383,3,0.10620844480751193,3020,3020,0.7866327512945617,0.8135160796601185,0.7846487819193694,0.08259456958956041,0.7770569856092004,5,0.028713435108329938
2267,0.051373097733933074,1279,1279,0.5517322842411346,0.5202007132878096,0.5622754876878805,0.12558344804478278,0.5527791076468035,3,0.060614096839134914,2419,2419,0.5435539220587094,0.4936619680186167,0.5407386252205353,0.23056988151947133,0.49619318589871925,5,0.00924099910520184
2270,0.0754901364059952,1340,1340,0.7444010256990469,0.8310658858045425,0.4671473043066288,0.5664205447288102,0.5925736099157121,3,0.11205756628929016,2590,2590,0.7749859116029172,0.7734061742088625,0.7669121068247834,0.0894217350848588,0.761048375991256,5,0.03656742988329496
2271,0.21965606152992423,1577,1577,0.6762670481961606,0.7474719761988083,0.2281526520336948,0.8421919832787449,0.508295655879709,3,0.3537406106180557,3069,3069,0.7365816381954458,0.8333623354710329,0.7389349734479352,0.08395862743598413,0.7909687497071362,5,0.13408454908813144
2274,0.08217525491810554,2069,2069,0.5547261115744733,0.5874843613324091,0.43757583068534817,0.3243553563041876,0.5100487352707906,3,0.09745754174969798,3102,3102,0.7824399945820781,0.7410159875631461,0.756194276650992,0.14931789952795801,0.6787506353051228,5,0.01528228683159244
2275,0.05958219480854808,1548,1548,0.6451548543085285,0.6644450031722016,0.6244188767975138,0.11804726552444766,0.681841311641171,3,0.07181243921460595,2687,2687,0.655542085113894,0.5911193119493732,0.6916812863073087,0.12719322871473066,0.6229086953490409,5,0.012230244406057869
2276,0.058768101428566984,1252,1252,0.669841375782655,0.8369392356005894,0.5075795604279515,0.2528305094509815,0.7017405737415593,3,0.0683005655576524,1159,1159,0.42887490670892037,0.6599959612101682,0.42612808446209877,0.2773166339182937,0.6057780655030753,4,0.00953246412908542
2277,0.0693023927808966,1158,1158,-4.28527742058667,-0.4200353043220424,-4.083690384270566,7.472879447597669,0.21173812317916027,3,0.07570042759727906,1768,1768,-0.6219872164240021,0.38138370953960543,-1.0298450871671823,2.3530112294445105,0.463624769654325,5,0.0063980348163824585
2278,0.20874006925075797,1988,1988,0.7091882390496453,0.7598485789729134,0.6971152989492099,0.022117787237780257,0.6914008489015924,3,0.4035714298856059,3046,3046,0.8452297423878967,0.9163066132705605,0.8310375886804898,0.08293245800446761,0.8888868344753359,5,0.19483136063484793
2279,0.10391268556545878,1788,1788,0.4975067462799986,0.5432926450098012,0.3200322631958292,0.374137234042332,0.45997880777654093,3,0.21579710604809613,958,958,0.8004006006669036,0.8550440047314048,0.8024153154609694,0.030356645775705807,0.7533781091478464,2,0.11188442048263735
2280,0.112651722820221,1214,1214,0.6778350832520031,0.8009073859532034,0.5249388709495465,0.32474939722493984,0.6596036381352101,3,0.1703489329262438,3047,3047,0.7304701921567931,0.6977729109075466,0.7374606300705935,0.10422505646559735,0.7218865171763874,5,0.057697210106022814
2281,0.1541039341825949,1833,1833,0.8025851637247396,0.8202763629848326,0.8037790654581282,0.032475865358389006,0.8149546338757264,3,0.1785685238703027,3154,3154,0.7802248453657614,0.6817135234959562,0.7711776492096294,0.05405980340637998,0.6642965872698857,5,0.02446458968770779
2282,0.05812239692572877,669,669,-0.09721001684627639,0.5328201881432328,-0.33991909797231296,1.2994881800435658,0.6310463465783621,3,0.05708816066627618,2557,2557,0.7209568605139645,0.7763705969410792,0.676281545719528,0.17752812477437274,0.7878608706159247,5,-0.0010342362594525922
2284,0.05153103790952255,298,298,0.01752896637519641,0.3442043245792493,-34.92884793039404,58.201649832810034,0.37495777101991784,3,0.04924610186384402,2188,2188,0.6425474206840134,0.7999770533569737,0.492874259749993,0.42705681407659063,0.6733263318394911,5,-0.0022849360456785317
2286,0.18493473876829017,584,584,0.4689955464482153,0.44263885155255744,0.5390936413411495,0.19832770379104545,0.5301922275544143,3,0.2408357788588435,1734,1734,0.5275106524690298,0.4131559075608424,0.5280588140506378,0.12372689444364496,0.4087390876103715,5,0.05590104009055333
2288,0.09274327732655688,676,676,-0.11324726998048718,0.49964601588824065,0.05404084107987187,0.9275684947646375,0.5794697612072722,3,0.09837626015067348,1442,1442,0.5944347314857558,0.6457876907757191,0.5471416682437388,0.2508062926652382,0.6141471292267134,5,0.005632982824116603
2289,0.07752032728996051,486,486,0.4451036390401911,0.6053965828933354,0.21704433806807677,0.31194136282960877,0.5565776334509498,3,0.07783016616960943,1309,1309,0.5015078565376634,0.5362892620498882,0.43405116677738087,0.18967527737942785,0.5250914503013357,5,0.000309838879648916
2290,0.07142661277565264,310,310,-4.038951287426243,-0.2956795952510469,-10.562795228159466,16.901101862395638,0.11225827734966025,3,0.07847784464812553,1195,1195,-0.041568601295478125,0.5832993019713637,-0.2891563985797915,1.3267238957633012,0.5581781241169843,5,0.007051231872472891
2291,0.06728978221159779,649,649,0.6188045923243528,0.7350429130947111,0.4526111083162953,0.21987457008962732,0.675423951031466,3,0.06773347610387166,1368,1368,0.6454034032863407,0.6073988841765964,0.6060679621449441,0.15828370376717757,0.6010261998955245,5,0.0004436938922738748
2294,0.07200787984525774,1841,1841,0.8205892918210598,0.7197692112445631,0.8172184530632794,0.012431294318961212,0.7000585817721579,3,0.11424529139488936,3125,3125,0.6047717256600494,0.47202293640408144,0.6102466465072327,0.14840784241677255,0.4814326919225132,5,0.04223741154963162
2298,0.1272715032342231,2082,2082,0.7477207987373253,0.7624254930411399,0.7296736908777984,0.06459054676616237,0.7008440958050718,3,0.17470646538463994,3166,3166,0.7512211698147849,0.6223322928646755,0.7507006872123654,0.09060668261841288,0.6232826782051492,5,0.04743496215041684
2299,0.13522695667671236,1267,1267,0.6210896366993525,0.7806574286072738,0.6473460539093717,0.08384866723015659,0.7533501924813729,3,0.1771891638174753,3287,3287,0.8418529569465995,0.8396923811680641,0.8278658555671227,0.07510527194799187,0.8048700401328676,5,0.04196220714076293
2300,0.06497891829213472,1545,1545,0.8389380840805065,0.8446192369923153,0.7830930545299045,0.1397631612874326,0.809066397700092,3,0.08688858932008783,2840,2840,0.7606638960986319,0.6869784864848791,0.7826633623267564,0.12232344900769028,0.714964530058593,5,0.021909671027953118
2301,0.14091823602727843,1060,1060,0.7115641238365473,0.8344945264164794,0.5294428635054351,0.3792872229837749,0.7428096740644333,3,0.17524994448320327,2539,2539,0.7028655980720148,0.7846689810032367,0.6971338490141241,0.019730219474856592,0.7694298372373535,5,0.03433170845592484
2304,0.08404016594768499,771,771,0.5218516441656174,0.596481742720829,0.4973373020801828,0.08377596622018826,0.5182240113360413,3,0.08131687303779274,2533,2533,0.7052226699803286,0.679431990248594,0.6949115807650413,0.09224240989536754,0.6592003322177031,5,-0.002723292909892247
2305,0.15622549513439632,1209,1209,0.7536170879166927,0.8548265987749896,0.7520368777376867,0.1035048934173673,0.8342610944404429,2,0.2126718724376527,2421,2421,0.7932441471611207,0.8746907022107429,0.7714545999442323,0.04030828533344499,0.7848629041140374,5,0.056446377303256384
2306,0.24469205659560359,1919,1919,0.7667201670352355,0.8422522192913128,0.7862293548911999,0.054579887764004006,0.7774099802251628,3,0.33220146993716027,3337,3337,0.7483497842151248,0.8289991614527937,0.7467744263704628,0.08833647349049806,0.8142437060357848,5,0.08750941334155668
2308,0.09978662015110121,2230,2230,0.8105550530942967,0.8111024002214864,0.7755381015028094,0.09979207744937937,0.7804973495869647,3,0.14617920644834814,3380,3380,0.7971204425997129,0.6669058437858715,0.801742747540969,0.049716480575822154,0.6799801280318974,5,0.046392586297246935
2309,0.06472934853462946,840,840,0.576306955910181,0.7922535137375297,0.4772468276907036,0.2970000258134738,0.7456549290751127,2,0.06389114298410664,2231,2231,0.6778288948941722,0.7006840727185244,0.6514132218144377,0.09741914400289944,0.6805770973146658,5,-0.0008382055505228164
2310,0.09228731578919842,1511,1511,0.8373754831792576,0.8573589010032728,0.8530041746476525,0.04365711543139814,0.8696497605784521,3,0.15333577798307196,2922,2922,0.7618938974378064,0.69988362110471,0.7821295584913207,0.0719744099006996,0.7325558348929148,5,0.06104846219387354
2311,0.10251789192948631,1326,1326,0.7911313280486413,0.8577379128465694,0.774744566340086,0.06236746669548122,0.8209373953422038,3,0.1347006282932903,2963,2963,0.8382284402193931,0.755661073614061,0.8376203073746915,0.04477737453888675,0.7759088726620023,5,0.03218273636380399
2312,0.0716386866244804,1418,1418,0.718798733648428,0.8066855712170489,0.6805945515502492,0.14554780868794845,0.7429688894981904,3,0.1032879722463679,2969,2969,0.8556359512232508,0.9198747187176833,0.8342191490800298,0.08361277019716773,0.8388199399270633,5,0.0316492856218875
2313,0.062423014855188017,1431,1431,0.8086096617547243,0.8813500038991384,0.7110680736693937,0.2311337914324847,0.7834317920105698,3,0.08878858389259939,2732,2732,0.8684369052921813,0.8415274442965307,0.8672636365931332,0.05028074848621262,0.832037992235756,5,0.02636556903741137
2314,0.06537214143702341,506,506,0.21173723614778517,0.6465411926756984,-0.0077131694890480995,0.6518908570949237,0.6055769042070466,3,0.060877718926233025,1378,1378,0.6322380300027968,0.7475099465497573,0.5131283423453163,0.18277584244400713,0.6749417923432344,5,-0.004494422510790387
2316,0.07383808264770866,654,654,-0.30121705208358485,0.3961507900385852,-0.41041171742526156,0.5962872801936652,0.3813823169093203,3,0.08844079312619864,1244,1244,0.1007639640346002,0.5867435373176414,-0.07597266356696117,0.8619791137364667,0.5008070701390157,5,0.014602710478489975
2318,0.09927661495926346,1509,1509,0.6867137190003875,0.806764916929041,0.4560960357830943,0.3909409862666799,0.65658153138105,3,0.11434316541757587,2694,2694,0.7973390213576241,0.8205545003278127,0.7446597859519606,0.11152407212172208,0.744490866988049,5,0.015066550458312414
2319,0.09865414335269279,537,537,0.2943573208549518,0.6718302438195909,-0.10065440087944166,0.8324069271692583,0.5516550357147956,3,0.1051690858806844,1599,1599,0.7062119843536694,0.8320972620747423,0.6970905119442081,0.10364777769989102,0.8064498858521774,4,0.0065149425279916046
2321,0.05696513599086228,1205,1205,0.6003503601844302,0.7845228193586131,0.6013811794904454,0.06689543220659738,0.7724496531992656,3,0.06390731365415121,2521,2521,0.881428740814745,0.921318554403871,0.8732345525555987,0.0411327988268284,0.8906677920448214,5,0.0069421776632889315
2323,0.0907239009737372,1374,1374,0.7483652244541998,0.8671213036586561,0.7632986089459615,0.0496360754974241,0.833539158646464,3,0.08928795249801827,1019,1019,0.8133751434392267,0.7963549972656865,0.8041865806572914,0.03717704455731174,0.7455921574542803,2,-0.001435948475718929
2324,0.0614477873743893,1192,1192,0.40935909031358875,0.7169809630352459,-0.2628267190330256,1.0833844875384617,0.5703719183248733,3,0.06475323304920386,2198,2198,0.8153595024597368,0.8983876392738821,0.7663079921371538,0.11696361465544428,0.8411331181218282,5,0.0033054456748145555
2325,0.09794124925881163,1617,1617,-0.029835354411823722,0.520265868057245,-0.5467607190877147,0.9781945244758875,0.3585522327104616,3,0.11853147129667818,2235,2235,0.4944829794869742,0.7131333164241545,0.44254926022136304,0.21641985513167375,0.6622591919006408,5,0.02059022203786655
2326,0.12715622740349686,686,686,-0.547274294286705,0.4162690231078551,-1.01956852535895,0.9385582227678472,0.4213029223731299,3,0.11721819373885983,827,827,0.45039236844236674,0.4906269789438106,-0.06620947129924892,0.8931601003458807,0.3604265635698215,4,-0.009938033664637025
2327,0.12101775414126296,1720,1720,0.7811778076523607,0.8790979944343296,0.7799352942868877,0.04828068107528675,0.8579934810638079,3,0.1399332270134261,1448,1448,0.7583412135392776,0.8321539298645944,0.6509845793920508,0.1511530549455654,0.7533450385915427,4,0.018915472872163122
2328,0.06117916023975403,891,891,-0.16749417829527347,0.5435991000671563,-0.25603875478528787,1.0140222239017656,0.6251496223188479,3,0.06630407740469484,2062,2062,0.5415127977849108,0.7149780451354592,0.29044153635284947,0.6696309361077225,0.6643873403132949,5,0.005124917164940804
2329,0.06231626005620072,968,968,-0.36257726813523505,0.36714787743251254,-0.5195764187190764,1.4664050496120666,0.5542609122487514,3,0.06560714975439512,2294,2294,0.6151806727654736,0.7425821445090283,0.5593663595555578,0.23775457272693373,0.7203994251349792,5,0.0032908896981943964
2332,0.054524769660617624,910,910,-1.1271754692959965,0.31369946963033823,-1.36879818717074,1.8307927542653444,0.3435995972046089,3,0.05621504517369015,1730,1730,0.14878543829802082,0.5887263711111577,0.031961690455008206,0.5631026657010438,0.561777798073116,5,0.001690275513072527
2333,0.21826127689862013,1096,1096,0.4963566644025662,0.614065736944682,0.4285088114645337,0.28670164881421834,0.5955397168220911,2,0.18715367267267985,3019,3019,0.3913588076958848,0.4315520108340658,0.3462621536854413,0.33616938551547787,0.4263108752434482,5,-0.031107604225940277
2334,0.10141136646523743,1178,1178,0.5227778709064235,0.7010679066114366,0.4640201603665118,0.1667677249281444,0.653148513451078,3,0.1009441414598429,2090,2090,0.5517319988767216,0.6299368726115602,0.5656820055861143,0.16650191888840543,0.6585207604455228,5,-0.0004672250053945337
2336,0.07860049977817472,1148,1148,0.6973495109770336,0.7517510604156606,0.6645235776991205,0.05821039067219134,0.7423633042284928,3,0.07803761644160603,2352,2352,0.7491043475326874,0.7750710230403492,0.7337666816647135,0.06828237823925315,0.7550070795327148,5,-0.0005628833365686897
2337,0.23217830522932942,2368,2368,0.7968891924158104,0.7360207038586656,0.8082823980006429,0.04112863597479826,0.7681202220428943,3,0.2520622678666566,3498,3498,0.7279268802485862,0.6285757484681951,0.7395841317078029,0.055770750619818135,0.6347254994977615,5,0.01988396263732717
2340,0.10454971153100233,1154,1154,0.7982810427272289,0.74791210827227,0.7855320869362676,0.053681605699546706,0.7198357168237202,2,0.11079632164800804,3398,3398,0.7480398174862042,0.6622669048755581,0.7563038930874544,0.09314809258510741,0.675961653037218,5,0.00624661011700571
2343,0.06106689686931649,1063,1063,0.0777991049698793,0.45428882248549574,-0.04535476219761447,0.3014662205154652,0.4242001158815583,3,0.07022930205489641,1403,1403,0.4704344497948256,0.6711080000678952,0.23060068208630596,0.8423201115812508,0.5534273801289264,5,0.009162405185579925
2346,0.2708264253858317,1860,1860,0.8157517788448541,0.8712974305018664,0.8368123299292362,0.06671443679951541,0.8666698570787261,3,0.2799063629518842,3022,3022,0.8201540725940605,0.8305010899785424,0.8115204312788427,0.03499411841239009,0.8002547803935809,5,0.00907993756605252
2347,0.4141053482920099,1243,1243,0.7364181886891781,0.7599181346450159,0.7389735314902984,0.03618216909089828,0.7592066963947836,2,0.5457321980452775,2765,2765,0.7636599365427266,0.7042305786306797,0.741552131374428,0.1165396778599812,0.6787263328503426,5,0.1316268497532676
2348,0.395522011254122,883,883,0.8319675649657152,0.8836435268934091,0.828711070968389,0.005729449125196642,0.8563133590447525,2,0.42698629630709356,3043,3043,0.7762856876164947,0.8597888475637621,0.7678704812468098,0.07331413039678393,0.8193769906129063,5,0.03146428505297155
2350,0.102941255624261,1021,1021,0.7492417588416369,0.8339637103695631,0.6821260807224042,0.2111831136365583,0.7585810696979197,2,0.08717254026871647,3124,3124,0.8139191630076097,0.9044534344018696,0.8105653470174679,0.05557028498465356,0.7715175642436077,5,-0.015768715355544527
2351,0.13857882931222057,1548,1548,0.7045889622733139,0.7762234937854444,0.764104578141153,0.15425981333501623,0.8173627151650145,3,0.13394973690674042,2768,2768,0.7922933452807942,0.857974332788224,0.7616627410432394,0.17201397394696483,0.8034656763977267,5,-0.004629092405480151
2356,0.06332717668196372,1084,1084,0.7813442572183906,0.8525773451192196,0.7805196730658803,0.08587328780191904,0.8443500506759151,2,0.062243099300389175,2986,2986,0.7208226249484351,0.804550972279566,0.7039242649997555,0.12880425786679997,0.7462679165612623,5,-0.0010840773815745455
2358,0.1326729775138907,1779,1779,0.8304562394227264,0.8797660475808016,0.8262827080880591,0.03422434287033129,0.8728714477303298,2,0.12011308124550489,3532,3532,0.8442208216634729,0.8878882988852017,0.8402019732617056,0.044903277992317046,0.8438810615012404,5,-0.012559896268385815
2359,0.055096774692263956,2321,2321,0.8064206920777861,0.8312834548347445,0.8114742294745246,0.03638647600952077,0.7761833968083272,3,0.05444705191606994,3605,3605,0.8111620837062776,0.8603129209683514,0.7968932084061466,0.06595063735172377,0.7812391334778505,5,-0.0006497227761940172
2360,0.04610054156915696,1731,1731,0.7687925042141945,0.8677344771615194,0.7459674289404022,0.0630368372711029,0.8130864786924515,3,0.04839323210893484,3920,3920,0.8237078451255693,0.8496428711800305,0.8080897928248121,0.1571584432313701,0.8001856451297771,5,0.002292690539777882
2363,0.04561278969353559,1225,1225,0.2875349369627165,0.44879217867012133,-0.21552103038413936,1.0937990656067351,0.32303187448489246,3,0.04628660940548402,3055,3055,0.829587811405736,0.8737541861816673,0.7999861796661465,0.09350599497400496,0.8306055785010205,5,0.0006738197119484299
2364,0.055556825192085275,1161,1161,0.7379668118922011,0.8193238960130744,0.6827271985189116,0.11304142888507561,0.7417015850733992,2,0.05046744729730322,3705,3705,0.8204033586750594,0.9029235606286838,0.8094241500241024,0.09910369431842479,0.8502178763013623,5,-0.005089377894782053
2365,0.05115395070212273,1227,1227,0.7398780334413597,0.8051701388173294,0.7349416946319142,0.052778971071206694,0.7545673519241508,3,0.05421695042923426,3355,3355,0.864701987584926,0.8875622952665724,0.8570338907028059,0.03587343823832112,0.8628020653285166,5,0.0030629997271115275
2367,0.20227690286024194,1674,1674,0.8154447774516076,0.8745709695135422,0.8020590432451568,0.0518995548754574,0.8201182165751342,3,0.2807061279742143,3213,3213,0.8788088640087199,0.8665982711438857,0.8733697691869311,0.019734811735344925,0.8431598255396734,5,0.07842922511397235
2368,0.07900322050076382,1032,1032,0.8588072492754153,0.9038362296045162,0.8807494012428737,0.0742607754804793,0.8906877061766773,3,0.07652248861268163,1120,1120,0.8117911032556623,0.6795390743484637,0.8185603789982396,0.06541157722902706,0.6737815113626108,3,-0.002480731888082191
2369,0.48675547811587383,1840,1840,0.6984455191785715,0.6980803681356598,0.6732428908289445,0.12644003299555967,0.6639070571676992,3,0.5913249817394391,2440,2440,0.796351447855959,0.8564371613248014,0.8006696955688897,0.07155028003823949,0.8055306726153383,5,0.10456950362356532
2370,0.39465042735066486,1139,1139,0.7907215821505456,0.865382107820179,0.7791433805689225,0.05545770610916671,0.8122854277139946,2,0.4241522832123359,2863,2863,0.7903093114440384,0.8700703662271438,0.7710678190383309,0.1077258339628258,0.818750970175091,5,0.029501855861671034
2372,0.3841770469260059,1197,1197,0.6939769031874142,0.7180022406767985,0.5717086843075099,0.2843676912911451,0.5396255221302336,3,0.5625105173318449,2388,2388,0.8099093499954024,0.7887197158513237,0.8214180445273591,0.07135735531763644,0.7705754552455201,5,0.17833347040583897
2375,0.3301484977380938,1643,1643,0.6140659602296573,0.7521977712559774,0.5426520711999737,0.3711350114342061,0.5905994934382941,3,0.46703694660422157,3008,3008,0.7852850090941815,0.7956073158504382,0.8016369083743318,0.07894553830915257,0.7705044290168298,5,0.13688844886612778
2377,0.35041581610968403,1779,1779,0.7432283581958252,0.8592905809211533,0.7448219983095513,0.05073920846078086,0.7024894471021524,3,0.5555914659422991,3122,3122,0.8244949258763156,0.7921011245942314,0.8281496048730995,0.058883708696261305,0.7930513208603205,5,0.2051756498326151
2378,0.07665020296220584,834,834,0.5435326207461435,0.6291033051849464,-7.457363841638206,13.852954556504654,0.5077468330334898,3,0.07706249557189579,2772,2772,0.9046287662772734,0.9230342696047703,0.8960753584672234,0.03607711201000639,0.9032269441074462,5,0.00041229260968994597
2379,0.2665705867777645,1818,1818,0.7661218555890551,0.821375568376814,0.7249435254168488,0.14816032078105676,0.7369642004936052,3,0.2513738024033902,2997,2997,0.837058967792686,0.8779890837251471,0.8299967057192521,0.083124042052059,0.8440809281763926,5,-0.015196784374374328
2380,0.05117087096676566,1377,1377,0.5944624401694093,0.7006836695689451,0.5206503006323395,0.22436353648798574,0.647686586243759,3,0.06932663257938675,2772,2772,0.7430355929242287,0.8094434942892133,0.7384899195482604,0.04936179732513832,0.7755259472516377,5,0.018155761612621085
2381,0.25522756306895816,2005,2005,0.5271300195708397,0.7001275269399835,-0.1430498617779441,1.3280011988497396,0.29032567080668725,3,0.3709846524787177,2133,2133,0.6531385943128892,0.6396592412563927,0.661879997542258,0.12162990590251549,0.6376108752256796,3,0.11575708940975954
2382,0.08585133831875363,1794,1794,0.5682813754557061,0.7154633061628368,-0.07685278642222482,1.3285952055500811,0.4140689378311769,3,0.10610052021177911,3074,3074,0.7354590657610207,0.8202314459816009,0.7357865242828064,0.06123261303421277,0.7780120109033465,5,0.020249181893025478
2383,0.14763328393004127,1903,1903,0.5905631522179845,0.6047171849159909,0.5187707527334066,0.15755340349908645,0.533427769469771,3,0.23762093030171633,3764,3764,0.7026230501858444,0.6271932933957571,0.7141193356426424,0.05013558547852207,0.6581469547635133,5,0.08998764637167506
2384,0.07793512199788413,1846,1846,0.649588969542183,0.7934628598175154,0.5782882507005904,0.19381708803945677,0.6359458497641725,3,0.10624136334023596,3511,3511,0.7417829182630351,0.8379545801134798,0.730479630545197,0.11168197533339004,0.7496855648569224,5,0.028306241342351823
2385,0.0889165958052679,1791,1791,0.6683044175155202,0.7166271879767274,0.6936718518816356,0.07378354012392754,0.7096504434564027,3,0.13294771536437522,3490,3490,0.8049803880598934,0.8580225907528868,0.794583263156895,0.07398028868290003,0.7956740734589653,5,0.04403111955910732
2386,0.11408199037373165,1807,1807,0.6932697240011139,0.696939386697887,0.7074820635430509,0.11253836577158109,0.726452794750213,3,0.1499872203017654,2566,2566,0.694004002562818,0.6778708900202409,0.5980314349117981,0.21196931140128378,0.6359135689296502,5,0.035905229928033744
2387,0.11643880223815291,1394,1394,0.678399218189128,0.8182618498337091,0.5310000160633584,0.33184791995697166,0.6930901091813012,3,0.1906147089360657,2830,2830,0.6866281214812175,0.7544303464192222,0.6890840013749552,0.06992403927901737,0.7175143368226717,5,0.07417590669791278
2388,0.08845939883750516,1812,1812,0.7189697642765052,0.7923169158829271,0.7124139402961817,0.04986463411402987,0.7810494006250094,3,0.1432766558500589,3328,3328,0.6583586250367077,0.5697441416302534,0.675482708211258,0.11348696870469173,0.6014456823086274,5,0.05481725701255373
2389,0.10694026001373809,2438,2438,0.819326385829362,0.8641943778814917,0.776415355878152,0.11416379286025401,0.7461161833413218,3,0.14916566306505952,3756,3756,0.8307610677116722,0.8879396146446276,0.8264808957824281,0.0479117621644693,0.8385698549376048,5,0.04222540305132143
2390,0.10239199148256617,2066,2066,0.8140054949935381,0.8223321712156005,0.7913588161809292,0.05024244399588793,0.7704975957846473,3,0.14548745195671745,3563,3563,0.8205461063688784,0.8311074961623456,0.8189758829046422,0.05076144743532164,0.8198917612121152,5,0.043095460474151276
2391,0.09573905112538413,759,759,0.357241313278011,0.42790086879224865,0.3301077496168456,0.0547414946349287,0.44989861364276323,3,0.1241180623123694,1138,1138,0.5432223481229725,0.4565877930729497,0.4779480798377133,0.11786616867539819,0.44065334141443513,4,0.02837901118698527
2392,0.14768203154255355,2353,2353,0.7618178535647022,0.817683771449782,0.7811902997520607,0.0687832397458054,0.7857919763506985,3,0.21919476197491328,3583,3583,0.8012766135222107,0.8862829507369485,0.8026086251207059,0.057300140566104225,0.8326783740791045,5,0.07151273043235973
2393,0.09386426595097379,1646,1646,0.6526738855454426,0.7490181829898486,0.5078349365863166,0.3918264197512701,0.6190368970263952,3,0.12026883282628806,3265,3265,0.77939529553754,0.8316145040304003,0.7751025154828192,0.027703084120279435,0.7869256696186643,5,0.02640456687531427
2396,0.07630192141111632,931,931,0.5486836606806229,0.7449349127882335,0.47780876224227037,0.31948762919818613,0.6669243823753579,3,0.07949015120434062,2992,2992,0.6577641696583779,0.7622588346155535,0.6672534990321546,0.1222818209613732,0.7096368094192134,5,0.0031882297932243064
2397,0.10558816845545077,1486,1486,0.3069453378797784,0.6574522933315434,0.31965409580325116,0.26676389398139505,0.643157518332716,3,0.15852241794000796,3036,3036,0.602631109001748,0.5631997685526331,0.6367599648864445,0.15304910073737663,0.6083447315282917,5,0.05293424948455719
2398,0.09972205053083599,1400,1400,0.5349925888251414,0.7061285752823956,0.3855494562821777,0.3842520483819161,0.5920781192532063,3,0.1370986865383242,3004,3004,0.6137640175716638,0.6603219437618287,0.6077141908031288,0.07928344275223788,0.6511629724192918,5,0.037376636007488195
2399,0.052200271011691717,948,948,0.6684069227136615,0.6328816460540057,0.5907289794657781,0.15829230040901138,0.6256240715486182,3,0.06542345038835286,2729,2729,0.7668504990252482,0.8523368064228972,0.7538199089117548,0.08110379676593381,0.8028769714308666,5,0.013223179376661141
2400,0.05356942241830576,1411,1411,0.6339097981726394,0.7623729566169426,0.5719889650481633,0.19745488579536902,0.6785759228339249,3,0.061864957355764014,3199,3199,0.7882936872305998,0.8496880699360472,0.7794422800247505,0.09310315180648725,0.7980498516260757,5,0.008295534937458257
2401,0.08242125317797457,1140,1140,0.7651306561528569,0.8106324797739259,0.6919073411169802,0.18647566743547858,0.7506534309159663,3,0.0920489336506783,2752,2752,0.7270338350035868,0.8440212542913025,0.7116909511223232,0.07131744586519696,0.7806381931348041,5,0.009627680472703737
2402,0.04333060089164318,1203,1203,0.6615517332136653,0.6451887272168462,0.6158685999429685,0.1430428367358892,0.6364522571389335,3,0.05100780828859179,2581,2581,0.6581131748588418,0.6984674260808732,0.6544011789045501,0.09181516585112057,0.6946233496348628,5,0.007677207396948611
2403,0.04515413436086297,841,841,0.6467527142586706,0.6677355557130669,0.5123323282819409,0.26629023355199555,0.6372454540267394,3,0.0537607215848136,2417,2417,0.6164279059368734,0.7065526215408611,0.6082893231839598,0.07885285952779321,0.6917815965942807,5,0.008606587223950628
2404,0.12657445239703338,1122,1122,0.15813192615815497,0.25854267089406213,0.20731774056552352,0.1775779842705896,0.29636559326451833,3,0.20031539922629937,1907,1907,0.5195846132841455,0.6776550983001298,0.4644575393353957,0.3083755223959532,0.5989410051120974,4,0.07374094682926599
2405,0.11470824849668115,1596,1596,0.25402931261217954,0.6357434396608422,0.28423695819281647,0.23833452330060653,0.6086563261451838,3,0.15435288384564466,2420,2420,0.46455449198113674,0.629155332335688,0.4643512463061641,0.12646051829275903,0.6290287572180051,5,0.03964463534896351
2406,0.053945376355641804,1386,1386,0.6861692358647545,0.7208609898635927,0.6251339176143259,0.13601427575028774,0.6803647850730283,3,0.05936642812591483,3372,3372,0.7374522232135602,0.7404437447681361,0.734026500090086,0.09112917137127784,0.739544289682001,5,0.005421051770273029
2407,0.05541074713060774,1431,1431,0.5179717299609059,0.7106197324684691,-0.10533486231669842,1.056478031600584,0.5198995746496712,3,0.06409655598114496,2293,2293,0.8265433249988599,0.8197195151099259,0.8262456386993611,0.06338312324704849,0.8220706215021998,5,0.008685808850537213
2408,0.17386801684276523,1487,1487,0.6340826925507366,0.6054943224607929,0.5503339504751342,0.1405774076741519,0.5641390596451625,3,0.2013524665397651,1384,1384,0.4748570633818936,0.34691606028013,0.5813281052421826,0.22855972676755323,0.4439923377466572,3,0.02748444969699987
2409,0.11047103746476165,1643,1643,0.7841986499100979,0.8275424803782041,0.26814790113269804,1.018263652338175,0.6018663832841983,3,0.13641342452885805,1774,1774,0.8054626156874358,0.8211141447269396,0.8014712660482379,0.060989025139367964,0.8243155116476922,4,0.025942387064096392
2410,0.08370648371997183,1286,1286,0.7853314784214181,0.7221145087871357,0.7590070433021063,0.1292228748836771,0.751554506951536,3,0.10069506701021225,2207,2207,0.7745052434278206,0.7345388188977147,0.7003567378854714,0.1426033930392243,0.6871280409395546,5,0.016988583290240417
2411,0.07876406335169427,818,818,0.5711865117683839,0.5937782274412329,0.06077455073965665,1.0502392037180226,0.4748663621833447,3,0.12125288000453689,1827,1827,0.7923771519759957,0.8079546306389271,0.77266705528389,0.10429438469817287,0.754527503885101,5,0.042488816652842626
2412,0.16988422410741608,843,843,0.5997252392978747,0.6388085705323062,0.5960339664124618,0.01488953224570361,0.6151044186462874,2,0.1862674316493206,2359,2359,0.5055368591398661,0.6401555433337422,0.4989646130255448,0.3764269572687185,0.5378934721866965,5,0.016383207541904532
2413,0.05719349220671689,1266,1266,0.8036258850857343,0.8823177324757112,0.7307396817271128,0.1730857524681312,0.7727768251818521,3,0.06175121744086892,2924,2924,0.8416849541014176,0.8708849144434889,0.8416078006891887,0.049820055111047236,0.8180459116902827,5,0.00455772523415203
2415,0.193466504687859,1210,1210,0.741917461121745,0.6698975245988881,0.7199694489655265,0.06271447511895764,0.6414922294661942,3,0.19371078807995798,2177,2177,0.659902180013862,0.5355437696052551,0.655202104526711,0.19110475419739564,0.546872387609515,5,0.0002442833920989762
2417,0.10680494877757937,987,987,0.6903765039716244,0.7512468993809132,-1.0277062790566895,3.180607493481809,0.2974923293448875,3,0.13230024111539532,2058,2058,0.7664175454402425,0.8296186637674586,0.6372212586101963,0.36050873876269834,0.6785558390648502,5,0.025495292337815945
2418,0.12434162652809481,1810,1810,0.6773274290627821,0.6530632198412767,0.5729991844950706,0.2705767154063061,0.5223005269525673,3,0.1833937666675326,3142,3142,0.7240780006411522,0.7396797741045074,0.7417738729626782,0.0702538792908314,0.7219162932823873,5,0.059052140139437784
2419,0.060224881786707415,2046,2046,0.7466883240845441,0.7436851783903906,0.6855567053238429,0.16986472334283506,0.6909838772062785,3,0.0693520052116843,3268,3268,0.8103368137341459,0.8353916519933925,0.7872708505621235,0.1067692134650703,0.7794847052454978,5,0.009127123424976888
2420,0.09869789596735559,2188,2188,0.8047487447412016,0.7925917872134759,0.6990916890726503,0.22963300858145666,0.6989089467713088,3,0.1196023730239283,3536,3536,0.8387980478070564,0.8858163330592393,0.8294408783006055,0.06708229824844587,0.8061067275961069,5,0.02090447705657271
2421,0.15525031448349838,1761,1761,0.6924263479825785,0.6567270439229136,0.7065989123285524,0.07651935433801864,0.647849042515718,3,0.2554182487157496,2966,2966,0.7657903558790239,0.8298290805142894,0.7816464436987847,0.11656769261342352,0.7860209456347625,5,0.1001679342322512
2422,0.15871890433908595,989,989,0.782860778958405,0.7355746685574822,0.7432441400050354,0.13085848025713845,0.6960675954507547,2,0.20995460136259547,2555,2555,0.8271990014222712,0.8180343201683256,0.8220959788930597,0.05265833615830724,0.8009047598455533,5,0.051235697023509524
2423,0.10937522440080966,1399,1399,0.534115959293342,0.5829052873858244,0.5223895413070813,0.15060773662910534,0.5088122469295636,3,0.21630743665791002,1717,1717,0.6416178776429412,0.7423698015883724,0.6226268056647027,0.07849483056755392,0.6164137251340093,4,0.10693221225710037
2424,0.08575277935139962,643,643,0.2805504071215297,0.6466377290383292,0.33689196643624303,0.22433048883520482,0.681319498788403,2,0.08318108825502221,1980,1980,0.7799343643574796,0.8031030546706707,0.7708972460472154,0.08603911444300924,0.7944209004635668,5,-0.002571691096377407
2425,0.15186297251220218,513,513,0.6261022658508921,0.7809157389783067,0.5571156746368038,0.24134850905645944,0.7452730158297878,2,0.18547303130167841,2020,2020,0.7343812330716227,0.6570043672061243,0.7473499805367632,0.07534302672391616,0.7102394920354077,5,0.03361005878947623
2428,0.08440756626684663,897,897,0.5114428847691671,0.6381615595856243,-0.024360974209626646,0.8868900877678392,0.42412909727399056,3,0.12659444213346507,2409,2409,0.8141950779829396,0.8099689438950107,0.7949279103682285,0.0960300672227354,0.7672618543530605,5,0.04218687586661844
2429,0.07142066338854432,1288,1288,0.4906982204806991,0.7415872086213501,0.41706682276332435,0.09119372518664923,0.647552097654102,3,0.07071358943075388,2471,2471,0.5354002065873349,0.5475307691574729,0.5280798047496755,0.16810400546898818,0.5822719571553685,5,-0.0007070739577904328
2437,0.07425182833498635,872,872,0.48263670239016576,0.7002345162891228,0.1394244294155728,0.6474374461829442,0.5438114213000534,3,0.08960056870833127,2555,2555,0.8119772578004723,0.8938652954584865,0.7827762147516963,0.06954491175235021,0.8075476894983581,5,0.015348740373344924
2438,0.3070964494251742,863,863,0.6115151379650184,0.6498485768889468,0.30454215573278937,0.575887660147261,0.36477776077464447,3,0.33457536367993607,1349,1349,0.7720169038537459,0.7716534250025999,0.7679227958851851,0.04540415573386024,0.7414325764240488,5,0.027478914254761844
2439,0.1362779174266412,1804,1804,0.6257817302470601,0.6635537783174497,0.6120570443479089,0.05675149733700133,0.6761246375345943,3,0.14261054439832266,2927,2927,0.5951979645633922,0.6507782118824529,0.5990686430534389,0.09077828735494721,0.6025850703384401,5,0.006332626971681465
2440,0.1898739662323539,1683,1683,0.5660633680393076,0.6487448118593779,0.5151810914414556,0.0931186176896586,0.5196508577279536,3,0.21548414739559021,1112,1112,0.7084495478237463,0.714869620835862,0.7068172789980485,0.034095907730430766,0.7074086744466793,2,0.025610181163236323
2442,0.15969953714488133,1288,1288,0.6725469921047185,0.7334849497849185,-0.22548500641014554,1.6921338547140277,0.44449073354358437,3,0.194433043125533,2202,2202,0.7060038022248278,0.7570036637096561,0.7057713516442968,0.10497876806480469,0.752577524694404,5,0.03473350598065167
2443,0.08683186157561752,603,603,0.2550064797792435,0.5431734103342902,-0.812945658452792,2.0234318153659787,0.34674709614463056,3,0.0995872428570107,1609,1609,0.6746492508122945,0.8075079654018298,0.6498541255574497,0.09913655652498825,0.7851607815148448,5,0.012755381281393183
2446,0.0963806662819094,1634,1634,0.7833584027948719,0.8737839697845112,0.766761985901527,0.097481593684011,0.7638875867525062,3,0.10765078530346532,3070,3070,0.8275861413504,0.9021861400390241,0.8089982005276879,0.10648853158283207,0.8258510992243464,5,0.011270119021555919
2450,0.34332325921568707,1913,1913,0.6687685607166107,0.7665057757572551,0.4305734676116811,0.4625936595676855,0.5039525705692153,3,0.40820795011617855,2706,2706,0.7632922951712644,0.7780333496212016,0.7713294990463573,0.0509710412185143,0.7588701328710823,5,0.06488469090049148
2452,0.15501692877229212,1609,1609,0.7899917398598512,0.8811021325111252,0.7343778335440033,0.13240369088196857,0.7083285894230794,3,0.22862746383322427,2471,2471,0.8106040821338086,0.8045189857374613,0.8112038535076888,0.0523066386663006,0.7678606239725527,5,0.07361053506093215
2454,0.5402706834579865,1474,1474,0.5699518594462416,0.7152271360396152,0.26880607084432917,0.5609805911672106,0.5381459422581636,3,0.5113967202684426,2588,2588,0.6170467191381737,0.6777357966395885,0.6192301904572567,0.1051985839082231,0.643513351097896,5,-0.028873963189543828
2455,0.1666098540458489,1879,1879,0.7494849613523742,0.7829767258703344,0.4185499982968946,0.7406115853853652,0.5411815249615398,3,0.2743009364203593,3166,3166,0.8451390847324541,0.9019920214365447,0.8446185109284746,0.046130695746559376,0.8284462341729281,5,0.10769108237451039
2456,0.24405061322689486,1803,1803,0.6966788046581396,0.6913123467882198,0.4870902448981127,0.46644688160471726,0.5123479755161231,3,0.38757547630038397,3160,3160,0.8293993246358231,0.91437053101384,0.8237285006279181,0.05573469724199502,0.8523103952344406,5,0.1435248630734891
2459,0.11234036561200177,2307,2307,0.5769923749448516,0.6758322399922148,0.5963593364479008,0.08246181279307455,0.6364018664298391,3,0.1113515164987462,2699,2699,0.7111224216170415,0.8010881242176248,0.6803329946971669,0.1219008846734887,0.7203817798490524,5,-0.0009888491132555716
2461,0.036390244726139144,1411,1411,0.6905028883464766,0.7127249966486587,0.6593999306180879,0.011972552155718791,0.6637118421394157,3,0.032897451972595894,3459,3459,0.66686827644186,0.6698930541250507,0.6691298640420695,0.06436648780460963,0.6629095482427111,5,-0.00349279275354325
2462,0.06318054336552222,2544,2544,0.6524523308375567,0.7697870441435566,0.6376493804776536,0.1769244442616247,0.7290917753571899,3,0.06230602475942029,4324,4324,0.7370307625014219,0.8459648588260973,0.6857946480575204,0.20388254780569842,0.7545827702531837,5,-0.0008745186061019233
2463,0.11172194986735001,2783,2783,0.6321533412027043,0.7664267865133965,0.6108259444813259,0.09596428289948802,0.6155746778853679,3,0.13056467808838862,4339,4339,0.7090349602566535,0.7928931343851701,0.6983372205450035,0.14333607348599423,0.7569828091103812,5,0.018842728221038607
2464,0.077177046899839,1200,1200,0.7684289482386253,0.7542735224724871,0.7673067976690084,0.010481177426430963,0.7514540189440841,2,0.07480879522700584,4205,4205,0.6783211262900377,0.625953358469486,0.6839048348485922,0.08811256800428091,0.6241717708621545,5,-0.002368251672833152
2465,0.04202363195400638,1189,1189,0.5793652337733693,0.7803748499000951,0.5519399316352048,0.09095384630967518,0.7633174751735329,3,0.04128829882221357,3177,3177,0.6174528001247497,0.7625899998579251,0.6168774023839836,0.03793708980950501,0.748706275554352,5,-0.0007353331317928105
2466,0.0462859555569398,892,892,0.5661112930780684,0.714803283733775,0.5102803324721675,0.14009259304888488,0.6768660129632256,3,0.05282388628597486,2746,2746,0.5032606845928742,0.6489391159016855,0.4978653658488573,0.0664966951383493,0.6006575802589573,5,0.006537930729035059
2467,0.059354471981305605,644,644,0.6495228326333196,0.765408011909089,0.6496245612317251,0.02524169319646275,0.7559967413482241,2,0.057252325802831926,3058,3058,0.5644249849452938,0.690773117845761,0.5633933674059497,0.05985131373143752,0.6739498881709014,5,-0.0021021461784736795
2468,0.15206797358933688,2867,2867,0.7950825698393919,0.858047015075782,0.788061728678069,0.023959741476894798,0.7752689019091129,3,0.1929750564942874,4261,4261,0.7761818470724985,0.786851429345859,0.7818177748472678,0.07283924226685315,0.7456517187814459,5,0.040907082904950515
2469,0.3239843904558155,1260,1260,0.6134689337671619,0.7922866667768353,0.6045795478060604,0.136188913649729,0.7684576000694382,3,0.5174476298830548,2404,2404,0.7263158609177265,0.7990905606817179,0.6941994882687249,0.1137525323083979,0.7659579987372631,5,0.1934632394272393
2470,0.029428308797227874,1816,1816,0.5557183862703171,0.4783671967861438,0.5925737206377342,0.10234352345736489,0.5273676868864615,3,0.03604636157337386,3777,3777,0.7161844996823578,0.667702144571926,0.7144778765960007,0.03462316692081214,0.66234887345394,5,0.006618052776145987
2471,0.020899303943295807,662,662,0.46796026797112145,0.4732307708601621,0.4414822405337036,0.19039017506759623,0.5103611620113219,3,0.02856716793918635,2674,2674,0.5786381177275374,0.5934064810128623,0.6050810667854336,0.09330621699853965,0.6151262608078021,5,0.007667863995890544
2472,0.027249298575523353,1576,1576,0.607456583332749,0.6269225837374104,0.5992936905895453,0.06750818018807205,0.6263275917991074,3,0.034369358597056886,3286,3286,0.7063705147557776,0.7577493827235199,0.6986889568352979,0.09935440462361754,0.7220832957806472,5,0.007120060021533533
2473,0.05003436425628876,803,803,0.6813430169081715,0.8348921303390625,0.6180076712223005,0.10703071873012511,0.7218043346564359,3,0.06319026808373064,3344,3344,0.687741114990482,0.815618581711975,0.6720628363889418,0.07703536788215584,0.7481830558747606,5,0.013155903827441882
2474,0.08550583689859746,2402,2402,0.6775568244727042,0.6227831684466615,0.6838670831912305,0.06737513558169449,0.642090014842028,3,0.09040676719025102,4351,4351,0.7248607436506869,0.6779692976649387,0.7255103680459831,0.07704545715541512,0.6721557227397869,5,0.00490093029165356
2475,0.0684335006216478,2070,2070,0.696677479528993,0.6226065962633545,0.7186858543576315,0.09786932074704378,0.6516856533494766,2,0.06849034962744553,4433,4433,0.7664135891261481,0.6750099700484091,0.7703436000477557,0.06922129712170623,0.6713985333813206,5,5.6849005797735e-05
2476,0.026576044575043964,2014,2014,0.630808528653396,0.538516575211849,0.6462166970599575,0.06365697352098051,0.5803330612660057,3,0.028667786260430914,4057,4057,0.7810767079501018,0.7508166674518424,0.7791793341078449,0.022495818190468145,0.745384879747168,5,0.0020917416853869497
2477,0.060711753314659764,2051,2051,0.6680720793698298,0.5904230992268962,0.6728961413230076,0.04697201961375015,0.6060885433120967,3,0.07569069221702908,3592,3592,0.7071596259484316,0.6230913037926311,0.7078109527082965,0.04930922327583989,0.6253098308886298,5,0.014978938902369315
2478,0.05761566635344309,2013,2013,0.6897563593767586,0.7490359680554666,0.6614355995973592,0.13924765838460065,0.6965897894820662,3,0.05737549642116681,3666,3666,0.7445726508580635,0.7898703860984341,0.7519024361850815,0.06161928141240017,0.7856591517339095,5,-0.00024016993227628236
2479,0.02120470351900766,1498,1498,0.47976212053119094,0.4068268249710616,0.480847072596806,0.0572140641742952,0.4108206130925429,3,0.026312207888410773,3683,3683,0.6542245638113797,0.6205403014209225,0.6544751364151997,0.053892395499193176,0.6095116916817832,5,0.005107504369403111
2480,0.14245443050718168,2074,2074,0.7702897248923596,0.841762529481801,0.738431247679444,0.1075029735774186,0.7756980973953033,3,0.20728745361394887,3356,3356,0.6945347372810442,0.7526087415388678,0.6979212609392839,0.11444760912276206,0.7088849758798178,5,0.0648330231067672
2483,0.0385623889670991,1858,1858,0.6949568912518584,0.6454726817671702,0.690572084116491,0.07513394555088374,0.6381950916337719,3,0.04409462044469895,3505,3505,0.6968989841767699,0.6166807493501634,0.6886322713223748,0.01916018425760402,0.6062078603680027,5,0.005532231477599854
2484,0.10480031349003716,2527,2527,0.8078795313016358,0.8724312829924903,0.8056835103660877,0.042638687855281035,0.7526756615090785,3,0.1408193836133338,3540,3540,0.8169154856895557,0.8264372365472067,0.801007269347855,0.04961073065554515,0.7628484819448091,5,0.03601907012329664
2485,0.10799538653329897,2126,2126,0.6915796137412986,0.8057095178321901,0.6520643085772949,0.13386569534535878,0.7812666491983515,3,0.12316462184588182,3635,3635,0.766016823898909,0.7908990278319575,0.7803537484822959,0.06241748287217847,0.7902850193351048,5,0.015169235312582852
2486,0.10244701356228351,1801,1801,0.5811200687522647,0.7394720188918029,0.44520463323410153,0.5355038408439233,0.5998583651503231,3,0.11238961743432847,2779,2779,0.656094237629512,0.818823419482534,0.663968717353722,0.14655691838102067,0.7438389260442639,5,0.009942603872044958
2487,0.08238841388498508,1578,1578,0.5761464584651038,0.7062938106570688,0.5563853231000501,0.08893993575310524,0.6689516673296141,3,0.11295006370938682,3379,3379,0.8129509507982603,0.8892922333501533,0.8144107284684601,0.03636029963301414,0.8571150118408065,5,0.030561649824401738
2488,0.1753144233805057,1493,1493,0.7000115958260891,0.7227971503876425,0.6394201424838145,0.16930997341436207,0.6734432664731784,3,0.33271558726205364,3526,3526,0.8235639254939113,0.8465309895560255,0.8259733846630242,0.04091231361938005,0.8149353145794421,5,0.15740116388154793
2489,0.11462074669752723,2283,2283,0.7984595403530239,0.8651252338420747,0.7618319195088136,0.1315556080994082,0.7274855963014509,3,0.14313409278638634,3401,3401,0.7960169257906725,0.8271603810575328,0.7946745047763153,0.042998990792794754,0.8103674128879488,5,0.02851334608885911
2490,0.10758817444520095,1580,1580,0.760705485062743,0.8564784789230094,0.7539303566420316,0.08353503698939323,0.7816548259569392,3,0.17282928149874308,2935,2935,0.7200100021167377,0.7599175293512234,0.7114230856823769,0.07766854895926315,0.7124187479092002,5,0.06524110705354212
2491,0.07661473151606156,2345,2345,0.7882207620727221,0.7608185301486232,0.7785741586801337,0.01791491126135481,0.7392519720973819,3,0.0944904144544368,2773,2773,0.7883885389801479,0.8418347420776944,0.7840260677769408,0.07537819460473309,0.7969952490888375,4,0.017875682938375242
2492,0.09573311747341161,2536,2536,0.8238800435497933,0.8898771229684255,0.8128298113321232,0.037924694290942605,0.7952735098498481,3,0.12331939178639552,3421,3421,0.8144534672092519,0.8733320947632363,0.8144501030789778,0.05901519376453167,0.8031042881720365,5,0.02758627431298391
2493,0.13125675559561972,2718,2718,0.7952837061034274,0.8264850638502954,0.7590997560960179,0.1150325125284867,0.7273336406933151,3,0.14053519371700274,1837,1837,0.7935969596332153,0.7949404712444508,0.8102971534064743,0.04027164937928096,0.78032647450596,3,0.009278438121383015
2494,0.1496481264314955,2346,2346,0.5781099745210354,0.6249101692427703,0.4674760732607404,0.35618704854357763,0.551876081119869,3,0.21204477543149036,2529,2529,0.6668432215941131,0.7297905165211238,0.6724751669609516,0.06828960786504136,0.6853472932810122,4,0.062396648999994864
2495,0.20935750723412722,2316,2316,0.7722546111033225,0.8706302326072599,0.68169501185077,0.20849469728493286,0.7508728541116284,3,0.34961904208362105,3750,3750,0.8099205944118826,0.8985416874451394,0.8115080682928071,0.05712607078045184,0.8808804971994538,5,0.14026153484949383
2496,0.2349193470714533,2024,2024,0.7307325841884982,0.8240936262238461,0.721180279788161,0.036576085853625914,0.7778346163855906,3,0.5923629972744667,2928,2928,0.7236956076258259,0.700829025526003,0.7474079298574804,0.0923053152471877,0.7241123954103238,5,0.35744365020301344
2497,0.33366596104868124,1799,1799,0.49194827089580395,0.6585502975501258,0.5670552127410744,0.22330040731702863,0.6397493410893507,3,0.6496810069888851,2939,2939,0.7400993113932586,0.8599462329435442,0.733786016846268,0.08901817497039013,0.7863281564062035,5,0.31601504594020385
2499,0.1696209480533667,1083,1083,0.5926653663517392,0.7893511793300648,0.5987404041686853,0.05363103417908057,0.7658531768074931,2,0.13819638819181407,3067,3067,0.6267921641846155,0.7975756763747028,0.6066005725613193,0.14235022164742525,0.7551095017863005,5,-0.031424559861552626
2500,0.06528577965413851,1550,1550,0.7240984966407487,0.7857826188510084,0.7020170588554479,0.05457394068349952,0.7410976597328339,3,0.06624893976452598,3284,3284,0.7026410824035396,0.7713624400448073,0.6969709221782713,0.0866972430874324,0.7687664628922266,5,0.0009631601103874676
2501,0.16882218479005687,1393,1393,0.8016849132319748,0.8848293481556309,0.7839058198175928,0.06687750729723035,0.8753125630840823,2,0.20818414260575083,3200,3200,0.7160793210708895,0.7506285902687683,0.7114346322290399,0.014745528647556249,0.7324269098891797,5,0.03936195781569396
2502,0.08048309084197337,1650,1650,0.7036492357548484,0.7961797586237807,0.6934407648060675,0.04714062762581492,0.7637390707314061,3,0.07896691659671062,3424,3424,0.7743549959961848,0.8718255118677358,0.7742817853908683,0.0683017106977667,0.8336123233498395,5,-0.0015161742452627497
2503,0.08997380236905411,1542,1542,0.6909011942949478,0.7756605813128434,0.4972380924239633,0.4014112394556736,0.5913435117463204,3,0.08729370295938488,3255,3255,0.7550466473768779,0.8671759738546214,0.7350721188811858,0.09303892026444775,0.8312236856043826,5,-0.0026800994096692343
2504,0.18674539362526257,1999,1999,0.756259365596126,0.7933095469663864,0.7556172389328314,0.024903693729878967,0.7974943603193969,3,0.25849976437232575,2812,2812,0.6851032282234424,0.6978480077339395,0.7057449936909056,0.06396236717580109,0.7336662324063414,5,0.07175437074706317
2505,0.07126572658566177,2073,2073,0.663229585747658,0.7520882289014356,0.648088433251481,0.12661523289530205,0.6829226149255653,3,0.07149627050957022,2930,2930,0.8109596926860536,0.8108090151784872,0.7901097343968091,0.06667131490694214,0.7680390146056375,5,0.00023054392390844947
2506,0.0666349498655127,2271,2271,0.7348447800386357,0.8520237648192537,0.6736826248729543,0.17891224104471562,0.7139697282548813,3,0.0712380530204364,3268,3268,0.8193803365964621,0.8354928740433233,0.8268502951694389,0.03284245406772085,0.7669757725023658,5,0.004603103154923696
2507,0.16677671594355822,1534,1534,0.7909899910142113,0.7410071364515805,0.7904727155485964,0.015104031545466037,0.7400612036003442,2,0.1938464243801784,3419,3419,0.8127464697379141,0.8720106173071208,0.8098058925659434,0.06683363804531972,0.7895435658377126,5,0.027069708436620182
2508,0.12319996784741873,1211,1211,0.6341282355253643,0.7706398490180857,0.6206790688987022,0.0636992323336914,0.7166886677397315,2,0.15228949879701303,3303,3303,0.7457094921988632,0.8140136472561751,0.721081639309092,0.12814958901619447,0.6665787554385244,5,0.02908953094959431
2509,0.13189636048092931,2143,2143,0.7225010306202151,0.6322213515023734,0.7184601637169371,0.03331091666287912,0.6480619182243569,3,0.20185761644562772,3625,3625,0.6102655365594263,0.49276072329501674,0.6282809213168987,0.12905595878494885,0.509758688872857,5,0.0699612559646984
2510,0.09982108381019497,1793,1793,0.6900631660790488,0.8275906832402334,0.4590220047317188,0.580520409104843,0.7324351250015647,3,0.11234674078442064,2884,2884,0.7715523981999894,0.8397354703824856,0.7553309023677064,0.03743950282673446,0.8019242238700531,5,0.012525656974225668
2511,0.059985583031904786,1717,1717,0.732256324707365,0.8138072057529984,0.6256838314888286,0.28574211290164603,0.7023196961030399,3,0.06569404892806,2928,2928,0.8125776922046986,0.894959320813768,0.805226833533665,0.06924412018936456,0.833623940142807,4,0.0057084658961552084
2512,0.02122737777746237,946,946,0.4410788848473026,0.6608857225625779,0.33851382196596536,0.23391015951799327,0.6068141463299292,3,0.02355405432110238,3010,3010,0.5652870397136796,0.6309375640827966,0.5368881443251297,0.12961695773743284,0.602422304385971,5,0.0023266765436400078
2513,0.04043126008643286,2055,2055,0.6918803517237387,0.803700771573695,0.5517419924630697,0.3404157648269708,0.6742418874992828,3,0.04284507858713646,2844,2844,0.7231345356691795,0.7773472091541895,0.7200083252961875,0.061367849274777016,0.7436685467703859,4,0.0024138185007036017
2514,0.03557240827619558,1074,1074,0.5658600467990889,0.6494795401207625,0.5278361485387822,0.11118977927135074,0.6355055372339771,3,0.04192248542780935,2987,2987,0.6114546762039632,0.634161704856449,0.5627149569444242,0.22446955620225506,0.6224765589196899,5,0.006350077151613773
2515,0.05024338131973771,1237,1237,0.6496065995231299,0.6294435668309004,0.6271838233023234,0.06182114151341009,0.6211349380533323,3,0.057983977826517895,1983,1983,0.7093077618989021,0.7409931810660061,0.6651609868359747,0.11881661399936508,0.718668522654141,5,0.007740596506780183
2516,0.06828852551696606,2164,2164,0.7519657151722661,0.7963309521043251,0.6994055633942091,0.12270661297048416,0.7581025766101247,3,0.07467698780622087,2968,2968,0.8296447764403146,0.8697580694939027,0.8235845049099495,0.03355955051220665,0.8575211666421324,4,0.006388462289254812
2517,0.049371765521363874,1046,1046,0.8384953691997574,0.8886757502088667,0.8343690803069153,0.028349419812026162,0.841420391353208,2,0.052397238502003285,3122,3122,0.8120681409632877,0.8649471024488237,0.8044506919363261,0.03479468493123147,0.7733323658136955,5,0.0030254729806394112
2518,0.05574534885352321,1487,1487,0.7377371618840703,0.8309099516173809,0.7171506974028358,0.05318121609490495,0.7933227196972471,3,0.07423598284953559,3774,3774,0.8072341145176571,0.8543159293772189,0.802854552619159,0.04096259612506203,0.830135390496825,5,0.018490633996012376
2519,0.04727334906220353,1984,1984,0.777578168255691,0.7877686582975729,0.7762790326367829,0.04828069005983153,0.7993410010156025,3,0.06021249770092914,3748,3748,0.7448190493054143,0.777381696008498,0.7131353888864627,0.09752900492760616,0.7375694280701802,5,0.012939148638725605
2520,0.044100170394672955,1401,1401,0.5077294506055433,0.4505916775746197,0.5116596430067513,0.13619412224472405,0.4459657619711242,3,0.058912340977311475,3146,3146,0.7009770229088714,0.609355302044658,0.701421897012638,0.06524149322902223,0.6083017187364204,5,0.01481217058263852
2521,0.04903576500990239,2217,2217,0.8046437167174468,0.8497603994822089,0.789434150341305,0.0417561250371755,0.8179169666861587,3,0.0573360624738625,3247,3247,0.8266560384336382,0.8663074765040567,0.8261924806887699,0.032364381327098735,0.8346386290072256,4,0.008300297463960105
2522,0.0576838052155769,1407,1407,0.7334854084407256,0.8504302598118973,0.7032994483255336,0.0560658613158128,0.798104504484947,3,0.06287938687750469,3578,3578,0.8052620044867911,0.8978520989468013,0.8087832698023691,0.07641203095633806,0.8472826783866712,5,0.005195581661927788
2523,0.12836732374545903,1921,1921,0.72945307726349,0.7668006922387156,0.7300847849900475,0.1463056615281594,0.7791364207255199,3,0.21332812359316583,1630,1630,0.5821243990874516,0.6288594084518289,0.6393638068830416,0.16573180696760642,0.6558050653735996,3,0.0849607998477068
2524,0.054866439375720534,1693,1693,0.7918087712218266,0.7972492404445135,0.7623328310829125,0.07225273277576058,0.745844407910775,3,0.06672961111797113,2190,2190,0.569715200497058,0.5564780083617014,0.5905240702370054,0.19036306865014666,0.5785330543352118,5,0.011863171742250593
2525,0.042750081638885,2169,2169,0.7632834782412021,0.8218527525655321,0.7468469793855008,0.0739276033607877,0.7984867241538516,3,0.04643424166013752,2894,2894,0.8085563312731432,0.790598130373656,0.8079090108164569,0.09357339409379117,0.7672455232857207,5,0.0036841600212525194
2526,0.05804385009583141,1876,1876,0.5282571233052356,0.5754945782982774,0.2048855155282779,0.7237101657241677,0.4505282250029757,3,0.06572857646758028,2734,2734,0.7932480746560007,0.8662139648931977,0.8089102784779835,0.12480776521718945,0.773079369905183,5,0.007684726371748864
2527,0.0611044325325289,2028,2028,0.7715038062428186,0.8515692364645704,0.7599244499005323,0.027897602914246214,0.814809644543586,3,0.07138526233684431,3422,3422,0.8838833630284184,0.9062148437846949,0.8846475385723764,0.023034081692746244,0.8617741541830382,5,0.010280829804315404
2528,0.2845126437168197,1928,1928,0.7989650517353459,0.8496047319749089,0.614217840146768,0.35425325425463217,0.7544211793036483,3,0.5012286565535028,3625,3625,0.8409957357177892,0.8592773072305218,0.8380338174823795,0.04521760213024665,0.8530018072735327,5,0.21671601283668307
2529,0.0934973189100594,511,511,0.11381415152866303,0.18951181051144705,-0.27089014852987897,1.1712024906926297,0.05333878199554084,3,0.0975916197180748,3750,3750,0.7869377496983918,0.8426030025269984,0.8081365381088219,0.08938416197643184,0.7819772893732057,5,0.0040943008080154
2530,0.04274864185901496,1490,1490,0.8206326280703025,0.8495379454083521,0.8106841572266649,0.029684392863112932,0.8255180496696438,3,0.05128516497226271,3511,3511,0.8334335251433647,0.8355918497350145,0.8266638388274196,0.08888280388989363,0.790374570487719,5,0.008536523113247749
2531,0.04280341734219036,1351,1351,0.7782258881547738,0.8690024595964712,0.7639514039005272,0.04385212876051028,0.7966641000677513,3,0.04751508928158686,3281,3281,0.8454898262340811,0.8014693776834984,0.8421693821620237,0.04619672156936405,0.7617725867949293,5,0.004711671939396499
2532,0.048754271795189534,1419,1419,0.7146274392530816,0.7209635872598792,0.5661844916167778,0.3867436055044105,0.6509437467883586,3,0.058888866280994746,3722,3722,0.7925651396328988,0.8729208188505637,0.7955714537178208,0.10713273103022324,0.744003870419855,5,0.010134594485805212
2534,0.09146665788993433,231,231,0.44103295003794474,0.5104545164023686,-0.13961978785731746,1.005065581775475,0.23584011311782152,3,0.16494093738492072,3521,3521,0.7463185050264192,0.7680801148308105,0.7459042647312291,0.07161915679811354,0.708410823357751,5,0.07347427949498639
2535,0.18246855939871906,1961,1961,0.5896157232395375,0.5634168931281167,0.5865807389208532,0.017682571477365547,0.5531647250080791,3,0.23758727185977105,1364,1364,0.5760918304525833,0.4732002139962649,0.5929337950419192,0.1012845621448091,0.49018413742888345,2,0.05511871246105199
2536,0.12383388642118567,1445,1445,0.3873019486274262,0.4004632601161462,0.34716751328800016,0.1456425723468117,0.38181188832452634,3,0.14087514406498142,2054,2054,0.353892077560369,0.44322065237983754,0.3923884326501702,0.0890930752984054,0.4472374486171155,5,0.017041257643795743
2537,0.0647771267928608,1315,1315,0.6392945858842095,0.7680967168925775,0.6105942558105381,0.10287999168120582,0.7138640403138771,3,0.07487051931683704,3131,3131,0.8712894277223544,0.8873706804856971,0.8699128028036676,0.018494037921905716,0.8783237613805545,5,0.010093392523976244
2539,0.08020571729659576,1236,1236,0.6742785090113702,0.8015232183937699,0.6385806538324262,0.15903396576021803,0.7269424659619923,3,0.08664124826556208,3231,3231,0.8050222778324542,0.7455733178962538,0.8111711380674249,0.09945595020998892,0.7537691087146584,5,0.006435530968966319
2541,0.058616592302618384,1763,1763,0.7996339495348452,0.859144875003427,0.7417036311369648,0.15107215163041182,0.8161597838221789,3,0.06652777077507158,3922,3922,0.8805186924385777,0.8397694323745521,0.8812596064298738,0.026684049882152363,0.8453903458714274,5,0.007911178472453193
2542,0.05933496490598223,1795,1795,0.7825738027950979,0.8280722906328516,0.6973022880134837,0.20046286925288306,0.7750500088655011,3,0.06649094396181832,3454,3454,0.8705186890313868,0.8816437139102515,0.8700028931480123,0.04391575719988552,0.8682974456028001,5,0.007155979055836086
2543,0.06108762820260912,1548,1548,0.8101293044992814,0.8668841522353017,0.6562551554487923,0.35539205638134974,0.7529772854722802,3,0.0686561006660746,2873,2873,0.8425577417319405,0.836580073769226,0.8348166834124668,0.031907333715472296,0.8314450671039596,5,0.007568472463465474
2544,0.13883012439810136,1897,1897,0.7516189402898632,0.8484066806955841,0.7166415334308375,0.0787736055569333,0.7031792379356939,3,0.16246959499550567,3218,3218,0.7900350097194534,0.8645062280430249,0.7873140618966079,0.07927842779547517,0.8386953704050535,5,0.023639470597404316
2545,0.03162183512763028,1420,1420,0.41593002405254276,0.6037448125487279,0.39411926445102513,0.20272921607208386,0.6165276428856847,2,0.0295027714102883,3833,3833,0.4048278921385533,0.6705690561202591,0.3457382762073017,0.2463896020234814,0.6069106898688922,5,-0.002119063717341982
2546,0.0547491404875223,2361,2361,0.5441925875339607,0.5478782434692675,0.5659851509416364,0.08365094851136907,0.586179245939526,3,0.051388523080045156,3345,3345,0.5876058848532446,0.7019256700332532,0.5709721132492458,0.07898548002000033,0.6905234726007627,4,-0.0033606174074771455
2547,0.2752362334248108,2143,2143,0.34753184584394214,0.4636978842156163,0.3897720635550639,0.21015464032604486,0.4945470335693831,3,0.2895844278339105,3247,3247,0.5541386859980872,0.5944461160998719,0.5413515962476894,0.07770950589107237,0.5854658046281175,5,0.01434819440909968
2548,0.10182133517619409,1297,1297,0.2701454740663095,0.19915418583806888,0.3586009601782297,0.13902654664648376,0.3417935774770151,3,0.09865035278936239,1622,1622,0.28676849421854644,0.4410980704425913,0.2607877132312778,0.07112508270330706,0.3800019891530297,4,-0.0031709823868316944
2550,0.025094508969734558,1559,1559,0.6525571799922893,0.5775586616521553,0.6594602910730673,0.062008920319195415,0.602236415063937,3,0.028325752655473616,4047,4047,0.7433752864746439,0.7016943978310923,0.7318855414372402,0.07669897260239379,0.677980763913863,5,0.0032312436857390575
2551,0.06433708546601641,1713,1713,0.7562008184806902,0.7795642395383847,0.5043017508321133,0.5494712184653114,0.6191203853902056,3,0.0702512856997339,3256,3256,0.8456030275002004,0.8905611340492807,0.8392696943348398,0.04189621394102636,0.8170858304881689,5,0.005914200233717498
2552,0.09503713965382987,2260,2260,0.6905757704391615,0.6425746572687152,0.6853906305686256,0.06555927665906462,0.6325743084679623,3,0.10141286921470105,3167,3167,0.7379402093293543,0.6997531655891378,0.7488764136318862,0.059542386671484704,0.7321072277086428,5,0.0063757295608711795
2553,0.03911613432230711,1507,1507,0.7160887808269157,0.7543475049141958,0.7062627077408682,0.04179822528937121,0.7267098697487359,3,0.04676239877012349,3141,3141,0.7669554879615128,0.7151800781698363,0.7783713775635426,0.061336622500610366,0.7422226314120203,5,0.007646264447816381
2554,0.042350802484835234,1097,1097,0.7524522318047653,0.8070502022021979,0.7698907007418226,0.09752186743239123,0.8094161830266081,3,0.04503799548444849,2089,2089,0.6472576282354303,0.6515510981149846,0.6912704746075184,0.16503075057786534,0.692702446934728,5,0.002687192999613258
2556,0.04203704495440854,2099,2099,0.8516158688277077,0.8873209000176729,0.8554941872887895,0.02155221244771811,0.8722922020013595,3,0.045348283730656844,3431,3431,0.8592035002677264,0.9095971490938558,0.8543652499698815,0.05294063166342336,0.8782640828818773,5,0.003311238776248303
2557,0.05699504285322962,1341,1341,0.8285555343466091,0.8822421738366414,0.8199983818450214,0.061604857072633336,0.8622742722836099,2,0.06281757536620791,3317,3317,0.8582821777701073,0.9011589683075866,0.8538273359568571,0.03738099954502625,0.8328495620466061,5,0.00582253251297829
2558,0.05346065263498636,1936,1936,0.8320417604926786,0.8473633165107225,0.8212302216168653,0.077128028075349,0.809070557083889,3,0.0599646294653263,3708,3708,0.8572755784297788,0.9245977806929773,0.8496196825308118,0.038573152529911614,0.8746760033288226,5,0.006503976830339937
2560,0.057230761127754944,1331,1331,0.758961724523683,0.7380876723366913,0.6789702999865139,0.1886933287171405,0.6846768287558215,3,0.06716283801156762,2511,2511,0.8174796611406209,0.8548351528597874,0.8093871721442518,0.05490522879749516,0.8519581046410508,5,0.00993207688381268
2561,0.09209738748837007,1095,1095,0.6782523018635582,0.7851519810561812,0.6791387778629396,0.1887232189371385,0.7495721534206212,2,0.11428861019001445,2955,2955,0.6878052918925761,0.7238897156534909,0.6643589503930756,0.13160422454232068,0.6539596274652514,5,0.022191222701644378
2562,0.08287919626852547,1705,1705,0.7400761346596785,0.8175176248599562,0.7479678681960434,0.06442913970989377,0.769678378321866,3,0.11676541697126867,3132,3132,0.7160407909599092,0.8023120013113288,0.7120857203345439,0.050224475838996564,0.7379326118248217,5,0.033886220702743206
2564,0.11079643145626118,1587,1587,0.7501739402358372,0.7832157898612737,0.6915110763857241,0.13844806757836567,0.6778553954327077,3,0.12400833442044551,2711,2711,0.8076345706940397,0.7557122782357237,0.8007611584615393,0.04927205659511788,0.7474284646340468,5,0.013211902964184327
2565,0.08831242978937373,1257,1257,0.7759513063500076,0.7512822728546489,0.6549842559540126,0.24268990742406352,0.6729357066184495,3,0.09777088047827857,2279,2279,0.7256279031496538,0.6951493154534115,0.7302773711271804,0.10572693806242466,0.6897574791472008,5,0.009458450688904843
2566,0.04673743417428036,2292,2292,0.8005518935820872,0.7607351699572308,0.8077294785282181,0.04872909484056507,0.7709150345135857,3,0.05217515893478567,3837,3837,0.8252936259357357,0.8252499894198864,0.8221867860874049,0.019755107691569025,0.8150922912299234,5,0.0054377247605053095
2567,0.10442402439184209,1205,1205,0.7618075380820711,0.8429311855750798,0.763748599592778,0.10302854580179875,0.7947213527495558,2,0.1131177096386643,3416,3416,0.761006222749536,0.8600031778842343,0.7474892176910197,0.09786563663437985,0.8351939569304261,5,0.008693685246822208
2569,0.054644000948479626,2441,2441,0.8295235798354614,0.8262198690739735,0.8255288641550539,0.034681764663035144,0.7658342938986419,3,0.06733899194542299,3836,3836,0.8304536786053704,0.8104391236211378,0.8310578983373789,0.04390372164943314,0.8110844691069234,5,0.012694990996943364
2570,0.05852783523976819,1789,1789,0.8210573079967651,0.841798007377319,0.796202084695104,0.08575792359642832,0.8052813084735325,3,0.07264942965026695,3055,3055,0.8104402347819828,0.8237306982089962,0.8075757101878936,0.03680510168969881,0.8233697506560036,5,0.014121594410498761
2571,0.10054523472095227,1459,1459,0.7164956604317837,0.7534136713892841,0.6528207786304385,0.13525599278015574,0.658394820861249,3,0.14486990550423173,3343,3343,0.7451548183161755,0.6995912281205374,0.7325291720212983,0.07867768714761236,0.6963989386785387,5,0.044324670783279466
2572,0.11120976061566328,914,914,0.6834487516131917,0.7910930412960647,0.6781834621508844,0.0197386082317947,0.7009861945913052,2,0.1152026250513561,2353,2353,0.6555229025637512,0.8008854586738701,0.6069076151275391,0.22031783467302543,0.7370991430939521,5,0.003992864435692828
2573,0.1268190481634417,1775,1775,0.7814395876511523,0.7565003028602493,0.786903702307392,0.059256726858326086,0.7722510920874269,3,0.21444357429007385,3451,3451,0.7303112650670361,0.619674755942293,0.7292931789668671,0.07207904201860642,0.6280275740352057,5,0.08762452612663216
2574,0.14791281045678598,1661,1661,0.7179324645506577,0.7820725128406637,0.5620297740675052,0.29910980087769995,0.6498153077760737,3,0.2785607328264927,2855,2855,0.7766065578486591,0.7557307654865278,0.7703776117919066,0.06848333948360895,0.7519764420646071,5,0.1306479223697067
2575,0.16490545266134204,1244,1244,0.5426005137940901,0.6382791796673317,0.3202828297601676,0.4299461018902567,0.49020074739077596,3,0.20643404676398472,2121,2121,0.7624214951861652,0.8699676989158271,0.7516726964601561,0.08115031909673504,0.8403771377630201,5,0.041528594102642674
2576,0.12988282925653039,1536,1536,0.5795684057682247,0.6929805523260635,0.5583505059215008,0.1457175336931156,0.6756103634201358,2,0.11535919258393437,2490,2490,0.717169757941102,0.7947901306137288,0.7200153598781815,0.04214346098326574,0.7363619084494366,4,-0.014523636672596013
2577,0.09246219825396759,2251,2251,0.7669951842952594,0.8057760401002214,0.740589668378652,0.05968129705052532,0.8014668033683229,3,0.10176688257411765,3994,3994,0.7626440366406769,0.7307713444480967,0.7598503519258089,0.0719067390641677,0.7180052670872648,5,0.009304684320150053
2579,0.07193581184103535,1490,1490,0.6858764783333584,0.5551895654357129,0.6848987964284874,0.007129815891077267,0.5487230255860979,2,0.08910126750010852,2988,2988,0.6768594943413966,0.5784060151091085,0.6749931180898036,0.04212079703654891,0.569534668383102,5,0.017165455659073167
2581,0.05374424228792615,1317,1317,0.685232891580487,0.6122378711901889,0.676451793961151,0.043245135456519014,0.6031103557793683,2,0.059815692592551706,3686,3686,0.7252591509925836,0.6418615501462315,0.7210287058065565,0.041248746153423436,0.6391568571303018,5,0.006071450304625553
2582,0.09709781816727635,2403,2403,0.6649331634231598,0.6704430397844443,0.5865396356325715,0.21205467993139904,0.5782982978061979,3,0.12204303509394625,3676,3676,0.7015567745900633,0.7696237259215494,0.6980026863422982,0.07156252200264591,0.7249410037375242,5,0.0249452169266699
2584,0.03819787895837412,2479,2479,0.8008762981352276,0.7252694545688001,0.7875398110299137,0.04062238534724661,0.7194840233560028,3,0.04076293741892737,4235,4235,0.7873241124470726,0.6845511419094343,0.7887382863899669,0.04666840504590604,0.686181704345298,5,0.0025650584605532503
2585,0.16443835297185513,2448,2448,0.7579705151039399,0.827975773976835,0.7005457691622322,0.15014207033567217,0.7107601317608653,3,0.24421573614177983,4176,4176,0.7947288902669405,0.8000587670640849,0.8030038348171165,0.08583819677168288,0.7978728501282558,5,0.07977738316992469
2586,0.2509166213630109,2273,2273,0.7568281189077187,0.8578834830234513,0.7038524804509874,0.1333414106069028,0.7650375267501058,3,0.33347665555580425,3252,3252,0.7880469739152363,0.8395420248167056,0.7842676330165216,0.053392147988000925,0.8061344458669266,5,0.08256003419279334
2587,0.1731759524779583,2586,2586,0.693905557774824,0.7922752804926682,0.647776095473299,0.12153073354045087,0.7656453923723349,3,0.1951370004953849,3837,3837,0.6818173055722084,0.8073297911397276,0.6664010689088062,0.164997717849711,0.7808030763022971,5,0.0219610480174266
2588,0.1161365134304764,1427,1427,0.652847567578237,0.6118297390741002,0.663194277297442,0.057684995624683856,0.6419152043251167,3,0.15503503219788461,2601,2601,0.5801134802016286,0.4737596809939745,0.5931150279706134,0.08247485830547356,0.483941144694812,5,0.03889851876740821
2590,0.29958294109365313,1960,1960,0.6065165942941211,0.707570313214305,0.572375605851681,0.08824779603623097,0.6911700386941314,3,0.3861049249453277,3146,3146,0.5825710777157933,0.5852305733040084,0.5736588540123677,0.09228877253464536,0.5623166680952736,5,0.08652198385167459
2592,0.07773115435102629,1857,1857,0.8008295993393801,0.8113656754211063,0.7851995939974429,0.04875280989803623,0.7909131345493671,3,0.10387214635661762,3418,3418,0.7546237489645258,0.8140981741523194,0.7538834892950691,0.06531159252699235,0.7718620466222667,5,0.026140992005591335
2593,0.1495548708471735,2316,2316,0.7285407626029958,0.749681817371896,0.7093699637190313,0.06811083582722585,0.7344419645911827,3,0.2217546980418091,3862,3862,0.7304931408433513,0.7643845967865371,0.7233288687663354,0.06782298057057828,0.7238990434598012,5,0.07219982719463561
2595,0.1993867763566844,2183,2183,0.6889478103612752,0.7615260537373092,0.6433968336406698,0.0893206364944454,0.6710316184031401,3,0.36225932554811263,3726,3726,0.7248671802011248,0.7168910696655636,0.7265341512368193,0.08916830429919298,0.7441811686047994,5,0.16287254919142824
2596,0.03584933510069755,1998,1998,0.6160832969908324,0.7765240944091322,0.5827115918708862,0.083346923927362,0.753787222793333,3,0.03908604286541056,3325,3325,0.6780687791432878,0.8264334413201484,0.6690322393138731,0.12343141135263987,0.788898143542399,5,0.0032367077647130066
2597,0.05125850714419199,2070,2070,0.6576218344900491,0.6034333571590926,0.6547594993603318,0.03807560916046834,0.5967764465171612,3,0.05730491385969973,4028,4028,0.7337779782003098,0.6830831330231888,0.7341610382758288,0.03045473566466696,0.6764108874608549,5,0.006046406715507734
2598,0.10516248125320853,1393,1393,0.6973845898792482,0.8458279869531725,0.696228606898496,0.01699755454177624,0.8386979150577238,2,0.11283497147290171,3848,3848,0.6384286942622761,0.8207725015437917,0.6532775281687229,0.0805635740188255,0.7829795386865323,5,0.007672490219693184
2599,0.11438418227066127,994,994,0.8026205614094912,0.8622437130384508,0.798108883235404,0.06750681093928111,0.8509017147630992,2,0.1350083284220026,3579,3579,0.7341459239246815,0.8570801187306454,0.724244849048717,0.0562042522617777,0.8148300164105796,5,0.020624146151341338
2600,0.8208738075443882,1842,1842,0.7136866462453944,0.8016670081049622,0.5862658170309687,0.3195105244245438,0.687836532869578,3,1.1675789777003276,3861,3861,0.7265252924760328,0.8604167900377919,0.6937029177555917,0.21508242831525937,0.734669262227285,5,0.3467051701559394
2602,0.04391223995531258,1151,1151,0.6284393734853848,0.7842260786627555,0.5961931358826134,0.06438714324386957,0.6643509651602165,2,0.0501879895216648,3660,3660,0.7596519491860724,0.8294007626604608,0.7649588605177786,0.047762142219627525,0.7578212992065507,5,0.006275749566352219
2603,0.17447377569597974,1885,1885,0.7844644391043119,0.8124240302913988,0.7787633850581067,0.03769646880067253,0.7980442426619139,2,0.1922181120485401,4197,4197,0.7304555389427108,0.6600645021519358,0.7428451489400478,0.049945965036685525,0.686032358239966,5,0.01774433635256037
2605,0.556170862340432,951,951,-3.6962852325210918,-0.722651342991464,-7.0249034507994566,7.8753433325494475,-1.1367881590754367,2,0.620472451797227,3182,3182,-0.46112734865723115,0.244927986636864,-0.567577402387975,1.13382873748191,0.2336700271667921,5,0.06430158945679498
2607,0.0740222267245764,661,661,0.4781123863980018,0.691845049783219,0.37708450261626714,0.2526645468335511,0.6587025834085679,2,0.0746851461967032,3249,3249,0.5528539200573055,0.7227038727242642,0.5315081772305092,0.09943353190581648,0.6603263528688483,5,0.0006629194721268078
2609,0.07003222752617637,2577,2577,0.6793093102793784,0.6265553067921782,0.7200757434526329,0.14273787633145665,0.6729778052087158,3,0.10217907392174494,4304,4304,0.6433438633024567,0.5597797434061746,0.655925996265011,0.09410779127232975,0.5702816235888019,5,0.03214684639556857
2610,0.11162185024231354,1498,1498,0.6411798552327769,0.8010076810116143,0.5758645952613431,0.1388916270853064,0.6781383786224277,3,0.14002333435870484,3113,3113,0.7948084325519235,0.8476355157313126,0.7832214620651813,0.07109912729276109,0.8167619145569395,5,0.028401484116391304
2611,0.07314696867754165,1819,1819,0.7160547514572988,0.8106156079839132,0.6889811082818876,0.0788645390890166,0.6922918757428899,3,0.09519743769741859,3460,3460,0.7869416748298133,0.8545508656022753,0.7640059943821871,0.07739350448972063,0.7572526624420347,5,0.022050469019876937
2612,0.20262852088221164,2127,2127,0.6909227881642446,0.8424920648877025,0.7097279494678475,0.08785560572104431,0.7774523342839897,3,0.2312215498898203,3481,3481,0.7122757118568663,0.7674090589103537,0.7002266101361895,0.09645357824762517,0.6994845031588306,5,0.028593029007608656
2613,0.06688842443951341,1890,1890,0.6441171342029818,0.7438641741184282,0.6415485233274504,0.04231971967940031,0.6921736862745199,3,0.07926953980482787,3159,3159,0.611716764557646,0.5845665238586202,0.6752685524564258,0.20177807677662868,0.6410257548580769,5,0.012381115365314457
2615,0.022215071224177207,751,751,0.5860417440869374,0.5811646212417355,0.5664979832085191,0.10419706974087721,0.5473725590940233,2,0.04202620443926493,3025,3025,0.6899670600439275,0.6889795618317918,0.6897974145703673,0.05257066089134834,0.6552928201640852,5,0.01981113321508772
2616,0.04739086855102075,1958,1958,0.5616478287695277,0.47630926423430886,0.5744660587479054,0.06978480315217571,0.4903671054560312,3,0.05013547172241354,3295,3295,0.4817657761184275,0.3927173004703288,0.5091362910890176,0.11381708925651593,0.40591824534710363,5,0.002744603171392787
2617,0.1668452135231935,2813,2813,0.5730706795476292,0.515143184062202,0.5847021831043067,0.044253639625532186,0.5313032204886934,3,0.2125509378494115,2265,2265,0.448244931379296,0.30577494199746014,0.5051526898276644,0.10924824273901458,0.3679946905318249,4,0.045705724326218
2618,0.10289736807604485,1573,1573,0.2864469496473615,0.5956279228642875,0.16131966995781197,0.49315646706972016,0.4593464231683196,3,0.12159337692547299,2976,2976,0.7565322127925512,0.796870569110681,0.7454110204298134,0.09208396007045393,0.7648650685366906,5,0.01869600884942814
2619,0.11427598015193936,2098,2098,0.6292222775688558,0.8075583896436729,0.5455251191443412,0.1925293181402638,0.7043042009467494,3,0.09598302792027467,1311,1311,0.5951031325310974,0.4905024247768889,0.6027578662508122,0.04148405919269418,0.4927454456734981,2,-0.01829295223166469
2620,0.0482170431629112,1187,1187,0.5069448598578998,0.590170054570802,0.36034065028333107,0.26012451808518783,0.4405740801234244,3,0.054303062053583914,3723,3723,0.6817870018960429,0.7322026508566217,0.6426568584650385,0.13889032193865683,0.6608289455019504,5,0.006086018890672715
2621,0.07950760783778185,2363,2363,0.7243314292907435,0.6640604992833341,0.7483886667445788,0.07624956074766975,0.7044007876380235,3,0.06710991283242737,2308,2308,0.7568548264529744,0.6807155433757512,-0.12657485564745963,1.764519326494203,0.3210736846573207,4,-0.012397695005354481
2622,0.07957614083699223,2317,2317,0.7124763962463776,0.6056604077262031,0.7314104018447155,0.06158197284361414,0.6394567824847156,3,0.08185800025073822,3371,3371,0.6788293584343503,0.5387168944581704,0.6918641583569992,0.061359544993205416,0.5476831781384488,5,0.002281859413745993
2623,0.10707149117946478,1015,1015,0.675325429647339,0.747452347230422,0.6461653684456097,0.07269225237168006,0.6873981409460335,2,0.09394436199135066,3143,3143,0.7324338230878814,0.8434418995622985,0.7067872470444493,0.1564318405882393,0.7664791036219716,5,-0.013127129188114123
2624,0.13595050750717708,1361,1361,0.4213429794962603,0.6025124928941524,0.4270102452448569,0.2383144929298208,0.593743112874068,2,0.1204923607652765,2896,2896,0.4831719867710643,0.5215642288623574,0.30991527404403774,0.5293376286479319,0.35244805881876534,5,-0.015458146741900575
2625,0.11312965610499269,1444,1444,0.5599445983645768,0.4318371556480486,0.5725124281633648,0.1086490485760414,0.46439008365103973,3,0.1512639007454419,2271,2271,0.6030094906799675,0.5374203801975528,0.5896120139281562,0.07821603816573348,0.5528179622205537,5,0.03813424464044922
2626,0.0558057386692412,1776,1776,0.6185290444857686,0.7052514804690768,0.60038351744638,0.07723888481160406,0.6696401529974748,3,0.06256200775370321,1072,1072,0.7206373888444251,0.7172045491010429,0.7162674690958957,0.01343069495836499,0.6512643122352417,2,0.006756269084462016
2628,0.08139094983000658,1843,1843,0.6973941748824797,0.8080081147847002,0.6823793557639295,0.09415597342978453,0.7967212312495788,3,0.08314407307105186,3363,3363,0.5661940345974095,0.6624026919880989,0.5642609572103401,0.08351917572951825,0.6256831907715302,5,0.0017531232410452763
2629,0.1547408353445852,1120,1120,0.6807466001784198,0.6950736492918943,0.6861809952336756,0.12131995637389367,0.6392973544808855,3,0.13600235732093277,2279,2279,0.5257047638699981,0.4847801249552858,0.5493010140077652,0.11664293392114004,0.4910142913487309,5,-0.018738478023652416
2631,0.1912182426485285,1432,1432,0.7340209756621576,0.7931513092884461,0.7443096504597714,0.08718454647714081,0.751898214720253,3,0.25109405352416836,3309,3309,0.4848459836043786,0.5844873296772455,0.47779092729793254,0.18764216971880188,0.5258183727055674,5,0.05987581087563987
2632,0.30905591925030407,1375,1375,0.5083387405695057,0.6973954735027488,0.45452624010478876,0.2174088286843662,0.6241229902786646,3,0.2428192756280992,2573,2573,0.5702485493493201,0.7458525142057213,0.46582022387742816,0.2615521552913578,0.6602515019951991,5,-0.06623664362220485
2633,0.13061053127325564,880,880,0.6278221267941562,0.6948694983626412,0.6394058758810655,0.21734519351155296,0.6426099253518027,2,0.15726107895792718,2760,2760,0.6507494827424081,0.6415998282550504,0.647635422678,0.022292212114869626,0.6273169184958455,5,0.02665054768467154
2635,0.049564459445370516,2062,2062,0.7862853616869057,0.777144234436318,0.7863164854117378,0.00811231935120745,0.7763192011630283,2,0.056656192015711364,3080,3080,0.6445129637112358,0.6325312972093926,0.5308123779300796,0.42115659273752054,0.6209474418884158,5,0.007091732570340847
2636,0.5787740866403754,1845,1845,0.5787693068310584,0.7036426856959823,0.5156619137480344,0.16880046341770805,0.49253350412622954,3,0.7335559375071204,1409,1409,0.5378235531998428,0.49273742068788406,0.517517171445478,0.061617155777486436,0.5256488861010302,4,0.154781850866745
2637,0.21313693973294864,1939,1939,0.6522209818000082,0.6863667131221027,0.6506054754380939,0.03313269203748834,0.6030426561189183,3,0.18922500132068748,2497,2497,0.7961397932507611,0.8531020702733049,0.7525825365161256,0.12857707558599132,0.7821806978281998,5,-0.023911938412261163
2638,0.209386106654301,2366,2366,0.7120801023332928,0.7761458077616281,0.7146072958514657,0.06804875741200977,0.72985069460656,3,0.22897489336095683,3374,3374,0.7788193004707603,0.8304758240445989,0.7350239483367481,0.12446027837279486,0.7801523027803482,5,0.019588786706655842
2639,0.10344232328217752,1015,1015,0.17748459184247523,0.37525006490403456,0.2972576470827224,0.388447248568361,0.41949987529438604,2,0.0965926935560294,1580,1580,0.38968654405341396,0.41172297677607583,-1.2940183936981142,3.9771075460943632,0.16845241570314567,5,-0.006849629726148124
2640,0.08777662169947043,1873,1873,0.6117174181973783,0.5908099826201002,0.5065536065786196,0.21737291431906447,0.47677682142105055,3,0.09334402395236763,2663,2663,0.6529864855123675,0.5878819398955965,0.6394399337526622,0.11013310637539406,0.5565549749627838,5,0.005567402252897202
2641,0.0738116532520974,2027,2027,0.6430709445180511,0.5289223042088347,0.6210738863719648,0.11662191594133364,0.4926466536880058,3,0.07817883840647769,3096,3096,0.7431111120778178,0.6008292350291633,0.7031378914630577,0.09227095059219667,0.5806650457935818,5,0.004367185154380282
2642,0.09086669636344,1773,1773,0.048150238133101486,0.39070849719805123,-0.14299961842190534,0.6893311256302486,0.3344735817308795,3,0.10246458046183927,2367,2367,0.6630157383957329,0.7541394850108395,0.5696438702897311,0.21868100344820282,0.6313443178829228,5,0.011597884098399278
2644,0.23168699222533987,2068,2068,0.5547534945175833,0.4767843521719769,0.5112372181896337,0.22500919621238688,0.40685923045779077,3,0.2597815074689843,2564,2564,0.41406193366211064,0.39450228620572614,0.5399105382195764,0.19072805442003182,0.49848970302923334,5,0.028094515243644452
2645,0.2579961751708295,2139,2139,0.47488839904987445,0.45109879480393233,0.5118234549095254,0.20605431088091852,0.4609763560519955,3,0.29152212031404245,2130,2130,0.5961147344542108,0.5800788153255638,0.5804936050079847,0.0477481997027765,0.5752202542462772,5,0.03352594514321294
2646,0.04989637507841882,2242,2242,0.5715360215936897,0.735620646687328,0.3452295940383893,0.5092786680120656,0.5168930139400768,3,0.05261044109897448,3361,3361,0.6662601016402994,0.6095213209503054,0.637712058530628,0.1746747942744554,0.6100650407783249,5,0.0027140660205556624
2647,0.05192047588206138,1578,1578,0.6411330952776664,0.7240791924854905,0.6002238726742307,0.10082610877155807,0.6217877214716052,3,0.04835180148525893,3420,3420,0.7529969850700914,0.8224910736650539,0.7117682589050982,0.11954135448511585,0.7470268398780339,5,-0.003568674396802453
2648,0.19015739178933988,1679,1679,0.650232846212301,0.6670735073128947,0.6463843696227717,0.06675040463742488,0.652848155688543,2,0.1748986964865234,4592,4592,0.6601561465727099,0.7176151569754489,0.669806184439319,0.04823778894959565,0.6964925680956853,5,-0.015258695302816483
2649,0.04989442293327756,1230,1230,0.7582320139961245,0.8371899042235749,0.7437264823398889,0.04458280431379991,0.7919559244995709,3,0.04320680325609898,3873,3873,0.7595747402364437,0.8763818562428788,0.7427042329172322,0.0999107883324478,0.83199879491417,5,-0.006687619677178583
2650,0.05672877960173963,2282,2282,0.45847881295672677,0.5860070600309455,0.3877325527685249,0.16294326133439457,0.5505367287893334,3,0.06324040455393644,4470,4470,0.599831222278719,0.6710176236266348,0.5792681687121236,0.15475916568282921,0.6380706105010312,5,0.006511624952196808
2657,0.09763003382230656,1983,1983,0.7534086623256432,0.8236590353595673,0.743379954845001,0.039640321640227114,0.8181672821981424,3,0.08765647641035028,2804,2804,0.7801952751089414,0.8274959813831406,0.78538391865925,0.017002159696680272,0.8100636200493536,5,-0.009973557411956283
2658,0.09492687751546462,1885,1885,0.7048287299734741,0.7575962497743353,0.6837859499119237,0.02756456270135648,0.7557511982667137,3,0.09234529475473716,2564,2564,0.7058263508988051,0.7250739548175409,0.7273476818735676,0.07552038762674347,0.7313573350358145,5,-0.002581582760727466
2659,0.07589936892843371,2008,2008,0.7128856521251534,0.8476896755595266,0.7187584995579517,0.02602938042461221,0.8365549649719134,3,0.06727159564744088,2912,2912,0.7780132622278709,0.7859110673166482,0.7948897412899039,0.06720992761241634,0.7782787984382269,5,-0.008627773280992831
2661,0.08975443071945369,1381,1381,0.49122025352732956,0.6541071811405517,0.531466025094755,0.12481422876930003,0.6764858633559303,3,0.0839319592337103,1991,1991,0.644063384203769,0.7474845113448791,0.6673063423512641,0.10662844981774686,0.7562046124351856,5,-0.005822471485743386
2663,0.056589517350957574,2177,2177,0.8293884513236949,0.8585641922652851,0.7791547397173586,0.11512131420795818,0.8144268741091588,3,0.0549112083237892,2871,2871,0.8314378536502374,0.8837774309717347,0.7740142118347114,0.1223701500799924,0.7788485141836097,5,-0.0016783090271683745
2664,0.07480373635074261,2069,2069,0.6904201084270273,0.6997314028629658,0.6799565768315409,0.02913521038442163,0.7208307175929257,3,0.0662738237916434,2410,2410,0.6967238294448492,0.7069163981977516,0.6903868702997922,0.03757238836963556,0.6975171114945662,5,-0.008529912559099212
2665,0.4043688126543612,1384,1384,0.6538192763015864,0.7100863009372074,0.6265113984457144,0.0531797783492346,0.6864857137905679,3,0.3332524490183033,1942,1942,0.6874388058826632,0.6416493665303644,0.7059628556770657,0.08507916695247965,0.6539792338919032,5,-0.07111636363605789
2666,0.10922765344462537,1835,1835,0.6887468718753667,0.7408147657668043,0.6871007894706738,0.043650985994472195,0.7345058432500063,3,0.1002715029191491,2584,2584,0.6966327925412668,0.76421938276694,0.7299551380484861,0.07964339677761524,0.7767428554900263,5,-0.00895615052547627
2667,0.10537844748647364,1998,1998,0.7031088545347969,0.7438977754927121,0.7292677953809861,0.08181751790417396,0.7528116973651698,3,0.09621172924264833,2585,2585,0.6980433469478726,0.6855764233754091,0.7498082193711371,0.10629807492394648,0.7579172789775276,5,-0.009166718243825311
2668,0.11026254333315118,2013,2013,0.7322724540031155,0.759544510205772,0.7133836816639739,0.03759331450133231,0.7430180432613894,3,0.10177317803709426,2764,2764,0.7560916548930803,0.7944956012548523,0.7715713175622287,0.06065392928092292,0.7997577946709032,5,-0.008489365296056914
2669,0.12290834618872533,1860,1860,0.5956578360228566,0.7074904915178339,0.6203255978775327,0.12162376205727232,0.6976977953745823,3,0.1113240953466618,2621,2621,0.7205923086499992,0.7787832115087092,0.744009243928903,0.06719155926803368,0.7906126807651696,5,-0.011584250842063534
2670,0.2215596172142826,1854,1854,0.6079635266415453,0.5449624649550786,0.6285729613237949,0.08381290857001777,0.5776087565675375,3,0.20713877091844143,2738,2738,0.7331071663012536,0.7020912693180834,0.7254971455224142,0.05923381546122262,0.6704353426884122,5,-0.014420846295841172
2671,0.09170500049165962,462,462,0.049499785271600816,0.5172831893666396,-0.892844928510263,1.1305414727816312,0.19523233347140567,3,0.10132298351737772,844,844,0.019309389602201854,0.44052410285300425,0.08413479270126449,0.7021418452606699,0.44549970705890035,5,0.009617983025718091
2672,0.11897679163218253,2105,2105,0.8116698568173762,0.8412487322357489,0.7801005705880089,0.08660045505980482,0.7914507608400697,3,0.11091945729479824,2836,2836,0.7595780017266195,0.6958829674228952,0.7744640225326674,0.037900004820568226,0.7290542641194724,5,-0.008057334337384287
2673,0.0667496792749288,1973,1973,0.7360872010903274,0.8615633768607993,0.707736024449928,0.05047410736040697,0.8269024076019339,3,0.06789994310562375,2801,2801,0.747783656223051,0.7832114240844158,0.6938331716775661,0.12232181497846017,0.6955267247809122,5,0.0011502638306949559
2674,0.15623847913207486,1823,1823,0.6727520983098623,0.639137242493415,0.6721267881539305,0.03301191989121952,0.6488969597112187,3,0.14061125587179601,2822,2822,0.637993937461973,0.6539634910222385,0.6488319093981249,0.054338695224573165,0.6747962602140265,5,-0.01562722326027885
2675,0.31471043139603855,1615,1615,0.6227562287017051,0.7164412225098981,0.5765935618206807,0.10679540335308024,0.6911640790954378,3,0.2364981040223469,2427,2427,0.7253087482820086,0.8397684164631728,0.6938727190256416,0.10023268994272677,0.7681773760761834,5,-0.07821232737369166
2676,0.09581760868739274,1904,1904,0.7790032546212333,0.8114309991973975,0.7729603266478707,0.022867903698287975,0.7946531205053479,3,0.09446256042407444,2665,2665,0.6897605455627324,0.6047502512629186,0.7051723318532339,0.08180124819500999,0.6253320047842793,5,-0.0013550482633182953
2678,0.04020332857164778,1975,1975,0.744936197917218,0.8566083818916969,0.7426727688354621,0.02244265490740939,0.8406267580418488,3,0.039572138349192404,2725,2725,0.7986292311948191,0.877552775513482,0.7755681729424346,0.071951870781786,0.8292131268425941,5,-0.0006311902224553773
2679,0.11278835903935278,726,726,0.39115237646193746,0.6888535191173935,0.38436417284594404,0.2717258571468927,0.597828942166347,2,0.11570894407411837,1369,1369,0.3204946368112981,0.629362886645841,0.34133425800686806,0.28342770061484884,0.5265904023868117,5,0.0029205850347655965
2680,0.09926377325367623,667,667,0.42580791606858104,0.7154871288401727,-0.16298437410378497,0.880860130783516,0.5060384015933773,3,0.11113872636582377,1111,1111,0.39229031987100693,0.6825340456137547,0.42573663964919745,0.2583784739222575,0.621539571479515,5,0.011874953112147535
2681,0.3482257198012556,893,893,0.4199848568270875,0.6530445448322391,0.3783664960481495,0.10501607552406649,0.6348977922473756,2,0.37409806955668884,1475,1475,0.4949277472280571,0.6420495408013283,0.5737531137899897,0.1919344641410244,0.6462313277950879,5,0.025872349755433233
2682,0.10357890812770273,1467,1467,0.6080276229707993,0.7396891556813752,0.6199775723750104,0.06293621391125051,0.7473347051994269,3,0.10752269353225406,2021,2021,0.6974068520892958,0.7625149258758614,0.6681853169493179,0.09614834929520714,0.753253097982001,5,0.003943785404551328
2683,0.32402463091933753,1311,1311,0.5376785627241678,0.6555747921967809,0.48492518044254546,0.13253431611341612,0.6252092820247935,3,0.3076056331696325,1762,1762,0.6659066924345735,0.8232543794910161,0.609588776723121,0.11031055852365243,0.6594248386118212,5,-0.01641899774970501
2684,0.1444540688085214,401,401,-0.15061921840600956,0.537132751830597,-0.15542191001518763,0.23356893095378148,0.5303699227660421,2,0.14791757818844767,943,943,0.18698400648666946,0.4983306790049977,0.2824549118702787,0.3960554851014517,0.5422736550594938,5,0.0034635093799262606
2685,0.14312245965529288,1163,1163,0.6594463315823984,0.6112093190538408,0.66300570341129,0.18624734139688492,0.6002597746251,2,0.13090779385230156,2676,2676,0.7366247629153231,0.6857953481785515,0.7645873051111982,0.07096575557709213,0.7153776096278616,5,-0.012214665802991326
2686,0.6029929795638382,1023,1023,0.40542421017337105,0.4884827692228907,0.33414495503370584,0.14161966318741245,0.47712512653074235,3,0.6917276357078075,1398,1398,0.49572697399923693,0.6580776547594178,0.5101497703737505,0.05696675246217838,0.64956119281029,5,0.08873465614396925
2687,0.16758609123134927,1251,1251,0.6166860777602301,0.7134652123268197,0.5490169263911328,0.15252291083485386,0.6818301829779814,3,0.17220327684133396,1929,1929,0.6797708153112771,0.7560060127035234,0.6991735175382054,0.08399770122518369,0.7625707325636254,5,0.0046171856099846975
2688,0.15023475523468935,1440,1440,0.6862575025405893,0.7527183905065158,0.6635764081895549,0.06426572794446961,0.7287766193945527,3,0.16375254296611075,2011,2011,0.6985236663515912,0.6701120463877236,0.7476528567311567,0.12828205945188656,0.6863309170564472,5,0.013517787731421399
2689,0.10027844521783941,920,920,0.5985461628018223,0.6979699066174414,0.5638767763563332,0.15648991742090848,0.6489861091195487,3,0.09261796496715784,1205,1205,0.6569807457388696,0.6993888016198662,0.6361123123408804,0.21780208470617582,0.6790456084544916,5,-0.00766048025068157
2690,0.12653633002081566,676,676,0.17959885522021235,0.6009098835237985,0.18687340925062412,0.4035192521179048,0.6157064130123001,3,0.13031026951333516,1044,1044,0.4377191376140517,0.727768438935452,-0.47942905576791406,2.0336035054495705,0.3980440532499762,5,0.0037739394925195013
2691,0.10306564452962912,980,980,0.5222320368937117,0.7063139313750708,0.5048979575119215,0.057332310809490916,0.7021220409766404,3,0.09564386258793353,1101,1101,0.4450434530404257,0.7252628210920598,0.3122458595209535,0.29585010387258037,0.6260417083442193,5,-0.007421781941695585
2692,0.13703169202172133,860,860,0.14267590735095514,0.5242994703878403,0.22489856466280791,0.3570799331587555,0.5415304730399166,3,0.14375420036865547,1252,1252,0.6411068074728539,0.7476885131566711,0.6269404677572677,0.18984178806490506,0.651585925721503,5,0.006722508346934136
2693,0.31429433190271633,1071,1071,0.5013432013067979,0.5195711432817527,0.5567167345558529,0.14448654348364998,0.5965584560566194,3,0.3379151919022956,1622,1622,0.6378414209497852,0.6626341157183451,0.554071721140113,0.17183830349309134,0.5647378224861087,5,0.023620859999579247
2694,0.47263046508585965,1080,1080,0.5160784511534626,0.523710048820497,0.5967818658829324,0.20022135631782273,0.610120321393103,3,0.5341127731621462,1510,1510,0.6289395280541772,0.6859131905291935,0.6348669452083253,0.10258197245365774,0.6231399925406123,5,0.061482308076286574
2695,0.1885446272418832,802,802,0.6341865557161804,0.7246706123551014,0.6565273295209813,0.07242539852625124,0.703720952256346,3,0.19594042472785614,1220,1220,0.6823894317741133,0.7008254089488346,0.6785979156631683,0.03369958814632345,0.6256776260589874,5,0.007395797485972938
2696,0.3090800236365417,984,984,0.6705771367036176,0.7363826600222676,0.6634753757812846,0.034545789060420544,0.7258388893600269,2,0.34490098402307534,1736,1736,0.7478197950392445,0.7417788748859766,0.7262032623561355,0.13308681851054485,0.7077832111247518,5,0.03582096038653365
2697,0.5580360031090325,951,951,0.5529412743295429,0.6983933476759256,0.5024258600643844,0.09761113657663735,0.6851479382791621,3,0.871090686650912,1451,1451,0.5771618867124872,0.7768454746923925,0.5786193073667281,0.09780520434676629,0.7221620117389358,5,0.3130546835418796
2698,0.09867722092456715,186,186,-0.5753864608628385,0.37662439286126403,-0.32462794432938086,1.0352989365918397,0.5010769599447542,3,0.08836333301539222,360,360,0.6296010705257986,0.7010834016817764,0.5987856746190782,0.07521764627969403,0.6911624580983781,4,-0.010313887909174937
2699,0.14335466666330093,1588,1588,0.735070151476532,0.8578200933144013,0.7028101594481265,0.11654390690041852,0.8060321934229885,3,0.14484624940617158,2328,2328,0.7724561044289469,0.7508721410956841,0.7892670914008563,0.0872789810854263,0.7462918386506103,5,0.0014915827428706452
2700,0.07371809536662813,260,260,-0.054383764262028844,0.5043547099741998,-0.06765694820381103,0.8738267864507536,0.5256103173511528,3,0.0773040506498594,380,380,0.3184156842180227,0.6072490211198487,-8.73285660630797,20.084132942144983,-0.03631673979963761,5,0.0035859552832312735
2701,0.11014131157150801,1281,1281,0.6073775779711093,0.7021021764682192,0.6325037167380374,0.10530105811795501,0.7325928843920085,3,0.10923136190116943,1776,1776,0.4700967607416935,0.532820341272211,0.5089239619724213,0.1673500678513692,0.550360883639631,5,-0.0009099496703385834
2702,0.49255146043386633,1296,1296,0.47391495251470506,0.48607373681365595,0.5045455328361896,0.1762371295843492,0.5076745666507216,3,0.5417272215346237,1617,1617,0.5520697364820166,0.47904308572272825,0.58983421651476,0.1655381052327764,0.48774499797697224,5,0.04917576110075739
2703,0.0717847052047541,1186,1186,0.40952097916986574,0.7159648360079763,0.45118184723424476,0.20600656860242633,0.6957406580877251,3,0.07843420752078818,1879,1879,0.70206562691535,0.7814026301458019,0.717158788320717,0.13407658896960148,0.7119978197437669,5,0.0066495023160340755
2705,0.17184260300215268,1557,1557,0.6636394748213308,0.7829624994151289,0.6869489236226197,0.0851034568418351,0.8043302935253195,3,0.15916119161440745,1989,1989,0.7102015956283413,0.6766417662934676,0.7376329369966909,0.10266386871976564,0.7203142970909764,5,-0.012681411387745228
2706,0.24843164283308863,1629,1629,0.6291620484310809,0.6387359523699034,0.6378348359636279,0.09199282298674488,0.621068876905111,3,0.23167864070135227,2350,2350,0.5359222596418517,0.45182968710850824,0.5605711204204129,0.1026719493507969,0.46131397465991836,5,-0.01675300213173636
2707,0.07079953509636415,1396,1396,0.6007849528846458,0.6663092903960854,0.5848064017079267,0.18901067179658163,0.6175366952400068,3,0.07190816673969236,2241,2241,0.533595974821078,0.5128365665922553,0.6095799878617179,0.12392873050349269,0.5739130824393037,5,0.001108631643328209
2708,0.23327733806010137,896,896,0.576338901482612,0.5682887382189907,0.5967620124096609,0.0511228472001282,0.6020119010524017,2,0.18282187721220564,2167,2167,0.7431931395855792,0.7840518403062221,0.7736647229167114,0.1027880358927848,0.7646934269212109,5,-0.05045546084789573
2709,0.2325663874272747,1718,1718,0.5368696437609246,0.7026055556920121,0.5098199051805692,0.13663602193928404,0.6826803527755153,3,0.188100872982731,2409,2409,0.6712765508152738,0.8218461483907082,0.6894548895124551,0.12877356170132104,0.7826374556999054,5,-0.04446551444454369
2710,0.04095590030618966,539,539,0.5108761241761393,0.7612004881038082,0.434660677964124,0.17632836505414082,0.6569936460016742,3,0.041782777442799235,1063,1063,0.35850574952983616,0.5621324284278306,0.33875582641123075,0.26341276582454287,0.6068609775795851,5,0.0008268771366095745
2711,0.03397809231530998,364,364,0.15417739041248535,0.5943719806759095,0.05386171392520167,0.5776080583039802,0.586571784986872,2,0.035377497376836514,694,694,0.3530652657825528,0.5656371653028536,0.2783447713213846,0.4770813384116413,0.5891610345707912,5,0.0013994050615265333
2712,0.07014756665789876,812,812,-0.20158549030683415,0.4706559696590594,-0.032794979028298275,1.1735992779583424,0.5246245971057584,3,0.06465028302023237,1305,1305,0.6061156822010638,0.7842655298883394,0.6160073593671682,0.22053685197860237,0.6701095207081305,5,-0.005497283637666384
2713,0.06562487921440484,1878,1878,0.589558120597997,0.7146536047347605,0.6261369788120587,0.09952632238281918,0.7383066125984946,3,0.06389215712283675,2686,2686,0.5814564194245644,0.6888351897701326,0.6266150291219641,0.12735059789805658,0.6832049750336335,5,-0.0017327220915680924
2714,0.033498077993317096,2334,2334,0.777346400898993,0.8003769390946657,0.7767150661600964,0.03904794542981977,0.7852261055354145,3,0.03090394333024755,3386,3386,0.7818979193346669,0.7526116372461175,0.7739146809196388,0.03656633516979464,0.7362061763070025,5,-0.002594134663069545
2715,0.03148485659770892,2153,2153,0.6336227751138958,0.7329476381618869,0.6191552127452191,0.10367148781328685,0.6819309934007011,3,0.0303844837377918,3173,3173,0.6327222637561654,0.6988827994398179,0.6017114028617552,0.10460328534031264,0.6640292333056592,5,-0.0011003728599171224
2716,0.04461502809590738,1938,1938,0.827207028424154,0.8395636067571806,0.8415819725463343,0.05736483257601564,0.8499160378742312,3,0.04180552667909951,2772,2772,0.8310287074557912,0.7755371826401392,0.8301298317566321,0.012737710878721671,0.7537157328051417,5,-0.002809501416807872
2717,0.0461819794778508,753,753,0.7077453263210405,0.7439414057207427,0.6984030323467285,0.05261114384779355,0.7318912082863209,2,0.044874694425819775,1601,1601,0.6633641000817501,0.6600529768736461,0.6960863901291171,0.18524833788012374,0.6947529808969805,5,-0.0013072850520310236
2718,0.032503391843556675,1838,1838,0.7814709140853116,0.869079654390504,0.7715055867523665,0.045655267974269685,0.8486692553772185,3,0.03086287303762995,2749,2749,0.8053369226091047,0.8241841170053217,0.7791650622218145,0.07686282186408797,0.8007840349014481,5,-0.0016405188059267252
2719,0.06859535538236436,1616,1616,0.6965818206553325,0.8305100586871068,0.6744555433618475,0.2039953802155398,0.7662168107934471,3,0.0645802022155368,2368,2368,0.7872260906050892,0.888425122833291,0.7816564553094787,0.03681109220921959,0.7990362199729305,5,-0.004015153166827559
2720,0.11780640114436859,2292,2292,0.8076386206896411,0.8827059983215861,0.7956491824229052,0.03287590412365561,0.8737577023000154,3,0.09803274709782667,3121,3121,0.8323487335672983,0.8568210446169993,0.8258928183948836,0.029427816706554945,0.8139029655637164,5,-0.019773654046541925
2721,0.10431454844353667,1742,1742,0.697772268575565,0.8211417010269874,0.6770371939153396,0.07384316037464989,0.77757259184382,3,0.09732932799603145,2489,2489,0.6867508332486467,0.8349145582736109,0.7115710378320467,0.0845575896605527,0.7962372498698821,5,-0.006985220447505228
2723,0.1605761641203157,1887,1887,0.5909967539401569,0.7205962837307067,0.5609138237806854,0.18754024423052096,0.6825530814093064,3,0.1677551285611089,2677,2677,0.7445858557614652,0.7847101604693889,0.7486138646479437,0.02824115434817848,0.7456289897757071,5,0.007178964440793217
2724,0.13101543282664713,1257,1257,0.5699356774120747,0.6366821449126185,0.5672255861501173,0.054452873875036244,0.651510476353301,3,0.13466022191590424,2195,2195,0.6553906887599221,0.6075650689811395,0.6570952738651048,0.039780378157879166,0.5870158197350392,5,0.003644789089257111
2725,0.07021118355255031,2004,2004,0.5472248518046647,0.5544276574786532,0.5110443197264052,0.11436480642771332,0.5361984375452639,3,0.07451113147813766,3050,3050,0.571885905178982,0.5571518068597221,0.5996134550397894,0.17653751670034562,0.5653341216220631,5,0.004299947925587355
2726,0.15088658378458236,1458,1458,0.6646987088851657,0.8084245466851809,0.6776731072302778,0.032683881996043045,0.7919323760669279,3,0.13866247204393345,2284,2284,0.7507038305348077,0.8543052398779188,0.7603658212529784,0.09836722701665875,0.7836699562711701,5,-0.012224111740648913
2727,0.08928627045759926,1857,1857,0.798297377733262,0.864393461133133,0.8068867355032882,0.03830338740227971,0.838377488786564,3,0.08753566596985397,2564,2564,0.8275425118032953,0.7620592645069351,0.8062296476074499,0.05696799408143065,0.7238807051983326,5,-0.0017506044877452914
2728,0.12247970040980906,1557,1557,0.7260085188089154,0.821728547305579,0.7235380691048835,0.007608981479705048,0.8007072671021808,3,0.12344627605900042,2352,2352,0.7494401235550456,0.7419743045761958,0.7599135653960876,0.04543410190446152,0.7189551595520172,5,0.0009665756491913646
2729,0.1097097313150278,2118,2118,0.8395166884427734,0.8737618527054805,0.825262046425876,0.03958748468154779,0.8641286417475874,3,0.0976185461633954,2990,2990,0.8281311625051369,0.8939934867532773,0.8201706251328854,0.03797770917077834,0.8470279903328045,5,-0.012091185151632405
2730,0.21971229669416018,1628,1628,0.6896318845555971,0.6882614966049315,0.6887072947158979,0.008053414370143421,0.6486149708158794,3,0.1853311711837695,2334,2334,0.67479802118394,0.6943117863629562,0.6620319997981114,0.11716473742283257,0.6324756587634551,5,-0.03438112551039069
2731,0.13621547093470598,1355,1355,0.5118998025285431,0.6936288674875972,0.5799284979217624,0.22312616074032063,0.7304453346047818,3,0.1456544536884077,2010,2010,0.6728660032870795,0.8331560328052423,0.7097516936492696,0.15018396245519733,0.807938101315863,5,0.009438982753701725
2732,0.052741058118674855,2448,2448,0.6355236012938557,0.6287626652712421,0.639945769827333,0.01801486871271982,0.6258829929254695,3,0.04874157099932265,2670,2670,0.6398591328624301,0.6148311814727727,0.6448620978098607,0.030999237241538455,0.6028867837911087,4,-0.003999487119352205
2733,0.05510265111192631,1596,1596,0.8176758763391697,0.8693474474172058,0.8382658280250732,0.08201267762623679,0.8624733846282048,3,0.053018702564250404,2433,2433,0.8240408465508485,0.8081296687521071,0.8016855110483162,0.06968555580847559,0.7858739426470249,5,-0.0020839485476759068
2734,0.1534234846097745,2121,2121,0.878255873160871,0.8745688201265763,0.8713998471212684,0.017448720924230804,0.8806158357622546,3,0.130850373248274,3027,3027,0.8521752839222829,0.8831507213756428,0.8664877399569587,0.03918585971416886,0.8735397169122436,5,-0.022573111361500503
2735,0.071720141598677,2454,2454,0.8169298690904601,0.8173323347186854,0.8141127913096703,0.02546992151478016,0.8134525477663841,3,0.06608887673950536,3405,3405,0.803210352168296,0.7805734468424435,0.7917250592381734,0.03644955859925528,0.7678267560048384,5,-0.0056312648591716336
2736,0.07608608260339922,1886,1886,0.6416827047344089,0.6986999874284716,0.6075482260352053,0.13994106758058966,0.6366519092734942,3,0.06806822442285482,2695,2695,0.6993968032861393,0.7814248093413066,0.7117563786448281,0.16219669951850066,0.757083993646548,5,-0.008017858180544402
2737,0.06668257902800569,1910,1910,0.8305400190373391,0.8263350232712109,0.8275435113886895,0.03367919312662107,0.8430923151975914,3,0.06012171414112663,3077,3077,0.8473869622255523,0.88669564922297,0.7559403798520272,0.20092597783444396,0.7862780610607645,5,-0.006560864886879056
2738,0.05587038928955455,2026,2026,0.7601625611891067,0.7133052771972987,0.7666446487722514,0.021489814693113833,0.7160823958066711,3,0.0503143606532709,3347,3347,0.7972356790847894,0.7889565508912386,0.7837042422192481,0.07099682603153071,0.7714254316048106,5,-0.005556028636283655
2739,0.058194359988433406,2393,2393,0.8157800156524779,0.8512161542938332,0.8260666577098389,0.03648351387610445,0.8221199895061883,3,0.05283171270246008,3554,3554,0.8684191488235613,0.8490940750846957,0.8712401812820912,0.02707760965282723,0.8605941017108447,5,-0.0053626472859733265
2740,0.04497066622097999,2245,2245,0.8140135828705651,0.8867900188772496,0.7994894172723183,0.05278327799726975,0.804216668233451,3,0.04142758153790241,3288,3288,0.8217839960600789,0.9111387706636735,0.8233360907458614,0.03144891974081886,0.8645002120918222,5,-0.0035430846830775825
2741,0.08362782382639772,1081,1081,0.777856153788247,0.7745126875630878,0.4182040119989185,0.6413125991389766,0.5976871308026664,3,0.07773680168122511,2994,2994,0.7512921010518137,0.8528540014016577,0.7525960838082164,0.03462913721796428,0.7931392131367111,5,-0.005891022145172606
2742,0.04654447910352013,2340,2340,0.8437427424526142,0.8582994835063998,0.8443652813765908,0.012103917277923404,0.7982526862804494,3,0.045279655231028074,3357,3357,0.8783466935668582,0.8464657527435326,0.8842821117591859,0.023855058977992328,0.8534113610069083,5,-0.001264823872492056
2743,0.05147448602944294,2057,2057,0.8087416603345291,0.7782012452690497,0.8080625027038961,0.03206756548608965,0.7697876004398752,2,0.04915833886413964,3528,3528,0.7995070720146021,0.7410176777061324,0.7974411461384368,0.02269823278169601,0.7393516069950508,4,-0.0023161471653033033
2744,0.04741401824492977,2270,2270,0.6393812251498261,0.5835379668217436,0.6254797909181579,0.06218339003317878,0.5729074276610348,3,0.04598342121968,2986,2986,0.6438446641599682,0.5861751933016668,0.6632466095404156,0.05675584209445376,0.5966610645073162,5,-0.0014305970252497732
2745,0.06392286020386112,1794,1794,0.6992915009887671,0.8067376817088401,0.71031035461617,0.08595766546445215,0.7992313308266339,3,0.060268388186584795,3049,3049,0.6751534979009964,0.7977253694263259,0.6318554294688783,0.08445706372396594,0.7566018389514417,5,-0.003654472017276325
2746,0.05917481494207795,884,884,0.4142590731301906,0.7110639283847224,0.3415719382495486,0.21856005045058674,0.6729572193932841,3,0.052532432567801414,1606,1606,0.5808863446983301,0.7645713150358965,0.41501212852097646,0.26759118006272664,0.6772565221116271,5,-0.006642382374276536
2747,0.08483088800654334,1463,1463,0.5694823174985526,0.6625337434431171,0.5809087188255423,0.0487568471890625,0.6671311081967212,3,0.07520515039178945,2928,2928,0.5840699163161405,0.6506686037614822,0.6223680784773399,0.08064745871467081,0.659671514991906,5,-0.009625737614753896
2748,0.07847538913997475,2351,2351,0.7098505124456307,0.7144646078936769,0.7255787018251277,0.05223589156737936,0.718874651563127,3,0.07450060473803055,3256,3256,0.6526851381626044,0.6442394545032097,0.6867971003108757,0.10682313789826657,0.6715833848761974,5,-0.003974784401944195
2749,0.136254394402314,1437,1437,0.4083827633348177,0.6107294428789387,0.43776822960126155,0.18842267087044032,0.5976746575257345,3,0.13306463854968134,2165,2165,0.6335756290273484,0.6987365387101683,0.6021986077224752,0.21209648332018086,0.6146034506928434,5,-0.0031897558526326475
2750,0.09516238534518522,2104,2104,0.7752469613072395,0.8183122778764624,0.7783364074036729,0.0261478853634839,0.8195149022387501,3,0.08833122736270915,2882,2882,0.7944951492420553,0.7613084415010785,0.8079166463107873,0.04324191267401065,0.7528257995940535,5,-0.006831157982476063
2751,0.08343009259416952,1658,1658,0.7036681587750101,0.7857383296325944,0.7114956319843334,0.035418275457326814,0.7438787721916736,3,0.07981653703582324,2572,2572,0.7885407405557454,0.8256711955609125,0.7599969654537382,0.08631275543696439,0.8167253293699446,5,-0.0036135555583462764
2752,0.07486470977146736,2366,2366,0.7867363139097675,0.7751659692357787,0.7988979370622538,0.03843150860486435,0.7817395104579848,3,0.07443326118533712,3158,3158,0.7231656331035653,0.6457691269047823,0.7468820423480674,0.09796158562053162,0.6774155025270161,5,-0.0004314485861302425
2753,0.12481571851089758,1385,1385,0.7525378542746163,0.7936001515331097,0.7553240702798145,0.06881053338853894,0.7928083063261171,2,0.10227117078252752,3059,3059,0.7485440071611221,0.8630607547223258,0.7507571816815661,0.052963018672729296,0.8093807991869516,5,-0.022544547728370057
2754,0.05563270864353231,2511,2511,0.8134805111386801,0.8038801163477599,0.8018705703361565,0.04475999028118484,0.809065220877382,3,0.0526230917551113,3333,3333,0.7906631061610336,0.7753740895183605,0.7895337641345523,0.061856498246172495,0.7671856420083693,5,-0.00300961688842101
2755,0.08287413640306582,2118,2118,0.8138120285878371,0.8140674191548045,0.816841973842359,0.038500712802388516,0.8243982743899528,3,0.07505171877446504,3295,3295,0.7684380173526997,0.7494931455115238,0.797173746106664,0.0959041296582577,0.7763203126686028,5,-0.00782241762860078
2756,0.12213489403500828,229,229,0.5747481186988292,0.7215793631626066,0.43793519764731587,0.25247665637663114,0.6426160725842495,2,0.11226903416123649,2973,2973,0.6850158774542442,0.7968399137002766,0.7056981639558104,0.06912260702517521,0.7725115658531492,5,-0.009865859873771796
2757,0.06254735027398849,2201,2201,0.687427819057091,0.7825968467146863,0.6588891903060702,0.079299232103507,0.7084675768944498,3,0.05946611504426421,3069,3069,0.7198093629846438,0.8304768604225605,0.7287316510807885,0.054520450165702186,0.7791582035445057,5,-0.003081235229724276
2758,0.07839431643149943,1574,1574,0.7736624454278208,0.8760480307580539,0.7785588658219289,0.0423026102265353,0.877432294369549,2,0.07580383542732798,2983,2983,0.7929917613866385,0.8807963156732487,0.8155142171919085,0.05777468164935184,0.8500028347081334,5,-0.0025904810041714466
2759,0.13486083075009955,1890,1890,0.715976780406221,0.6426599248254274,0.718070897583757,0.023887513736893528,0.6415678970621932,3,0.12371443383393177,2987,2987,0.6979098771851107,0.6160534945975409,0.7246994139932432,0.09377059535316853,0.665218724755744,5,-0.011146396916167783
2760,0.14320368165583924,1207,1207,0.7238412949581681,0.8552636082766929,0.7366158272870913,0.0554168428512491,0.8387294779211998,2,0.13068134883088928,2926,2926,0.7578320409755253,0.860292399385307,0.7375448597930017,0.057047678799968624,0.828844623603896,5,-0.012522332824949967
2761,0.140957238115421,2203,2203,0.7277713002101416,0.701968489584515,0.7305036448949768,0.052679301849323665,0.7063520836357052,3,0.12876242946830943,3066,3066,0.7526424850968365,0.7049888634322143,0.7607342411066476,0.04904241511044299,0.7092661015211508,5,-0.01219480864711156
2762,0.07766943922528793,2179,2179,0.8462212963504183,0.8749964919247366,0.8335577027251088,0.03301875642799432,0.8619944924846757,3,0.07549462238454296,3094,3094,0.8404849678652198,0.8739822242698952,0.8526092825511264,0.03095108910609953,0.8730952687031838,5,-0.0021748168407449697
2763,0.10251547856460688,2197,2197,0.7877056755240116,0.8478350733299878,0.773332673647278,0.04792654075883412,0.8363311281105744,3,0.10086751944068079,3216,3216,0.8118223632125845,0.7993589407337567,0.8207464561678546,0.034157337024893306,0.7962325169379747,5,-0.001647959123926096
2764,0.10493828764601001,1519,1519,0.5208594820331498,0.7591382256508411,0.5394677318354703,0.05510540954779181,0.7064199969820179,3,0.09402374782497794,2344,2344,0.6852885261005375,0.7839201495934817,0.6730553030549283,0.07464654878804391,0.7695033445487476,5,-0.010914539821032077
2765,0.11245580513682779,2318,2318,0.7779821491467223,0.7875203767374227,0.7766294806501705,0.0007666227170136275,0.8047813913870338,3,0.10585343071324083,3262,3262,0.7878871101360015,0.7410558641707383,0.7856396345305738,0.031737561270738755,0.7399431383405594,5,-0.006602374423586965
2766,0.14003788453120966,1432,1432,0.8161383118671605,0.8947986335271453,0.8037172770517758,0.0518533846234537,0.8781155675075469,2,0.12504467359605842,3323,3323,0.8118426593896831,0.8164934105783375,0.8171023204434992,0.023362216864930743,0.8329722880065326,5,-0.014993210935151241
2767,0.1290221219410712,1398,1398,0.7468678586041535,0.8160195391074705,0.7430096920167292,0.014668926467968602,0.7954983437126312,2,0.1250181062833259,2869,2869,0.8051061370343002,0.7872404524802051,0.7783031052463103,0.07643259594873059,0.7755005162080018,5,-0.004004015657745302
2768,0.11946454500133015,1406,1406,0.6203228968036837,0.6157088224830285,0.6226524725572309,0.00990436518078732,0.6171050953944245,2,0.11904164971056264,2842,2842,0.6637708684570283,0.6733353641897786,0.7069559922648001,0.1331662363444458,0.7050410326992739,5,-0.00042289529076751375
2769,0.08930945589763714,1869,1869,0.6923375110809564,0.8276872082815296,0.6809522228352943,0.0946419915484245,0.7849877394043032,3,0.08681588763347446,2755,2755,0.794902763264048,0.8765517834158344,0.800384471210509,0.043236061345297956,0.8268948432103069,5,-0.0024935682641626794
2770,0.14020668968280306,1675,1675,0.6616937689098059,0.6780183875578687,0.6612525305698164,0.017486321874686166,0.6644221502566582,3,0.12331177573187153,2409,2409,0.6517946706088188,0.6115286808090815,0.6778652543925864,0.053528655572296156,0.6209243317720794,5,-0.016894913950931525
2772,0.07156051666554915,1213,1213,0.6450229083679662,0.5584177664251027,0.6341052974193184,0.030955790245044003,0.5340677814872734,2,0.07305736032591112,2745,2745,0.6990036658411253,0.6010566748718197,0.7272223666935722,0.0761616418112912,0.6218133200847132,5,0.0014968436603619711
2773,0.018774223171586866,1965,1965,0.8555494595722659,0.8874721113945608,0.8456677552177458,0.035848836820212816,0.8659244462515598,3,0.017889178756991163,2814,2814,0.8782999370270232,0.8715212236021659,0.8681520685787796,0.03142677543081647,0.8463733148120225,5,-0.000885044414595703
2774,0.021280643535020502,1446,1446,0.7609306716404826,0.8746559697261385,0.7644784767539043,0.0632896139712805,0.775416530110457,2,0.019753668886623207,3232,3232,0.7608518266655686,0.84720876044443,0.7010609448642433,0.14604801912724671,0.7454174206383619,5,-0.0015269746483972946
2775,0.07534332368199506,1440,1440,0.7903092993885376,0.7920765955367015,0.7892895040658686,0.005497013828533565,0.7808416943855616,2,0.07146714925086105,3041,3041,0.7988975303583943,0.7672281562819916,0.8200587413082447,0.0728771715225706,0.7836006134826285,5,-0.0038761744311340135
2776,0.1919103970655606,1189,1189,0.8057138933893309,0.8540014261768484,0.7720674957231892,0.07893398066764101,0.8254482451951262,2,0.15732395616833206,3769,3769,0.7689972732220782,0.7471407349319953,0.7699066140034144,0.02806035998778712,0.7496453416843505,5,-0.03458644089722854
2777,0.14609860802670208,1243,1243,0.6582771000919092,0.5959872033968088,0.6608940837405779,0.18854751258064098,0.5834781907997166,2,0.13451054759587106,3294,3294,0.7229413377387621,0.6579712043297306,0.7260947758556033,0.04838972104498233,0.6564308898141986,5,-0.011588060430831021
2778,0.08979974818435835,2996,2996,0.5517836394302931,0.6303853937164565,0.551945185761938,0.0437245122528608,0.6167197403907297,4,0.08731683280564985,3180,3180,0.6184134708584001,0.609630201056327,0.6244203280598825,0.09307228705376067,0.6261828811643978,5,-0.0024829153787084973
2779,0.05236427356110892,3771,3771,0.6478827641297861,0.791227182202515,0.6417771942890261,0.09118785541485118,0.7313161440953092,5,0.050756029567004264,3303,3303,0.7663058341068711,0.8387729223775924,0.7490364623844517,0.053489279342952945,0.817888557251958,5,-0.001608243994104655
2780,0.09798442476510423,2987,2987,0.5975949972862962,0.7592572727373617,0.5957828279174847,0.04617994539364709,0.7064058566281142,5,0.09334030262737222,3115,3115,0.6965397240307718,0.7866354971848395,0.6861020663703419,0.07336374661383979,0.7775714357612806,5,-0.004644122137732007
2781,0.07058836389770043,3367,3367,0.6950675629252876,0.7560677947185719,0.6792386953485551,0.0884515630138837,0.7137213761458001,4,0.06672427111787115,3891,3891,0.722173752304014,0.7301257496255261,0.7187311071999631,0.05999106086560408,0.7285345214873895,5,-0.003864092779829284
2782,0.06577262361153438,2570,2570,0.7387937812234429,0.7873254345425775,0.7468696027763313,0.04261467271368954,0.7468027280721836,3,0.06212975420261291,4027,4027,0.696629732924761,0.6952269786976368,0.6869568519842458,0.04845526796286456,0.6758967577165681,5,-0.003642869408921473
2783,0.06188602796970398,2256,2256,0.7627340681880999,0.8309721973827192,0.7748028362354017,0.061780253893743524,0.8043048201792032,3,0.05755575003691942,3722,3722,0.7160259777722786,0.6839211048319749,0.7030164223673065,0.0472435748080475,0.7006704200110925,5,-0.004330277932784558
2784,0.06660271827811559,1616,1616,0.7561416671564339,0.8569165998536457,0.7780308873024603,0.09057268433449092,0.773738104707211,3,0.05878017776104688,3188,3188,0.7646603657468621,0.8476148687300127,0.7467453856081596,0.08814400751073355,0.8192649159607969,5,-0.00782254051706871
2785,0.06348051168137771,987,987,0.5741179516277365,0.773342248500922,0.6010536434638769,0.08042236531887823,0.7784389513930888,2,0.06226863782430216,2838,2838,0.668051882951195,0.7521647175814522,0.6530121716521227,0.07530240377486201,0.7421921210664103,5,-0.0012118738570755447
2786,0.06999974627791636,1242,1242,0.6933388105193623,0.8029780705218417,0.6876995455172749,0.07769697077618026,0.7792425814387227,2,0.06218906440982415,3100,3100,0.8018373486392204,0.8418348601070789,0.7909234106535893,0.03839786730325755,0.8371712736031052,5,-0.007810681868092209
2787,0.07157048193565398,2700,2700,0.7636285691582267,0.792446719819463,0.7520044453207474,0.03907030425140546,0.7949458955509545,3,0.06548532377460989,3785,3785,0.7817099584962366,0.8431713844183527,0.7786845976633818,0.06332330223216942,0.8131688232888715,5,-0.006085158161044088
2788,0.09936718676047765,2140,2140,0.7624433335577538,0.8205017768663811,0.7524602925012861,0.03778874018120746,0.8156979563571873,3,0.08881927332547297,3458,3458,0.7847819842809576,0.828634992133982,0.784667820987045,0.0011029658458669555,0.825814310914877,5,-0.010547913435004677
2789,0.08705428876296406,1841,1841,0.5423657079713509,0.6860426052659312,0.5881547671953283,0.1241189879253059,0.7043720647478905,3,0.08272736073864655,3277,3277,0.6586520699747538,0.7151557885587998,0.6434329716120024,0.05090939127974376,0.6994599323937731,5,-0.004326928024317514
2790,0.09063392712622476,3313,3313,0.8104233975719012,0.8484594907830412,0.776394164566212,0.07606723305684035,0.8160717159812305,4,0.08670002694300559,4035,4035,0.8180580117411769,0.7727969195458209,0.8221251929707611,0.044173978554334456,0.7758762141380434,5,-0.003933900183219166
2791,0.0699620365875868,2347,2347,0.7842268140143338,0.8077045812110131,0.7643954599868089,0.04379532445562096,0.8084599783271242,3,0.06825925244991342,3337,3337,0.7894671812786397,0.7955812165367677,0.795821539503881,0.0513849323005341,0.7889433557103367,5,-0.0017027841376733854
2792,0.09585840124135493,2489,2489,0.7037010290164524,0.6638011775958121,0.7009596245841229,0.014083919756574689,0.6435311020065289,3,0.09193219572285449,3867,3867,0.7170521717823879,0.6795570825771402,0.7127941307556476,0.07978834636274179,0.672275097499275,5,-0.003926205518500439
2793,0.10470606585568433,2210,2210,0.6996239122762211,0.7662593402897738,0.690961718485203,0.030019793829240658,0.7382826082470247,3,0.09741782458729412,3736,3736,0.7256878470938302,0.8056610584093535,0.7377777239406516,0.06824129798207741,0.8062150461251978,5,-0.007288241268390214
2794,0.09342883924093125,3183,3183,0.7071532334622548,0.7302047338488762,0.6398031777361305,0.1885513795844606,0.6664779705556874,4,0.09132320346905239,3766,3766,0.7287415146916203,0.6956178775998545,0.7575108975120887,0.10249465930572427,0.7144008780355211,5,-0.002105635771878861
2795,0.4375548710554031,2806,2806,0.7282872096366346,0.8287075714674876,0.7254487075889107,0.03549795745014754,0.80061806273903,3,0.42224222871976175,3742,3742,0.7435105234128563,0.8032761410082094,0.7503708268291558,0.0832552707970513,0.7719559135265638,5,-0.015312642335641335
2796,0.095531776237903,2383,2383,0.6932183755914219,0.7344146986560918,0.6824784225148798,0.060661931973543214,0.7421263729798696,3,0.09224029543284128,3465,3465,0.7351322639117338,0.7463300411509353,0.7326910554515489,0.05072182665625549,0.7265154102884989,5,-0.003291480805061725
2797,0.09604933785859894,3173,3173,0.714389729603943,0.7471054488036378,0.7440363834753144,0.08748514293348335,0.7292006927879833,5,0.0941539397000099,3459,3459,0.7466242458853476,0.7433008824372507,0.7665248381798782,0.0955144611715335,0.7543004635101943,5,-0.0018953981585890373
2798,0.11198061534213712,3680,3680,0.6500114355048514,0.7383160100054877,0.6544183955552434,0.07200938281378458,0.7259485422059397,4,0.11300043923727503,3738,3738,0.7591385933065736,0.8140643187086616,0.7665626658902346,0.06337942193546675,0.7928907376036017,5,0.0010198238951379113
2799,0.157822874948675,3641,3641,0.6700646828814814,0.7426213374461148,0.6526913292787617,0.09754526642639756,0.712051862029139,4,0.16050645854242296,2368,2368,0.6390467238343833,0.6235913757089668,0.6448501868137688,0.09772974996385686,0.6317408285961256,3,0.002683583593747957
2800,0.2388427659246849,3394,3394,0.6908406758788386,0.6896712245597104,0.6864555148607427,0.052264532072418386,0.6827393423172973,4,0.2321491275482007,3805,3805,0.7461274786532448,0.7517945971408877,0.7485743319289129,0.0520593699499003,0.7472431028110021,5,-0.006693638376484207
2801,0.10758075326352344,1201,1201,0.17666173645152639,0.5900646628533486,0.11409344131270419,0.3363748332803926,0.557162388058108,4,0.10230957262943748,2238,2238,0.22725198011228176,0.6122653124294544,0.16886339058592498,0.3570573969088193,0.5724393629691475,5,-0.005271180634085965
2802,0.12111551143767638,2642,2642,0.8334102368388461,0.857305788896874,0.8181161611963607,0.05021734112895677,0.8208562123529074,3,0.11368387840103186,3846,3846,0.7692219670719984,0.6789188775134269,0.7720489504189867,0.03639056399578494,0.6863961633681512,5,-0.007431633036644514
2803,0.07134995971283069,1972,1972,0.78524206950442,0.882856144418962,0.6369215772005572,0.26234140309440335,0.8136082135863459,3,0.0674813718985597,3677,3677,0.7893325753748341,0.7318513177258882,0.7786508985699466,0.08241715178818718,0.7226698672125601,5,-0.0038685878142709906
2804,0.0674983002871121,2322,2322,0.686029751416051,0.7992985233104781,0.6485692400537726,0.07785524459272238,0.7833507458534986,3,0.06741079301689389,3852,3852,0.7307643391934495,0.8626633734003674,0.7232725415801811,0.08225541119070354,0.7785179637265156,5,-8.750727021820948e-05
2805,0.15457740311260507,2325,2325,0.6557000464816692,0.6122349744220468,0.6574986477261983,0.03651958568657668,0.6265050563131492,3,0.1479351010008134,3468,3468,0.6343212408709917,0.622574435962189,0.6371538570581103,0.05150551629158246,0.6195324932191596,5,-0.006642302111791676
2807,0.25915536431747305,2199,2199,0.7339036446831977,0.7811777761270573,0.7389438979184373,0.060462706550932464,0.7807133211886832,3,0.2641439045868016,3006,3006,0.6297926557540573,0.6428562108774833,0.6374722782815692,0.0726714899234634,0.5874912638733732,5,0.004988540269328545
2808,0.04046397628537179,2646,2646,0.782740993477756,0.8699126045601466,0.7802638192253454,0.009579572439740376,0.8529523265597846,3,0.03882325793141651,4219,4219,0.8120731922780545,0.8994438953492672,0.7962808165352945,0.0643779726445327,0.8392138013705678,5,-0.0016407183539552742
2809,0.09140763570641888,1269,1269,0.3625713179881277,0.5554091344485164,0.28140986022068504,0.07106023764484759,0.5267054165472048,3,0.0933652009437435,2452,2452,0.38285246824293784,0.5546309025786553,0.3716056962627554,0.2520848343632056,0.5197321108886523,5,0.0019575652373246127
2810,0.15515281512874038,2190,2190,0.7373027137402627,0.8042603960944508,0.7157361083424114,0.05476635094195158,0.7579391013812498,4,0.16672247143206886,2990,2990,0.7297567931114034,0.7353000235680134,0.7205880207575261,0.17312433213953687,0.7180125218815551,5,0.011569656303328485
2811,0.14295000159558527,1458,1458,0.7721304883578464,0.8796435094998104,0.6112755876351502,0.2349510271984142,0.7896480431711185,3,0.13286914356988697,2898,2898,0.6599960051313276,0.7986250743428829,0.6668594606108483,0.08696905679295426,0.7216067351789265,5,-0.010080858025698303
2812,0.14823603474580155,2457,2457,0.7970309578910779,0.8422688141660915,0.7876778615351627,0.03579761759248497,0.831975085836694,3,0.15027823387378506,2724,2724,0.7668358708158088,0.8667898478306444,0.7587650600109913,0.09605776766483196,0.7961338994405978,5,0.0020421991279835072
2813,0.17539524246376587,3197,3197,0.6030505782000687,0.6928797082072247,0.5766171183142174,0.0981464880563437,0.6447802917676366,5,0.18726916821672435,3454,3454,0.7145130921347027,0.8025434971381832,0.7115834375396399,0.07468590188819998,0.7315616153901017,5,0.01187392575295848
2814,1.0061242434765056,2991,2991,0.6207068526064292,0.5276269769334876,0.5937535038676968,0.14500897045613872,0.4827979587242911,4,1.11366171790116,3488,3488,0.6608721769546957,0.6287269687037282,0.6895930905379031,0.1488469150327647,0.618947423002979,5,0.10753747442465444
2815,0.14286312978812818,1253,1253,0.5237541902320961,0.7141520195018105,0.3015310853683998,0.41471755851851194,0.5427129759346949,5,0.13830481073597356,1680,1680,0.6868295005493072,0.8071456348428423,0.6517087284266591,0.12185945544977568,0.6880169838572674,5,-0.004558319052154619
2816,0.1025932991473647,1417,1417,0.5820418080270306,0.7941723804375926,0.5683669791955325,0.08014538039409093,0.679978119668588,3,0.09172625980268481,2437,2437,0.7497570342604893,0.829484280184459,0.7268673197500741,0.08972174814154249,0.7410751194866633,5,-0.01086703934467989
2817,0.06348243251074927,2622,2622,0.6247706374629877,0.7947311656843452,0.636746261768564,0.1114596454482679,0.7279098838967707,4,0.0655757509828602,2865,2865,0.5152699069798834,0.7024435598971432,0.4626240231012567,0.26208699194647744,0.6890997762404922,5,0.0020933184721109305
2818,0.29088869644422344,2493,2493,0.4320980068439072,0.3626665321840288,0.5143758157913507,0.18787682262247893,0.41229824819436756,4,0.30682692234404385,3168,3168,0.6866731873835705,0.6431875326463342,0.6735442394358836,0.05030327475080739,0.6007199770482536,5,0.015938225899820413
2819,0.2862857018372679,2246,2246,0.5675987892385712,0.6023102464422511,0.6086417733301505,0.11874650211765243,0.5838269181540142,4,0.32118826159271857,3319,3319,0.6957361661399879,0.731467701812349,0.6892887392966573,0.10694168889800018,0.6569283425133802,5,0.034902559755450646
2820,0.15809119121823603,1294,1294,0.6304407808420076,0.6743764598624022,0.6000981128675775,0.06972280565980095,0.5887355133003856,4,0.1785020100982388,2057,2057,0.7378897505411707,0.803282492998499,0.7250363599347395,0.09381154447325907,0.7297447016501056,5,0.020410818880002762
2821,0.2086730776147326,2156,2156,0.6560173751573504,0.6631418769784035,0.6579314621933227,0.08733849606348301,0.6208891090398834,4,0.22146292538614681,2663,2663,0.7199947727453193,0.7137342872445525,0.7061780252057066,0.05695085377070741,0.6799083897773783,5,0.012789847771414203
2822,0.14947616669433036,1859,1859,0.5988632112254746,0.5918264199609922,0.5652546468997512,0.0795042810087213,0.4967551706283943,4,0.1496055680462807,3020,3020,0.6711087111951687,0.630783563413077,0.6626413860553064,0.07478824372054592,0.60281393518051,5,0.0001294013519503312
2823,0.07585872945852837,1751,1751,0.5472885806456427,0.7599283640249649,0.4486525318031903,0.3369543203689949,0.6715772870824996,4,0.07575439321535117,2112,2112,0.7167251470405052,0.7389232047207406,0.6606158107458835,0.13721625914348892,0.7008803332777488,5,-0.00010433624317719714
2824,0.0777764959448336,745,745,-0.19398219811581607,0.48841839029249756,-0.22125808156791665,0.7060050787469546,0.4887488407134599,4,0.07860497513739728,1249,1249,0.6571236697173799,0.7252777780889993,0.456565645374563,0.4279894150538406,0.6198333587497791,5,0.0008284791925636803
2825,0.12894782470518543,2253,2253,0.7209754382163368,0.8363704145978004,0.5967704360027319,0.3341352423524883,0.6842929019251105,4,0.12931237594615583,2803,2803,0.760508968920362,0.7307487744566946,0.7486218425833219,0.07960584822705481,0.6686760779856795,5,0.00036455124097040104
2826,0.05861340533047328,1270,1270,-0.5670651818661185,0.3005366621415594,-0.637110696488619,1.6914247378724416,0.4383682534285902,3,0.0586575693173584,2116,2116,0.47509670171403573,0.7584933653967942,0.44361883712234074,0.2669271232744601,0.7428128091070854,5,4.4163986885122075e-05
2827,0.07126988277394557,2026,2026,0.43725040322061615,0.7235049577025148,0.403191011807269,0.14734710863877265,0.622477168551703,4,0.07534796488220974,2604,2604,0.654215371114197,0.7848398691628149,0.6534194352458267,0.15067456467149246,0.6741491975950232,5,0.004078082108264172
2828,0.09189998838340953,1470,1470,0.6733005377999801,0.7237828139941533,0.7282179420016689,0.11354399748502979,0.7256302233596704,3,0.0891055894991922,3383,3383,0.625992354739124,0.6577897444796751,0.6525095232413038,0.1916576362032883,0.6690492949406359,5,-0.002794398884217328
2829,0.19645772185012575,3293,3293,0.5754559029370314,0.7020199445738293,0.5635482176891433,0.06995938835908261,0.6074170287501586,5,0.20340368834878453,2801,2801,0.40772728399351577,0.34046440502027364,0.43617894525403517,0.11938409421874728,0.403284386290579,5,0.006945966498658779
2830,0.10381586422600574,2301,2301,0.617789481482179,0.7634511809998208,0.5684573025695159,0.13165713526858702,0.6375958608141555,4,0.1065648978380373,3122,3122,0.6922591469806151,0.7622313244158323,0.7048001887668274,0.0752744422794188,0.7495335497814296,5,0.0027490336120315623
2831,0.06950835599609008,1656,1656,0.24033595010062114,0.32228481015489463,0.42127158067629117,0.3069866723553566,0.441430038806933,3,0.07020022090121794,3229,3229,0.5903987246393374,0.6109228213289509,0.6273945015964896,0.07802479311850784,0.670353686043496,5,0.0006918649051278619
2832,0.04263825080939657,2614,2614,0.11960076190819513,0.5627062571374737,-8.20815647906198,18.38563606309392,0.48869433786520683,5,0.04218412382734193,2821,2821,0.6676308751893175,0.8213965224971367,0.6783936238744486,0.12406248823520165,0.7396197976643839,5,-0.0004541269820546451
2833,0.06444130616675059,1752,1752,0.5707926415626802,0.7757054441820641,0.42838487338296855,0.3083220392245134,0.6809169265922888,4,0.06293720761370251,2485,2485,0.7253064056289544,0.6852956631788262,0.7250041448333638,0.060285235791198974,0.6797721430881701,5,-0.001504098553048075
2834,0.05844471492868888,1796,1796,0.6491759096459561,0.8079631953685936,0.6559230635298879,0.10837696813855018,0.7782831870952901,3,0.05916433118290686,2685,2685,0.7516986375809186,0.7879883464808703,0.7487449494675287,0.04094338637300665,0.7692182285548562,5,0.0007196162542179793
2835,0.06369431669181999,2001,2001,0.5185716664175835,0.6788761893533821,0.4787889738239608,0.08575133020351705,0.6271544630371763,4,0.06320780764641729,2611,2611,0.6260322377870822,0.6648531204690276,0.616754904943636,0.06616120407215272,0.6595265437431171,5,-0.00048650904540270545
2836,0.06242772134854145,2886,2886,0.6529630314105286,0.7904084646265654,0.6609799148704689,0.06987335848138365,0.7400315508991762,4,0.06225328589142992,3709,3709,0.6580583759213285,0.6938350963368427,0.6505987205649623,0.06459982892414715,0.6745224010505282,5,-0.00017443545711152975
2837,0.06494239448637938,2935,2935,0.5657764997379022,0.6903781460434955,0.5708449666828446,0.1277282205374876,0.6561029380216681,4,0.06540004669324442,3511,3511,0.609711124088473,0.6948833088879779,0.6160574185829921,0.09128223676456743,0.6768393302165732,5,0.0004576522068650418
2838,0.03197683004811923,3027,3027,0.6175918172105493,0.7057313870516637,0.6311837835463474,0.13099519818619626,0.6942508667055415,4,0.030900029342681573,3911,3911,0.6235310547422512,0.6639649409725555,0.6228330629630511,0.05947591452286902,0.6560588853006577,5,-0.0010768007054376555
2839,0.10771748109449958,4717,4717,0.7810841043255878,0.8092874717818754,0.7705517389061997,0.06833643269136723,0.7910456582000227,4,0.08974562898893082,4629,4629,0.8457760874491417,0.8883032336548025,0.8447309588372413,0.01796593856421631,0.8761281923574579,5,-0.01797185210556876
2840,0.12513733762614115,4145,4145,0.7819448166274968,0.8709422301395385,0.7659762174290168,0.07293685458708464,0.8091133050723509,4,0.10683658034370207,4397,4397,0.8393669748461349,0.8801966201898858,0.8385587925262261,0.029002513080589497,0.8649712548358558,5,-0.018300757282439087
2841,0.06253537173338747,2803,2803,0.511191950342806,0.6236766758547867,0.5544641372432845,0.16103425782670852,0.6506700536553007,4,0.06322402950386022,3439,3439,0.5580271224244482,0.5776753427104157,0.5515525119684798,0.12761186447402179,0.565816433481422,5,0.0006886577704727503
2842,0.10961997300342918,2911,2911,0.6912108980881284,0.8437212138335966,0.6656978315298849,0.08714317945854383,0.7676278404230128,4,0.10629772505286764,3664,3664,0.7149864402150812,0.8512604269315842,0.7206305132564481,0.07820048057616255,0.8118129156439867,5,-0.0033222479505615465
2843,0.18476313956229323,1819,1819,0.7109233145946836,0.8393100550460594,0.7092008105653561,0.02237316812786828,0.8104558475553446,3,0.15774844323140966,3170,3170,0.78454532673632,0.8797156577834535,0.7827186152435083,0.07928598982282888,0.8305309821270486,5,-0.027014696330883575
2844,0.10210383187656655,3716,3716,0.7246746511616962,0.7854449449987333,0.5806466783860122,0.3602327394907325,0.6419468663432145,5,0.09790151180206137,4157,4157,0.8640564933388883,0.8188135185913631,0.8647937144039588,0.027466190375458624,0.8000855918029325,5,-0.004202320074505175
2845,0.11398893579658402,2371,2371,0.5668642736236151,0.6294032665703377,0.4985874562783892,0.3833976028849669,0.5682676780948,4,0.11776192477854755,3612,3612,0.7239907146472238,0.7348289679699949,0.7083369220327024,0.14914724358862677,0.7066617219964679,5,0.0037729889819635293
2846,0.17071055532015517,2944,2944,0.5511455636457774,0.725085309735472,0.5331757932452622,0.11019598763615546,0.5319649061249765,4,0.17934563528345618,3142,3142,0.671764472942155,0.6794388957548846,0.684477485776334,0.10517529048763086,0.6448742562249827,5,0.008635079963301012
2847,0.12821141013467938,3011,3011,0.6955726468144023,0.7823194477178542,0.6609659138206238,0.14797371264043735,0.655516937596073,4,0.13445678758646887,3889,3889,0.7840599550644534,0.7929758893378729,0.7859614711440369,0.04435009654059399,0.77178515153725,5,0.006245377451789491
2848,0.08428759831329198,2748,2748,0.6588820520603778,0.773256472598147,0.6326005246451636,0.18050890435557537,0.6825171274857955,4,0.0835128827298489,3183,3183,0.7480847709715698,0.7245765480261724,0.7438715842060122,0.09987053076718756,0.7057635880035638,5,-0.0007747155834430808
2849,0.042174290413016916,3255,3255,0.5661981878323825,0.6698664040699722,0.519249877708396,0.13721805245155252,0.6173936812908916,4,0.039586877772522684,2619,2619,0.6819210880406275,0.6960300087620663,0.6611324010280037,0.06517004958405484,0.6329361906359667,4,-0.0025874126404942313
2850,0.25213228404639404,2220,2220,0.725039572378199,0.69457410516417,0.7225245182474866,0.001955963047453189,0.6526602951710281,3,0.21873090248621158,3657,3657,0.7180083708188654,0.7191982484838979,0.725610575133199,0.11679843326176571,0.7005288115452707,5,-0.033401381560182464
2851,0.07392032759520735,2192,2192,0.8610505416262287,0.89689882616767,0.8604338703818701,0.02234170107078079,0.823325271397343,3,0.06707630272696097,4336,4336,0.8580009455576536,0.8471492200690276,0.8573178041396752,0.027594361143332257,0.8419793107005379,5,-0.006844024868246382
2852,0.05159210629057241,4244,4244,0.604044276823436,0.6383573468583486,0.6036450112666275,0.061232458392135085,0.6476085018666906,5,0.049655059947564535,3617,3617,0.662206738337946,0.6724928858585946,0.6630894588352001,0.02341525873099259,0.6731489052465582,5,-0.0019370463430078769
2853,0.05213940452752545,1877,1877,0.8138353464630941,0.8834529112464473,0.8018902114447236,0.08666046322182847,0.8724323953233007,3,0.05423339018911983,3621,3621,0.8523503890513882,0.877859695140069,0.8531011160213101,0.02339259486167677,0.8362479940326029,5,0.002093985661594383
2854,0.1480044424849374,1830,1830,0.7240455980170422,0.824553445964227,0.7317752258957281,0.09030002576752741,0.8045140058405149,3,0.1553862683419022,3526,3526,0.7287172870958519,0.8261394922923293,0.7181244205623878,0.06575850117094831,0.7574627276954716,5,0.0073818258569647854
2855,0.06638847839849323,5035,5035,0.7840799215727905,0.8206459263065693,0.7737862803816531,0.07133636352128775,0.800372279657352,5,0.06253947668699458,4259,4259,0.8265885063254766,0.8284290976462182,0.8232478177234279,0.03998613923759514,0.8119773094586551,5,-0.0038490017114986425
2856,0.05607523454967966,3748,3748,0.8078636107413243,0.8540114172328155,0.7770514730024541,0.101688279118147,0.761315860701613,4,0.052164334138126475,4600,4600,0.8663160362309461,0.8654670089303519,0.8646719189089979,0.03818040413702454,0.8601539791653522,5,-0.003910900411553182
2857,0.05966387351879504,3458,3458,0.7154723290006795,0.8099536950605722,0.6980781459284889,0.08284352869097278,0.7548733512490995,4,0.058781834259635964,4438,4438,0.798900387197762,0.818999035169168,0.7971824092675598,0.05927367557365749,0.8052760616497162,5,-0.0008820392591590773
2858,0.051675797565076044,3309,3309,0.7957883229828532,0.7808703104870225,0.7706409829036646,0.0647848920864663,0.7576004337415775,4,0.04871545793955588,4639,4639,0.8079570041443618,0.7857006348292885,0.8052051759177182,0.022055246392457113,0.7779237944468272,5,-0.0029603396255201628
2859,0.0458100174854937,3342,3342,0.6134650165583555,0.602748044975359,0.6169912948958672,0.08501478626910793,0.6054995538788098,4,0.04519806655618799,3575,3575,0.6706001098040212,0.6454713330654207,0.6722766312139592,0.051501656280584035,0.6450763388217216,5,-0.0006119509293057157
2860,0.09252506765247155,2889,2889,0.622882672992481,0.7619335684522266,0.6293968494495568,0.08751350235754142,0.6558687214344522,4,0.08741611472364684,3897,3897,0.6758791141814346,0.7767762854826905,0.6730809894914602,0.08602466749044058,0.7390406036853411,5,-0.0051089529288247115
2861,0.08229602910310549,2644,2644,0.6758791776530808,0.6648845851926621,0.6656052972372162,0.05358626384095448,0.6466639916200474,3,0.07782017395572126,3987,3987,0.6828018042427938,0.6898098586936792,0.6919004941818627,0.08791944087344858,0.6961800721079381,5,-0.004475855147384231
2862,0.0984300687531724,3287,3287,0.5233536240680039,0.6132738092127268,0.522984839176275,0.1593912088174628,0.6097881392131425,5,0.09687850291773378,3443,3443,0.7241403803829091,0.7946440904419995,0.721334611568129,0.07450953540375005,0.7812725016850294,5,-0.001551565835438612
2863,0.07675451027774269,3511,3511,0.772101855710317,0.8343990701208716,0.7733027415934619,0.04948345871751073,0.7638433389704123,4,0.07557445135265667,3824,3824,0.7983791448705172,0.8322351995760026,0.8006602677834099,0.04904078463073854,0.808693551096915,5,-0.0011800589250860194
2864,0.12886599730764886,1441,1441,0.7750278063118234,0.8786743586543266,0.7809100320072184,0.06022006422761103,0.8811894669537633,2,0.11083627585059856,3913,3913,0.7663748701947884,0.8759616682868827,0.7578302176750633,0.05860884431382111,0.8127597152769642,5,-0.0180297214570503
2865,0.05512686352268858,2872,2872,0.8085281493689496,0.790238138932205,0.7999186935494232,0.05049851496392867,0.7858433483961619,3,0.0530686355686827,4098,4098,0.7957617426731698,0.7750651797974305,0.8001102492438724,0.05974776401824126,0.7725588198744957,5,-0.002058227954005877
2866,0.051633386129441745,1872,1872,0.7108944975231788,0.7540839035567941,0.7114468536811933,0.006570432416691963,0.7494135311629309,2,0.047036520831130926,3678,3678,0.706571154190718,0.7766897490481782,0.7064745412872248,0.053315490418562574,0.7654279174183702,5,-0.004596865298310819
2867,0.041291511147170605,2734,2734,0.8000395228061528,0.7830454134586143,0.7966077448080098,0.023640802701146612,0.7785391499879978,3,0.040336421437328684,4000,4000,0.72667450780243,0.7067575955552953,0.7429499947072499,0.08090089187758186,0.7093759397587516,5,-0.0009550897098419206
2868,0.07739038807845028,1761,1761,0.7690018701620951,0.8444905856235569,0.7743440158844939,0.034227886020011616,0.8495921980109682,2,0.07486982038352648,3879,3879,0.8166585512357236,0.9003943642844785,0.8203542051804014,0.05535868300504349,0.8591463104489623,5,-0.0025205676949238004
2869,0.2534143410503512,1776,1776,0.4881484667803091,0.48982547361511386,0.46678402153222304,0.042727816702668675,0.4972949195208309,3,0.20983545540630047,2472,2472,0.6237040580452844,0.6533149932506255,0.6212363364362445,0.05504575304240715,0.6370297673348894,5,-0.04357888564405074
2870,0.10826995399822556,2063,2063,0.7554633869805225,0.7826533334577519,0.6840687872398052,0.12979175722707256,0.6506427668324156,3,0.09560548451955996,3715,3715,0.7421010476528986,0.7926628073568822,0.7405104274346359,0.05371204465688115,0.7870435586307216,5,-0.012664469478665605
2871,0.07222817210494203,3006,3006,0.8674409520469855,0.9116774993509704,0.8529644567594851,0.04519689515929408,0.8852219955624782,3,0.06674978518970087,4175,4175,0.877906147959874,0.905989744192935,0.8763164125553026,0.01562618083685626,0.8956326614485184,5,-0.005478386915241162
2872,0.14721964395927456,3108,3108,0.7315887993210564,0.7545349346550494,0.6844719323747548,0.10025953261594499,0.7075753563516163,4,0.1366667673733452,3993,3993,0.7602466531661125,0.7411119023951738,0.7576890484017921,0.06129466611652664,0.7300945440537582,5,-0.01055287658592935
2873,0.0981463922391712,2821,2821,0.8095713389660542,0.8235110907290679,0.7888075546564175,0.0654355189206755,0.804345023895544,3,0.09491171184743613,3652,3652,0.7976795086868499,0.7592178907792347,0.8019109571320782,0.027804835804760578,0.7627711220098952,5,-0.0032346803917350647
2874,0.10770601659465862,3512,3512,0.7732381226567714,0.8320072041154183,0.7469116223481228,0.06984071908856863,0.7989880840288012,4,0.10521734197678731,4069,4069,0.8055289215268362,0.8024362171077903,0.8056702929350024,0.02359839510510644,0.7923614283343305,5,-0.002488674617871306
2875,0.1555436713356108,3157,3157,0.7388338340983207,0.793925549425867,0.7335436576955652,0.011702747478185883,0.7845955013475332,3,0.14844083742799194,4095,4095,0.6986723561109762,0.662434560715057,0.6981704897055474,0.06669450435535801,0.6671666873966353,5,-0.007102833907618872
2876,0.0877858521803717,2431,2431,0.7015006602092362,0.831539132396255,0.6800973613640874,0.0868173196892189,0.7950935313070394,3,0.08634498465865709,3571,3571,0.7986088859810215,0.8743909888699335,0.7932634554920039,0.03868118860543514,0.8436978833708737,5,-0.0014408675217146144
2877,0.13832058325010216,1743,1743,0.6562955095322205,0.6486417505371965,0.6576090846136092,0.03652413670592732,0.6446378267871739,3,0.12164031268238865,2865,2865,0.6350602079942753,0.5904891846335987,0.6478563502420315,0.03839282994934859,0.58355220982525,5,-0.016680270567713512
2878,0.14190378134087972,2433,2433,0.6669478113772955,0.7170625089680043,0.6755923612083469,0.042998749531519796,0.7230722815394387,3,0.12162366366925892,2218,2218,0.7268754008360505,0.7072504182711057,0.7222752694154733,0.038810581304420354,0.7064990772121185,3,-0.0202801176716208
2880,0.07144467376053808,1255,1255,0.6685426114027481,0.5986478145629702,0.658103304993684,0.029254128683931485,0.5722469749663769,2,0.07320395450528931,3308,3308,0.7257556269365174,0.6516893193232762,0.7392268619601259,0.06517838226589644,0.6635643726784759,5,0.0017592807447512349
2881,0.018648596113817407,2051,2051,0.8617765503226289,0.8641706932026497,0.8518814774574214,0.027079613313145862,0.8542119200357119,3,0.017422860770328147,3445,3445,0.8757467245645781,0.8537428665391895,0.8780463179185567,0.025535651283789977,0.8421084651902959,5,-0.00122573534348926
2882,0.21099223357594113,1672,1672,0.5607078486246034,0.6267607182969555,0.5810443699656258,0.12653120114821867,0.6348767656878986,2,0.1870665832005404,3801,3801,0.6510083985287906,0.6839764419967722,0.6566977602441681,0.09094458577983608,0.684140392660837,5,-0.02392565037540073
2883,0.06700176970598797,626,626,-0.034893617139122535,0.5561945392656397,-0.05343071044328729,0.38934749544487834,0.5564954599519423,2,0.06726995115929946,1547,1547,-0.04324430963489423,0.5092089776361812,-0.15993699543196185,0.6150612828465237,0.4715913975286675,5,0.0002681814533114918
2884,0.10220717454337448,1344,1344,0.6041381457548637,0.46128708812846186,0.5989037281963656,0.01820545699855386,0.45815045490519235,2,0.08032434416595992,3496,3496,0.5828315246876474,0.4499403166720929,0.5898067751139286,0.05279284095229431,0.4539534202941532,5,-0.021882830377414564
2887,0.08923035523958125,1846,1846,0.7701420370620906,0.8263258054954228,0.7605644744323387,0.056104932857360554,0.8233214547906091,3,0.08091324991892519,3742,3742,0.776261647279603,0.8025324279913302,0.7751480321641718,0.05787036037001697,0.7919760488376351,5,-0.008317105320656062
2888,0.06424190402326423,1639,1639,0.6721534504905626,0.7655065155158447,0.6726101718120647,0.020109801863358603,0.762955659025778,2,0.05828510195779318,2912,2912,0.6185043862156996,0.7744054482510321,0.6231224213920707,0.08163323455407989,0.7551569185381686,4,-0.005956802065471049
2889,0.15194813016889447,2345,2345,0.7761368773461813,0.7491522906023309,0.7382769067355982,0.0995214388484094,0.7291227001570816,3,0.12905306910822298,4138,4138,0.7980844650278658,0.8154729315849019,0.8084126618162907,0.05488230102341967,0.8104120376962308,5,-0.02289506106067149
2890,0.07582850716476641,2243,2243,0.7420658745408057,0.8441023411450788,0.744234927948888,0.03497498863927822,0.8335444263159283,3,0.06842503939856062,3862,3862,0.7075617759152477,0.8146413407050993,0.7238972742781923,0.09798940438275443,0.8181093606598328,5,-0.00740346776620579
2891,0.08422790164951198,1939,1939,0.6295309105512665,0.614488250013644,0.5860699659452184,0.13583251508914104,0.5931128673380717,3,0.07553152117573456,3814,3814,0.7231459411158554,0.7283304505253998,0.7223284335144029,0.03121117073201734,0.7289981842546863,5,-0.008696380473777424
2892,0.11668740486365008,1769,1769,0.6886141017489379,0.6965568623638612,0.6826587218995697,0.012112370687421806,0.6912635202331916,2,0.10237719048419779,4426,4426,0.7288378473280954,0.805992388473912,0.72963343590589,0.053460073061895784,0.7696864240323813,5,-0.01431021437945229
2895,0.05985886487430062,3332,3332,0.6590543690669077,0.6891363763141257,0.6512451717000602,0.08915965775648044,0.6751589495171884,5,0.05754999846821909,3008,3008,0.7560431427661457,0.7956874382982442,0.7369201584513083,0.0769587850147145,0.782283208928546,5,-0.002308866406081536
2896,0.08955244903788906,3903,3903,0.6958800555122544,0.7377035921787009,0.6043640281408506,0.23842037435526395,0.6909278876287555,5,0.0883459172592583,4004,4004,0.7517587385248308,0.677634458329666,0.7689356665956908,0.08338106318422049,0.6966911257780855,5,-0.001206531778630754
2897,0.03472983421730877,3941,3941,0.688990176852911,0.7620802233371988,0.6641404400864623,0.2364875817421836,0.7039865263557574,4,0.03139782437541332,4238,4238,0.7802945473726325,0.7615564657145824,0.7793230254779331,0.04011097359416711,0.7605475740441521,5,-0.003332009841895446
2898,0.13858702473352372,1497,1497,0.5743921665234885,0.7080561702901136,0.5673282850164223,0.2389482635650612,0.6684319608332336,5,0.13937208009835605,967,967,0.650876483985656,0.5701509226677282,0.6605372699341776,0.21281386852803105,0.5847318914062309,5,0.0007850553648323377
2899,0.11267473888835323,1886,1886,0.797863222966108,0.873069015597457,0.8239478029068626,0.047819970232633215,0.8323609620417477,3,0.09277598551717046,3959,3959,0.8500362027637988,0.8785691076333004,0.8506694364580882,0.021805016303760923,0.866356595310896,5,-0.01989875337118277
2900,0.07100620319294493,3485,3485,0.7260035454669476,0.8563321162620583,0.7188816507633857,0.0380299079288093,0.8202467682483379,5,0.06860095206820063,3683,3683,0.8226377233624551,0.8342741237569623,0.8294898013226171,0.044888867018931376,0.8413845155327364,5,-0.0024052511247442954
2901,0.09386239728510623,2688,2688,0.6072651476716472,0.7297905168151881,0.6020654722291499,0.031014528909736293,0.6729342753421222,4,0.09828817156280895,3050,3050,0.7078608757352016,0.8143386071755755,0.7043128464993341,0.08247754078904165,0.7718899421206595,5,0.004425774277702715
2902,0.030030037080241222,356,356,0.12589983540619032,0.39111395467249566,0.12628052925906985,0.027582538628003278,0.3781373837870692,2,,0,0,,,,,,0,
2903,0.025483667323368164,3163,3163,0.6078073899932726,0.8034346554938069,0.5879151190544596,0.20920103678411647,0.7145265286923325,5,0.029987021956656246,411,411,0.8350372501510552,0.7871190610398963,0.8350372501510552,,0.7871190610398963,1,0.004503354633288083
2905,1.3770587640789758,226,226,0.23397760235283516,0.17060814748609499,0.13640903679173616,0.138931424059686,0.23150163149522368,2,1.4241037500868907,1057,1057,0.27658302300064075,0.34947413001393124,-0.4754100712174834,1.2537178803320517,0.09986773291109659,3,0.04704498600791496
2906,0.03355663882728087,1132,1132,0.6003061094793043,0.7909617907937385,0.37989285339670864,0.3517335122642731,0.6303011708302786,5,0.07544563518871271,545,545,0.6245511499285373,0.7520714928662974,0.6216756886736358,0.0050114127080685645,0.621398624516051,2,0.04188899636143184
2907,0.01567715268263894,799,799,0.448276840789988,0.6950383880070647,0.46710601327177803,0.1236400760681407,0.6231657015721342,4,,0,0,,,,,,0,
2908,0.1148391352871039,1816,1816,0.44504161422881494,0.7296324563177351,0.3018262457703297,0.32921580073414447,0.477231179343711,5,0.16241623737589747,671,671,0.6118316354510736,0.8086347356027956,0.6094104147848488,0.1366624607354807,0.7590397691149088,2,0.047577102088793566
2909,0.1345322844121806,3731,3731,0.7387586865480121,0.832038212941086,0.7184272971098289,0.10356021750773728,0.6778362346024919,5,0.12972195886375232,2175,2175,0.6450323595687252,0.615621864739475,0.6348691043043369,0.05326457516981195,0.511258915157617,5,-0.004810325548428279
2910,0.04174388988544188,1535,1535,0.6716579866351309,0.8323937077476151,0.6989466643868731,0.14793328314596618,0.6375377047551158,4,,0,0,,,,,,0,
2911,0.05970604015703721,698,698,0.617948805782237,0.7654790405590258,0.6360155578324567,0.10031503181526227,0.6545917529072691,4,,0,0,,,,,,0,
2912,0.06835032381194155,97,97,0.561338444317625,0.7137848238271077,0.561338444317625,,0.7137848238271077,1,,0,0,,,,,,0,
2913,0.017628423737025715,864,864,0.6932662390848416,0.7672361525062864,0.690850325878131,0.028057053775233896,0.7539923086187492,2,0.02119649044670659,437,437,0.5561869784075513,0.5788957189747983,0.5561869784075513,,0.5788957189747983,1,0.0035680667096808748
2914,0.02535404067378078,1271,1271,0.6965642652126576,0.8428215005693213,0.4451349483007232,0.45237241796694566,0.5677449013602746,3,0.02755720119537066,352,352,0.7979637084420943,0.797917121909871,0.7979637084420943,,0.797917121909871,1,0.0022031605215898815
2915,0.03480025327158837,549,549,0.7520668169046827,0.8154355284946386,0.7396331609023887,0.06640369301429248,0.8074352304785386,2,0.046643348126335714,429,429,0.47695692333747297,0.6347543973326677,0.47695692333747297,,0.6347543973326677,1,0.01184309485474734
2916,0.04434165038916707,463,463,0.3268604075601693,0.5140253616319966,0.3198114345972194,0.03451012667797438,0.5240814301583643,2,,0,0,,,,,,0,
2917,0.08571619771081149,592,592,0.4653120392467103,0.5015230145047034,0.4451854354995684,0.09381883498117616,0.47949358390810554,2,,0,0,,,,,,0,
2918,0.050013827349611385,501,501,0.467492345783621,0.6895995397955493,0.47242956112845697,0.032449409584943856,0.6820781844451649,2,,0,0,,,,,,0,
2919,0.0666214331745095,459,459,0.3665362725326188,0.5428680313872432,0.36665469440893433,0.10524455880899827,0.5146813296133981,2,,0,0,,,,,,0,
2920,0.22581272038399794,157,157,-0.31993672885008495,0.040323911836465554,-0.29290819853243677,0.08516209787296496,0.0795038113407518,2,0.1728185994620435,1600,1600,0.40932710289098384,0.3396834481683433,0.400126375484427,0.21965659437362361,0.3835417597362554,5,-0.052994120921954435
2921,0.23148039960685898,85,85,0.33707042704297663,0.3769635071354338,0.4832595208214521,0.445165674489332,0.47005716919287727,2,0.20719061570700992,1733,1733,0.46008787296443143,0.6560398150034156,0.4511066967994017,0.07958129578351178,0.5804063457159193,5,-0.024289783899849066
2922,0.03585994956259572,688,688,0.41366189019678623,0.4714557243686639,0.38860915519533684,0.07660796668709852,0.44900760128408873,2,0.02826340447673748,911,911,0.6521447316798025,0.7695880336504175,0.6652793962026136,0.09417938448407716,0.701822123648127,4,-0.007596545085858244
2923,0.02314041704998762,633,633,-0.13050619866066837,0.4932785413883819,-0.31366615554073185,0.6147722526154021,0.44226682927193195,2,0.019888764860519728,770,770,0.1314961981221905,0.20740119942028346,-0.7991394317638166,1.3993654133878992,0.22670739525936365,4,-0.0032516521894678935
2924,0.01869095140195723,395,395,0.5357290459645064,0.6116825321882837,0.5267676252035438,0.06715560982631512,0.6000889683429655,2,0.020182534966624168,587,587,-0.01674524608429473,0.07258704821524564,0.13285988729883821,0.39698349365988767,0.2982431477606279,4,0.0014915835646669394
2926,0.012800352733660496,619,619,0.25402049878979305,0.2703602291588587,0.2741717450835044,0.1475078591829549,0.34955059869576727,2,0.012657055906480117,577,577,0.0626424380895777,0.2352815872624624,-0.7472959092226551,1.3720341477002407,0.10298611095736535,4,-0.0001432968271803791
2928,0.016960103098650935,921,921,0.30192566099731677,0.4275043457597314,0.281565073173111,0.056392043309162275,0.39631556300248044,3,0.021386002171765013,949,949,0.3158849331395043,0.39237252726156624,0.15957105425386436,0.5142675518672767,0.43402322412624544,4,0.004425899073114078
2929,0.015822650526942157,670,670,0.3571204097810632,0.3256581313395265,0.35342247578991437,0.01435570764853879,0.31429233466445855,2,0.02055482950512972,817,817,0.16649018438759722,0.12294443318670845,-0.008257517190256969,0.3813541301463984,0.10789890715976855,4,0.004732178978187562
2930,0.01651585265552919,190,190,-0.28992704065593156,0.004959395268508082,-3.2579594804481875,4.195543296956504,-0.37067040262910544,2,0.017120607606321572,625,625,-0.35813533014013466,0.18123739015208784,-1.4145167864042485,2.1335863472281438,0.1669274929513962,4,0.0006047549507923813
2933,0.04384787914076626,2023,2023,0.8268276123438278,0.8774529244562947,0.8274206278080365,0.047790232762417006,0.8618597063912136,2,0.03950514764664115,4338,4338,0.8500999176815516,0.8981684208337165,0.8493378971946619,0.025424934906778558,0.8807575343489056,5,-0.004342731494125111
2934,0.067384952157867,3692,3692,0.6793334831538533,0.7817297527465923,0.6750268164829573,0.044427498446197256,0.7379667346147357,5,0.06081847654039653,3130,3130,0.7674568117917648,0.746482964137279,0.7623976105563941,0.0940770078845351,0.7443263037444382,5,-0.006566475617470466
2935,0.045584510790127535,2073,2073,0.8257739010208904,0.8843290172112162,0.8164986479679094,0.02703305195465275,0.8414120167288678,3,0.03899935462847649,3508,3508,0.8161738186009129,0.8644678002156746,0.8157898892875908,0.0603832303161566,0.8449093853033434,5,-0.0065851561616510415
2936,0.06480674098112438,1683,1683,0.8587195426928744,0.9156586324112513,0.8564962786850553,0.0021068738903912074,0.8999166461177661,2,0.0566967666620817,3870,3870,0.8215774613362902,0.8989062914076049,0.818513426132977,0.046688904926211354,0.8410003282729634,5,-0.00810997431904268
2937,0.06985766506287121,4310,4310,0.8013687632489375,0.8769049935673378,0.7874794078216172,0.06813862404542112,0.8353077583215602,5,0.06088436164645649,4078,4078,0.8545916819733327,0.8778662862775742,0.8490361271962039,0.04813896613872225,0.8622243400483839,5,-0.008973303416414717
2938,0.1316115384762857,3841,3841,0.6738827801999198,0.7170403655500879,0.6618293179737513,0.09365550578535307,0.6916398829710187,5,0.11590428513228894,3125,3125,0.7780975771029596,0.859064179160791,0.7798799553848903,0.05979315366013179,0.8228351556871598,5,-0.015707253343996766
2939,0.05842203447049363,2235,2235,0.8561705432043591,0.88134995604719,0.8621883467687185,0.028482751713849456,0.8869450544243795,3,0.051891195404589543,4013,4013,0.86335817537099,0.8954071398866774,0.8573571605352577,0.037127510693403434,0.8791193568927642,5,-0.006530839065904084
2940,0.043039596545802486,4082,4082,0.8045002222092528,0.8749344798607183,0.714009838104018,0.2256702906894949,0.7973426158001006,5,0.04103644756233376,3960,3960,0.8790023358838743,0.9284166923537893,0.8752026324985168,0.02119832516703706,0.9020475890494495,5,-0.0020031489834687263
2941,0.06283547154975183,1678,1678,0.7260249078224017,0.8551714875135299,0.7308893379601384,0.02848384138886711,0.8126522749120132,3,0.0573016659466249,3926,3926,0.7833672473030776,0.8176292855196501,0.7795597644267512,0.02935499807660515,0.7915789049247623,5,-0.005533805603126933
2942,0.08093653387027626,1146,1146,0.6743297885322779,0.7980988914646565,0.6639795635211703,0.038721566081025394,0.7880739502455145,2,0.07656671073231197,3361,3361,0.8126339832929618,0.8630354131801535,0.811319591487168,0.028790304193899285,0.8493631180931434,5,-0.004369823137964288
2943,0.12641619595705378,2195,2195,0.7776303694160057,0.7880150455224842,0.7503629735486896,0.06841473032540424,0.7384232613978892,3,0.1180649430474199,3652,3652,0.7531810028618424,0.6512086997355996,0.7535937723604882,0.05336296813987413,0.6571033588429165,5,-0.008351252909633872
2945,0.05214306014230276,2118,2118,0.785771656912584,0.8732162778304162,0.7888759848525101,0.00778676021680042,0.8237498101503172,3,0.04699994175425259,3955,3955,0.8131569847187847,0.8564108553570328,0.8105527699069619,0.041402396255430324,0.8423023651407412,5,-0.0051431183880501705
2946,0.060155343264829596,3815,3815,0.7255329764394695,0.8630463420378187,0.7015390656866347,0.06461364655142378,0.8292933055864473,5,0.05454328018197111,3852,3852,0.7880079722156845,0.8723848182940721,0.7835810456605112,0.08904588638227746,0.8644616476740307,5,-0.005612063082858484
2948,0.09025317681841104,1992,1992,0.7634678100017295,0.8601868432029343,0.7824291062645553,0.06701491206757104,0.8195463070884056,3,0.08175545253682256,3437,3437,0.8261884740542343,0.8340669432522342,0.8236298423575976,0.07097750477422332,0.799256321331512,5,-0.008497724281588473
2949,0.08158522732082689,3779,3779,0.3880621410981835,0.6314796812661843,0.3481424527921042,0.43180673314250423,0.6412594291262363,5,0.07555522771778955,2719,2719,0.6778260074212279,0.7643862842236695,0.6605763071016244,0.14579315814339627,0.7364597788517017,5,-0.0060299996030373365
2950,0.08888912238373962,2216,2216,0.6610449147576958,0.7853784346773969,0.6631110473298666,0.030370449945913792,0.7830695423202436,3,0.08178982334377548,3645,3645,0.4612607924946368,0.531981376965136,0.6556458430920333,0.25563145458471237,0.6718693290522604,5,-0.0070992990399641465
2951,0.04913523018768041,3886,3886,0.7766588776688385,0.8509382824931845,0.7453245592773381,0.12162347813403843,0.8191474948709612,5,0.04903317171602539,3817,3817,0.8642557517993181,0.863141445212156,0.8625386882218764,0.02269452704045584,0.8547509830583682,5,-0.00010205847165501575
2952,0.05384391495401888,2817,2817,0.62814736551171,0.80952677629167,0.4111722679198208,0.5884763224547824,0.7415867903774173,4,0.04878321641708549,3312,3312,0.8054453197829596,0.8057393685073977,0.7897340001993784,0.1013790845141058,0.7740805148648983,5,-0.005060698536933389
2953,0.10063047903279115,3572,3572,0.5118438066129696,0.581347527337685,0.4630312297820526,0.24527817211551067,0.5251293032331981,5,0.09066906791226496,3473,3473,0.7991515305158119,0.7443277971875188,0.7973233890561118,0.018365791388330086,0.7379816806621509,5,-0.00996141112052619
2954,0.09773352953926948,2004,2004,0.7867363130754161,0.8377082299800427,0.7664338283626609,0.06078432899887522,0.7665784958278582,3,0.08989140463179662,2304,2304,0.8285380353217922,0.846015491370479,0.25706824904281633,1.1331842659721933,0.770149514536769,4,-0.007842124907472853
2955,0.10475633418883469,4432,4432,0.655069483587299,0.7532945099562229,0.6352853866567362,0.1564512027171349,0.7236796296835604,5,0.10427162134116083,3555,3555,0.8072292384680232,0.7842166129051568,0.8069416935696211,0.02690512891493263,0.7759734786573322,5,-0.0004847128476738599
2956,0.08205920203703058,3451,3451,0.6464990466534934,0.580198643704118,0.6575542883477816,0.09090327935662598,0.5887471044249786,4,0.07803478558470897,3706,3706,0.7897121091254815,0.7449101099423179,0.792146668556832,0.04955147291498676,0.7373754494246346,5,-0.004024416452321614
2957,0.06848273970874409,3689,3689,0.5569829351440385,0.6644540103018397,0.5697922426726656,0.2119862064502055,0.6561822527844479,5,0.05715437706357265,2390,2390,0.6802011895317548,0.6983474327535245,0.6802499940547794,0.07867747713590391,0.671191297214184,5,-0.011328362645171439
2958,0.08638523107442096,2391,2391,0.8055034570255142,0.8397098252537479,0.6079346483837021,0.4142920985457911,0.722733647532175,4,0.0730583228488806,2900,2900,0.8578896927800953,0.8558167445255436,0.8436690834943583,0.06157591286257984,0.823074657905126,5,-0.013326908225540363
2959,0.04034963665302515,4559,4559,0.7277708320670102,0.7777144326414238,0.689053121028471,0.1822894370081017,0.7559471443232101,5,0.03769438408892826,3992,3992,0.8194697540506184,0.8265961985536782,0.8150763232826351,0.04381893872424651,0.8035581443793559,5,-0.002655252564096891
2960,0.10847460137004443,1698,1698,0.806407842637611,0.8941653869557217,0.8054125360081065,0.005141152581574144,0.8916949539461115,2,0.09013050513503723,4216,4216,0.7834117173847199,0.8137141464566254,0.7815491443101739,0.08698672437086229,0.8021348331674913,5,-0.0183440962350072
2961,0.05244778640154626,4269,4269,0.6523686863879758,0.8101155388301667,0.4643556127492568,0.3499123855093093,0.6987811221660486,5,0.048766337926232965,4105,4105,0.8127268090486366,0.8239622839113724,0.8090564225151582,0.04946059776071562,0.8004292311031607,5,-0.0036814484753132926
2962,0.06044444822068992,2838,2838,0.642146029884,0.7699961432312171,0.35784471745468943,0.5008125062158876,0.6181074694147759,5,0.05170529331493126,3522,3522,0.687359333388275,0.7384499894815921,0.686490463074498,0.053286531173713236,0.7314933193209499,5,-0.008739154905758661
2963,1.6399206221103668,28,28,-2.188493399169569,-0.5506457872236072,-3.0146834606282975,5.145048609630746,-0.5007574679174003,2,4.336440892291791,165,165,0.024475155962346173,0.1484823176014527,-8.579396522814516,19.31618761729239,-1.065128987421398,5,2.6965202701814244
2964,0.05679680336400853,1139,1139,0.7048551935769478,0.8417860085117578,0.6005669738790517,0.25844490491532923,0.7844991510010119,3,0.057337197026965214,1411,1411,0.8012152634954612,0.8980404242267989,0.7799962443258698,0.10859476976874187,0.7996789904886892,5,0.0005403936629566827
2965,0.04486642027837902,2549,2549,0.6452125768293386,0.7402352952568623,0.6086988394465568,0.20134989173506979,0.6853944820812405,5,0.046492355198176474,1253,1253,0.7293441719283453,0.8644081634202352,0.709963094595455,0.07814916878654338,0.8389631303337088,3,0.001625934919797456
2966,0.030200955293660913,2063,2063,0.3991699222368117,0.6709255854666949,0.24163503630683617,0.4756909845032723,0.5740214443665782,5,0.025079855829000342,453,453,0.5383214558973766,0.6402807820156939,0.5383214558973766,,0.6402807820156939,1,-0.005121099464660571
2967,0.0380921670104332,3396,3396,0.4129781644788084,0.5063706370496679,0.4121707930932191,0.16077816847573048,0.5064549055728371,5,0.03372719588390152,2800,2800,0.4078426261507254,0.4243625005074484,0.3312432014709227,0.18002864347048753,0.42618637193577963,5,-0.004364971126531676
2968,0.028704204405808634,3183,3183,0.3666997402216896,0.5747160508540852,0.37144086194631026,0.06164157670998688,0.5634850932132014,5,0.027906801007451975,2083,2083,0.22329864984903647,0.3903211974199975,0.04000406831518819,0.3696130021507879,0.4402845320276466,5,-0.0007974033983566588
2969,0.01937335061614657,5121,5121,0.23269828556525918,0.15928919265645036,0.2534472431976342,0.057152140427735344,0.18540434835271274,5,0.020116315860815616,4389,4389,0.2651072905998181,0.20205952822654805,0.30189091863593387,0.10015479791506518,0.24787318746428397,5,0.0007429652446690471
2970,0.04552553551090989,1537,1537,0.6856488129488902,0.7952871213267064,0.6637146800677955,0.06528972597820865,0.6856858902815302,4,0.056827718256822514,124,124,0.5791092755284049,0.39211500953633915,0.5791092755284049,,0.39211500953633915,1,0.011302182745912624
2971,0.024350189572102623,821,821,0.41731141384615666,0.5658985700684065,0.32651697111468375,0.4624342926059177,0.5172132703338796,3,0.025901671675104303,119,119,-0.005562895069443297,0.23900802149884692,-0.005562895069443297,,0.23900802149884692,1,0.00155148210300168
2972,0.03665403055184112,1584,1584,0.5131516255878988,0.516528094796078,0.5551035850739765,0.11458386947619979,0.5346796085873824,4,,0,0,,,,,,0,
2973,0.04763522140151482,1730,1730,0.619981787054344,0.5982383124180326,0.6195187368507749,0.027075697413056717,0.6162194232509504,4,0.05582914274779305,226,226,0.40324664944963995,0.5774190521104021,0.40324664944963995,,0.5774190521104021,1,0.008193921346278228
2974,0.04598780730223138,794,794,0.3323366802905703,0.500791366925283,-1.0080311302624658,2.346040849736679,0.0846299340666435,3,0.032340967656077385,208,208,0.5723716099253013,0.5133654770406832,0.5723716099253013,,0.5133654770406832,1,-0.013646839646153992
2975,0.019731296273643874,2946,2946,0.2575310296652983,0.2866921977946001,0.26470552028023775,0.04872200107708032,0.2997029495133497,5,,0,0,,,,,,0,
2977,0.29910022768919836,952,952,0.3667921642388867,0.3964626398017761,0.35522609652441606,0.17449325223491313,0.38446607577466374,2,,0,0,,,,,,0,
2978,1.2287672731069645,534,534,0.011742352489228502,-0.3192289387227445,0.004064256481402961,0.04646551071563841,-0.3895022823830192,2,,0,0,,,,,,0,
2979,0.6244252738853295,255,255,0.005098739091886184,-0.2537634105701414,0.25692517306661056,0.4083651967598723,0.03798819106585283,2,,0,0,,,,,,0,
2980,0.6953461427200243,1172,1172,0.2673577032084552,0.4669287512832315,0.15403276188438875,0.24566601310265876,0.15715746917818013,2,1.2614128840204917,95,95,0.7190175044545696,0.37985188357796973,0.7190175044545696,,0.37985188357796973,1,0.5660667413004674
2984,0.12343991527171451,929,929,0.1597674707011375,0.05980523432562179,0.1954330807889228,0.08948572358541204,0.182969215497224,2,,0,0,,,,,,0,
2988,0.27922919990965495,934,934,0.15532113031954475,-0.03872744162880437,0.03910795216255669,0.1639327580445417,0.0356488241885109,2,0.3606295245430194,121,121,0.7744111089653525,0.7693241579626978,0.7744111089653525,,0.7693241579626978,1,0.08140032463336444
2990,0.062127409622264214,78,78,0.14900358908223355,0.30162071477144314,-0.17489218511087176,0.29678107528784387,0.2724501370361339,3,,0,0,,,,,,0,
2991,0.4486907075034149,67,67,-0.14134377355170402,0.48050528981571883,-0.14388233788615562,0.32777967525325535,0.2720865279489324,4,,0,0,,,,,,0,
2992,0.07816013040092702,52,52,0.17224744741367803,0.48424212618886353,0.2556370514661552,0.4707223015359921,0.5038111271569632,2,,0,0,,,,,,0,
2993,0.30246952811785793,109,109,0.6021588194251263,0.6168566849305435,0.5604894845388113,0.25597437432414394,0.5870703320468007,2,,0,0,,,,,,0,
2994,0.02855811712317287,126,126,0.5986168045205196,0.5714179480274165,0.32006638346400673,0.3837138811498557,0.4314311215719913,2,,0,0,,,,,,0,
2995,0.09805091360295323,142,142,0.35091853907140014,0.4071048152894813,0.4065660324637916,0.0636725590186972,0.42253185244341424,3,,0,0,,,,,,0,
2996,0.05856433665257895,794,794,0.47197651743350566,0.4580361619600817,0.5011482838796494,0.0845047890664324,0.46661104452405505,3,,0,0,,,,,,0,
2997,0.27429593158455995,325,325,-1.7581221696231313,-0.18975272568770118,-1.516915369417562,3.43958924468928,-0.017554617883135414,5,,0,0,,,,,,0,
2998,0.07283799242295866,1488,1488,0.47476134910984624,0.5735096110510938,0.5214253401007456,0.16675325565988097,0.5385642875771299,5,,0,0,,,,,,0,
2999,0.057459443263920225,946,946,0.6975382465821229,0.5827247505454543,0.6999641668539922,0.01326457663754637,0.583029236155499,2,0.042112068004844856,2187,2187,0.8151083397453687,0.7947341149774372,0.8264422820707911,0.036958223818172126,0.7626887805470879,5,-0.015347375259075369
3000,0.02193049498370106,454,454,0.5551014459888064,0.7660154695309207,0.5340916087690305,0.032239284200933464,0.7246230594853699,2,0.028589506375334476,1136,1136,0.6312029995042197,0.818887067889033,0.47170386273367537,0.39644052431134497,0.6533065183131661,5,0.006659011391633416
3001,0.010204541467973472,402,402,0.27593681665896097,0.6171031855519153,0.2631019660382725,0.3754711271767179,0.5438931728496615,2,0.013493831301872114,919,919,0.5431015389774336,0.7377361240361733,0.477448727576199,0.33872476635592486,0.593397828563765,5,0.003289289833898642
3002,0.03411051492953488,111,111,-0.07537560662541187,-0.04178155975312525,-0.6235552242459866,0.8713600299376336,-0.041412722702312554,2,0.04651662222366186,345,345,0.1431202503610819,0.040207397064555894,0.09303010887226755,0.09261787899919671,-0.03594140571045155,5,0.01240610729412698
3007,0.3430635843611199,1413,1413,0.3836576657014611,0.5410698986963988,0.2208704590280096,0.2453556030437604,0.4489997394209383,4,,0,0,,,,,,0,
3008,0.05518758161127238,543,543,0.13135142872499095,0.2632881159818935,0.23117120854119663,0.19180994163808404,0.32934714402883264,3,0.048248630073485954,33,33,0.34981102168470735,0.6065861208308432,0.34981102168470735,,0.6065861208308432,1,-0.006938951537786425
3009,0.04233016071866559,659,659,0.43593824758646627,0.5806644673928856,0.4576095164132822,0.11494592214773378,0.5470784623622533,2,0.029831272585071483,53,53,0.40359651184640166,0.4393625511768159,0.40359651184640166,,0.4393625511768159,1,-0.012498888133594108
3010,0.0543953465933371,1058,1058,0.4798323135103014,0.6965477048783035,0.2194371374961556,0.5896834384048864,0.5265405970361061,3,0.04961913605328909,86,86,0.903072666491734,0.8784100726759285,0.903072666491734,,0.8784100726759285,1,-0.004776210540048009
3011,0.0546230530385637,289,289,0.4993530769013408,0.7079514237673232,0.5096484083226007,0.13424334495765447,0.6343143005456058,2,,0,0,,,,,,0,
3012,0.04020715723525685,3728,3728,0.1974096666934244,0.5647248157214237,-0.08240239262428073,1.3727197734265701,0.37800208266520674,5,0.037351075815712356,91,91,0.3390776139567885,0.305142281320008,0.3390776139567885,,0.305142281320008,1,-0.002856081419544493
3013,0.04897094414105779,2557,2557,0.1751329990738385,0.4593415546999766,0.10731988576788298,0.24209528615989512,0.42538566670522215,4,0.07384687894955277,48,48,-14.799838556533794,-0.4521044353777601,-14.799838556533794,,-0.4521044353777601,1,0.02487593480849498
3014,0.07304139642096888,1469,1469,-0.052771916959232,0.3945971356109417,-0.035297637268569076,0.6077160049552348,0.3725990034926682,4,0.0702565854755781,93,93,0.5441270620204015,0.5438685425337959,0.5441270620204015,,0.5438685425337959,1,-0.0027848109453907782
3015,0.7898192999093431,737,737,0.4686849615511489,0.7412372048554223,0.4731877056061653,0.1817672200331908,0.5225249110214045,2,1.2041378701632877,53,53,0.6563189342049729,0.6015534227026389,0.6563189342049729,,0.6015534227026389,1,0.4143185702539446
3016,0.6501163416662943,1002,1002,0.6416229792009913,0.46883063858912255,0.7004751050959176,0.10966261353957805,0.5633202743459645,2,0.39031759619597484,2067,2067,0.39346491261172734,0.6778010287133418,-0.1820347809023155,1.1877346696426017,0.38831536231879615,5,-0.25979874547031945
3018,0.5515185750097545,2106,2106,0.22614479171664814,0.44785498671643276,-0.005928059568339949,0.4213141298763474,0.2899401680536783,5,0.14128874295524188,49,49,-0.04589046309168077,0.2558175306958458,-0.04589046309168077,,0.2558175306958458,1,-0.4102298320545127
3019,0.15292638367708017,1896,1896,0.1641753644384879,0.4009331888600106,-0.45477051363487975,1.269943573648993,0.19426872132336498,4,0.10964921586925075,42,42,0.3181301567804804,0.22336542087370437,0.3181301567804804,,0.22336542087370437,1,-0.04327716780782942
3020,0.057640772985035296,999,999,0.05218195221730271,0.056260099524627294,-0.02986667101316114,0.4731855954442608,0.15882517591515716,5,,0,0,,,,,,0,
3021,0.10558361091958449,824,824,0.34435291494943554,0.3447411497498064,0.2802571038646623,0.27695283632182705,0.481163756355794,4,,0,0,,,,,,0,
3022,0.5550796259284017,3073,3073,0.2220513477557179,0.37324665722522865,-0.10765087243259379,1.106373932893833,0.08415404427300732,5,,0,0,,,,,,0,
3023,0.015635523809046245,1186,1186,-0.4111787924084711,0.22012972605108394,-0.6865831761629563,0.43069974662459115,0.1828686208576895,2,0.015469573585557596,2349,2349,-0.023109680873119487,-0.07544829747997528,-1.8708258951877235,2.3097683502707578,-0.17578417541489436,5,-0.00016595022348864924
3024,0.02429644929047644,2726,2726,0.14261895235801014,0.20953919530583354,0.08106985800763383,0.2895565053414738,0.23273476329367343,4,0.018062960539086192,102,102,0.41149256936229783,0.33211545210429116,0.41149256936229783,,0.33211545210429116,1,-0.0062334887513902475
3025,0.3793633324923258,2151,2151,0.16827496994374047,0.499914183684978,-0.19618287282976526,1.105552819031673,0.14106376000173895,5,0.08863146081566811,55,55,0.1975656074159231,0.3639786313131317,0.1975656074159231,,0.3639786313131317,1,-0.2907318716766577
3032,2.986510486000571,3625,3625,0.4937283153432247,0.46969041259005584,0.4940425046931775,0.10204944132440853,0.37357357200243835,5,2.019152792232732,60,60,0.6050718331094985,0.768260851010277,0.6050718331094985,,0.768260851010277,1,-0.967357693767839
3033,1.6372025521406288,1302,1302,0.3980070772224714,0.49437981030216605,0.03159600570002974,0.8215646170461501,-0.023009887244374604,5,1.211239652123547,274,274,0.334919388027498,0.43360317763101897,-1.7791549528937782,4.005810490244206,-0.6573711993231692,4,-0.4259629000170819
3034,3.2286272454324494,1889,1889,-0.21647230703441767,0.19296566387435254,-1.2746691098284073,3.294670582015848,-0.08716921991103344,5,3.5000070459289945,289,289,-1.7200381380391114,-0.0906349015886525,-71.44783636221203,130.79308365026236,-4.284236266586906,4,0.2713798004965451
3035,8.987311185438877,938,938,0.32413285521811186,0.49974278250117643,-5.505965528410234,10.64891723975834,-1.2026322103758422,5,,0,0,,,,,,0,
3036,0.5384755277092361,2077,2077,0.3885848601049545,0.6800655947579928,0.022747754973276614,0.8876213329224103,0.5191174750568687,5,0.3022593537077395,1108,1108,0.38399029154648956,0.3331250391057822,-0.36117089544928677,0.9470107107163651,0.12317873615050519,5,-0.23621617400149664
3037,0.352353541503957,2741,2741,0.5378802842951367,0.6243731219636228,0.38427091035914956,0.3162351242208098,0.46640355338043166,5,,0,0,,,,,,0,
3038,0.25117895454703837,2713,2713,0.5590609657189238,0.5018733427011449,0.5978845321758184,0.11782124051049234,0.5304994607007305,5,,0,0,,,,,,0,
3039,0.2313714659692227,2034,2034,0.22961201975233214,0.2002946494326301,0.22516506550776272,0.1446200419842628,0.24656471060112195,4,0.18482974527602491,506,506,0.31114181234688487,0.4172773364072717,0.24707161421570933,0.18015954554011698,0.2587595933885785,3,-0.046541720693197786
3040,0.22633778299862967,2562,2562,0.5857166507183353,0.648847148030939,0.591548670356701,0.0493508210885143,0.5943839954097769,4,0.1540339643623004,623,623,0.4463739031216437,0.3670045160477555,0.42090092149532926,0.21305220934899252,0.3999434593246554,3,-0.07230381863632926
3041,0.24228301556827242,3620,3620,0.5494534989053355,0.5373519190376148,0.5938064132817423,0.13087467139985548,0.5748023808815802,5,0.1562226379728393,1101,1101,-0.41526827634668906,-0.23283518625353672,-0.7615428438040405,1.3587778079269393,0.16209390141257224,4,-0.08606037759543311
3042,0.9682501384942177,4269,4269,0.40893278298541147,0.31637800624661017,0.4316888313924137,0.11532392773990408,0.35847560698150516,5,0.5046746102084463,844,844,0.18595133382215412,0.2948217283769783,0.03507134518354188,0.1972573829034788,0.2033253135333618,2,-0.4635755282857714
3043,0.26545028742787463,3099,3099,0.39305917743461605,0.40165161654812753,0.4719419433336046,0.1484797962934215,0.486705199676951,5,0.2986268587544305,1809,1809,0.5093878812428703,0.476872084218817,0.6454402955064358,0.21501973616426812,0.5773066505074796,4,0.03317657132655588
3044,0.936799821909517,2672,2672,0.3192868174530211,0.364565944089013,0.3310706658678164,0.1494709458616637,0.358699745894254,5,1.1134437625466482,1150,1150,0.6742405574352844,0.7738463300942147,0.6909353226017888,0.12283330147114435,0.7048495897515934,5,0.17664394063713118
3045,0.17193521334433215,1996,1996,0.5176631603481281,0.4855643870125309,0.5185992812372473,0.05245136251333976,0.43106671389097057,4,0.11903305518596123,216,216,0.4560263372153359,0.4688144361788671,0.33498532700750155,0.32253676144992477,0.35411769835011436,2,-0.05290215815837092
3046,0.04102200872426377,513,513,0.48679955075453707,0.4496141913372861,0.6397468498170584,0.23073676605667104,0.5637919225221628,4,,0,0,,,,,,0,
3047,0.02964894506435779,1916,1916,0.7465942334577419,0.8270867229556318,0.7568025861065213,0.08128895394013477,0.7419429998420519,5,,0,0,,,,,,0,
3048,0.0754990137143159,2196,2196,0.753198193208364,0.8277937445734738,0.667625117810891,0.16322334081939424,0.5291004476030647,4,,0,0,,,,,,0,
3049,0.9677530388635139,1666,1666,0.3371785634281973,0.25733415427027917,0.2910015552079358,0.1065016294928024,0.15292932460714226,5,1.0823773392493075,550,550,0.34789364205298823,0.14821509842671166,-183.8688986106073,319.0598287166358,-2.3173798790962215,3,0.11462430038579352
3050,1.1437336512183984,1577,1577,0.571763632783016,0.43337213771204597,0.562039741496189,0.02573544889803056,0.4053937181936533,3,1.291103518025038,1645,1645,0.39679951649793166,0.13957908929740948,0.39336578653566584,0.14048089160222374,0.1915492603993305,5,0.14736986680663966
3051,1.5296119213927946,1298,1298,0.587538228692253,0.6816769975933933,0.5897541023285789,0.03785318928310692,0.6264844446494503,3,1.3288535870929328,1548,1548,0.5904523541643023,0.5228056682149511,0.5878192959392002,0.03475307147987747,0.5188702297482354,4,-0.20075833429986178
3052,0.15979162291029192,1786,1786,0.35068900897131106,0.3123388429021683,0.4220642767364895,0.1836827713867005,0.3527280231897197,2,0.17704890570538934,868,868,0.2875843699808992,0.5191372734644352,0.30085645205035727,0.1838805424647939,0.5080939009686327,2,0.017257282795097417
3053,0.3428475091742645,2958,2958,0.47099068642810626,0.38179875864156565,0.46948800250057443,0.04518048613615053,0.3661100637025292,4,0.21742582693601278,983,983,0.3510916646621268,0.4984332977427989,0.3823539161383893,0.07044118747857978,0.42601475157679747,2,-0.1254216822382517
3054,0.06390879199381931,4055,4055,0.5154736576821779,0.45062477746654306,0.46885194264190067,0.20547994433899536,0.4121942022713381,4,0.051038482847403754,2568,2568,0.4975150262722845,0.44792262367964075,0.5251377179452168,0.17865406424604827,0.5146395956601844,4,-0.012870309146415557
3055,0.06600442591253287,3718,3718,0.5278944713565843,0.4293374722319976,0.5058626104801914,0.14795964255248223,0.41737206032868435,4,0.057834078822542864,2932,2932,0.6221762612145156,0.5821962733695378,0.6234792473813222,0.0603065409533939,0.5781895487184461,4,-0.00817034708999001
3056,0.05348251266896951,3824,3824,0.5661339323381864,0.6324157603100539,0.5579623881691307,0.18244624497369655,0.6078573006630201,5,0.051245027487237985,2466,2466,0.5287565643541079,0.5814697683670268,0.5678948282061042,0.1366112126824952,0.6114864872969736,4,-0.002237485181731523
3057,0.024116704525909128,3605,3605,0.5177695216474121,0.5053757818109437,0.4953270405849815,0.1567441425527569,0.4781898530098562,5,0.024254147938475898,2084,2084,0.5288966524727063,0.48011200459038883,0.5217837906402836,0.09133061686634637,0.4855267718088252,4,0.00013744341256676992
3058,0.05311798575647427,3405,3405,0.5414884510158159,0.6453773426442589,0.5360213848315072,0.08855979291662495,0.5753524063246745,5,0.05121712483965361,2039,2039,0.589089204515968,0.7889968119092369,0.5494170044839741,0.13584415540711386,0.717138546376872,4,-0.0019008609168206583
3059,0.02659752693273558,1936,1936,0.7717314531975185,0.803136985550037,0.7663719632219266,0.027975273455189294,0.7652208320943257,3,0.028858591448606037,2473,2473,0.7408952168769176,0.7824387741289107,0.7500057835090845,0.04778927563153438,0.7923360003252514,4,0.0022610645158704576
3060,0.022437189789742625,3891,3891,0.6059192547436951,0.6008313235182534,0.6012068779761652,0.025953301885021225,0.590694638809906,5,0.02328160061485478,2766,2766,0.5015889041614837,0.6764211881672202,0.4779905235902895,0.23167587290879266,0.6579345969362703,4,0.000844410825112156
3061,0.07344182172478227,1033,1033,0.3195115887595229,0.44880940372026945,0.17883223839660967,0.4128119239497911,0.4456238874504871,5,0.079882321490998,1065,1065,0.5514295248517906,0.5216799757246475,0.5326546260206744,0.03874621394461503,0.5896480909361735,4,0.006440499766215732
3062,0.43243464008793936,2021,2021,0.5388122922857762,0.5390768508443105,0.4887680556940545,0.21896633672980043,0.5022348162861485,4,0.39898056002007565,1616,1616,0.10288393892348868,-0.05089281455934214,0.157233188911794,0.38837016472127445,0.1274011679912273,4,-0.03345408006786371
3063,0.045169880295258466,3460,3460,0.4719523965163521,0.4143730980990752,0.5290263466155819,0.09368841350937843,0.5191157813808271,4,0.03814418476007778,1997,1997,0.38916658167608065,0.42471740209625686,0.489166778735455,0.20577632131869292,0.4939680426449478,3,-0.007025695535180683
3064,0.04520898885587609,3667,3667,0.4206060064239565,0.3224817135500492,0.41887134102322143,0.029750268827438687,0.35218043434257607,4,,0,0,,,,,,0,
3065,0.01899602807069029,3329,3329,0.3251654952647648,0.2265851134484782,0.32974503204857153,0.05355466476420692,0.23111461294594224,3,0.019575501083415252,592,592,0.4474609116755336,0.4809818264992338,0.4474609116755336,,0.4809818264992338,1,0.0005794730127249639
3066,0.019909381554272618,2139,2139,0.6779057814874316,0.7046127381359162,0.6147558128785011,0.17795158912710274,0.6653807254292807,5,0.016250299193001916,101,101,0.21891168039122344,0.3976691531408951,0.21891168039122344,,0.3976691531408951,1,-0.003659082361270702
3067,0.016555504250227587,2275,2275,0.11534308065777821,0.34796757409552936,-0.022608808868604863,0.3498570325338418,0.3557672345034068,4,0.0157170131904167,912,912,0.06412985130444138,0.3275981724136646,-0.015875023566186697,0.1186650212310673,0.26386585427679216,2,-0.0008384910598108856
3070,0.05646471200822864,1588,1588,-0.13329551867538503,0.3565337658095282,-0.09200934517741002,0.5342918164665986,0.28270476449489357,4,0.06682850767196302,166,166,0.20618268267040685,0.40411541377087834,0.20618268267040685,,0.40411541377087834,1,0.010363795663734382
3071,0.021326995613545428,1079,1079,0.2763155316074455,0.3425781060235301,0.16669372681908098,0.19530044851077347,0.39925865525015025,3,0.018874404923820653,878,878,0.26101994016220487,0.5467006955344784,0.19748255479017474,0.40152682328185063,0.4746254491672361,2,-0.002452590689724775
3072,0.007312164841085134,498,498,0.11990408595219848,0.39669988803952816,0.08235943491771786,0.10953629018041704,0.304609025268192,2,0.0068016508940570005,699,699,0.17186411899965326,0.3105097262360206,0.20262028920214853,0.23887861779978312,0.34533325304836504,2,-0.0005105139470281336
3073,0.019142595014569386,810,810,-0.2972715890318147,0.13015184136960178,-0.25405740159066026,0.4297196641619535,0.2570589830209208,4,0.016822414468319905,319,319,-2.9598716526552193,0.3021922390346513,-8.336871135137683,9.922173025520747,0.3501291955563926,2,-0.0023201805462494812
3075,0.02871862246372051,2703,2703,0.5119824345811026,0.4403150729115951,0.5099786900056016,0.1400049035327277,0.4299548505855344,4,0.02385781893268401,1720,1720,0.611359543039916,0.6199551009424092,0.5907756144626721,0.12221139010648403,0.5863301975949974,4,-0.0048608035310365
3076,0.03894782759814474,547,547,0.41861184696852716,0.6213008800193633,0.2496471400298683,0.19647707311599794,0.49112888550057515,3,0.020954367296674388,622,622,-0.10160283832880701,0.5468877371913023,-0.12604712548285746,0.14672533339144211,0.530516886465584,2,-0.01799346030147035
3078,0.03660370758575637,2050,2050,0.3409484940629136,0.3970432361133037,0.2755012146115932,0.21158367217995763,0.4014749104800842,4,0.026077466291686585,1814,1814,0.3092221465786269,0.5486130675413093,0.28008617787903567,0.37280907738799357,0.516742283312549,4,-0.010526241294069788
3080,0.023536305326413407,1631,1631,0.3606324245078453,0.483373485432237,0.20863116657315592,0.29677187697986124,0.4234790274185376,4,0.019992291395987464,957,957,0.11089872611866891,0.5465313823783053,0.11431139212535096,0.17668833255514066,0.46110763652663095,2,-0.0035440139304259433
3081,0.12306625317665444,1915,1915,0.34774003310926116,0.48150141747684116,0.250295369361036,0.1381117882913376,0.3618053303971358,4,0.08407415241385117,975,975,0.29118733492045235,0.48737577727045744,0.3078412976524986,0.09108615526603987,0.47219716142839313,2,-0.03899210076280327
3082,0.020795430116140556,1231,1231,0.32678263478148684,0.3450331806973782,0.3210092713345078,0.012817363500876066,0.30010334941495653,2,0.02001717518373453,958,958,0.025486390711322415,-0.03990289137351377,-0.4373848025537802,0.5136205408727803,0.05852878466400896,2,-0.0007782549324060264
3084,0.09204850868912842,2484,2484,0.507589034854903,0.6411998156643044,0.46595019989354464,0.17577711748060257,0.47199783310218546,4,,0,0,,,,,,0,
3085,0.030493608685197664,2203,2203,0.5637472228131827,0.7022436165237016,0.5389585892245539,0.096244977685079,0.6487795627265631,4,,0,0,,,,,,0,
3086,0.6365931049797886,645,645,0.25511197425849164,0.03973154298301951,0.20164279072286798,0.1746582471535943,-0.06578095702280726,4,,0,0,,,,,,0,
3087,1.8332766680232635,1705,1705,0.5025625797130475,0.5279209459545027,0.4120814167752727,0.33637026957217503,0.32186950220789856,4,0.9456786028327157,261,261,0.12970051006610273,-0.0022372089692734853,0.06749562308730972,0.2585901367979197,0.0025600180231202807,2,-0.8875980651905478
3088,0.13642013300814212,1579,1579,0.4774277204429409,0.7131666218741948,0.5281335544920298,0.18160166958021262,0.5461293631074872,4,0.10444805838844994,33,33,-0.9168579346542054,-0.061570108854327676,-0.9168579346542054,,-0.061570108854327676,1,-0.03197207461969219
3089,0.09811319808913527,921,921,0.39250852226617805,0.5855845802775526,0.4507454872785779,0.14083833021571412,0.607439207064937,2,,0,0,,,,,,0,
3090,0.38383642294289594,1621,1621,0.25562849706473034,0.40189660727411225,0.23036062441696553,0.2880633883900902,0.31712225737878263,5,0.1108458444324075,49,49,0.4182612509086653,0.3577593592100373,0.4182612509086653,,0.3577593592100373,1,-0.27299057851048847
3091,0.2900479693419099,908,908,0.42369528299364423,0.5519083269520617,0.4121875065986346,0.04583580621107594,0.428214811682738,3,0.20350091819961866,75,75,-0.08568735391531201,0.48326376019356676,-0.08568735391531201,,0.48326376019356676,1,-0.08654705114229125
3092,0.030412890705176526,2250,2250,0.09477184766544156,0.03905374152329899,0.09932248606338401,0.11530841918097973,0.18457793086743085,5,0.02736987305903121,95,95,-2.085477871099713,-0.44862497876280294,-2.085477871099713,,-0.44862497876280294,1,-0.0030430176461453164
3093,0.06099575026177497,808,808,0.20598907074916284,0.616019866301307,0.2484342864267569,0.08857982228825655,0.6111143991834651,2,,0,0,,,,,,0,
3094,0.06479886609633438,610,610,0.3194637278591115,0.45768133499246055,0.5134808140475199,0.27156437961568797,0.6090897647803232,3,,0,0,,,,,,0,
3095,0.10973736383749287,895,895,0.19934103214779686,0.45225705460412413,0.29903139382675725,0.29982941005945013,0.4632558707648727,3,,0,0,,,,,,0,
3096,0.0702120129885049,542,542,0.321667619279529,0.5096863998343539,0.226337922984627,0.20796947417366343,0.3396188437814206,4,0.10263876090883403,74,74,0.3873537298976668,0.35661619591002736,0.3873537298976668,,0.35661619591002736,1,0.03242674792032914
3097,0.16181708392070343,3269,3269,0.4149632919067856,0.5470249080789225,0.485939052390385,0.17363317887958019,0.6124366642973698,3,0.17982603975752104,382,382,0.5392983758420045,0.6835810252806236,0.5392983758420045,,0.6835810252806236,1,0.01800895583681761
3098,0.038567448443812456,2208,2208,0.539497714854394,0.5449742910176039,0.526363902732597,0.11947560083591226,0.5172291652740773,2,0.03963954741013986,5269,5269,0.5324093777512731,0.5363210331414078,0.5574256545057159,0.09624855522451642,0.5639647618207253,5,0.0010720989663274005
3099,0.03213180971050335,6503,6503,0.5776657380773556,0.6217898833532891,0.5898195252189466,0.05734562441308102,0.6269610451880823,5,0.03256659651457485,6099,6099,0.6748884429364034,0.6613764934623407,0.6827311229101735,0.04895317562365798,0.6569143645097739,5,0.00043478680407150333
3100,0.02723226393911994,3434,3434,-0.10924512119813756,0.4735822991321271,-0.23026122430804613,0.2724337421304647,0.4952762630636533,5,0.028844606511678996,737,737,0.5988959018433799,0.7270502698644336,0.5509045770891317,0.20432722289888516,0.6716186889958002,5,0.001612342572559055
3101,0.0237255844301576,6718,6718,0.5684317027802774,0.5441006529039332,0.5517038993454805,0.10514183320765,0.5134756820739204,5,0.024597883334363697,6249,6249,0.6132226506436687,0.5757520206172895,0.6151338855521435,0.06148716248072769,0.5709746679271153,5,0.0008722989042060959
3102,0.18146728418994085,2630,2630,0.4747505394248095,0.3869869019641231,0.46064831637103637,0.0443222832450484,0.3576675508893924,4,0.15504486124954822,2164,2164,0.5000902160955218,0.5006460918047322,0.5245696053874324,0.12342490967009316,0.5282546625969954,4,-0.026422422940392626
3103,0.019504906336177432,2234,2234,0.08386817264914281,0.6185773349413016,0.03166726049879931,0.14958956589140707,0.5661300020937076,3,0.019207084803740632,3243,3243,0.5925121402666104,0.7971103724718025,0.5654565925521516,0.07457014490157007,0.7234644672868223,5,-0.0002978215324367997
3104,0.059906860328836846,4583,4583,0.7377097916895381,0.8416003101029299,0.7272605330506394,0.05257030202237415,0.8288177263503822,4,0.05979508027523119,4889,4889,0.7846349314776064,0.7924629973965114,0.7790048505273603,0.032735724843230674,0.7674704982887558,5,-0.00011178005360565346
3105,0.022553295652843936,3797,3797,0.5326715316731245,0.5207121996418398,0.5413090125302952,0.059358806572471515,0.5243033899850595,3,0.024224674601518843,5325,5325,0.5156674431663031,0.5099553717084913,0.5188595446317558,0.07296260384991018,0.4967755952031534,5,0.0016713789486749071
3106,0.021158783022795332,2819,2819,0.575374178456102,0.5578721283727315,0.5665154974065869,0.04657009814554156,0.546021598393713,3,0.022121486548657587,4224,4224,0.6074366354735634,0.5630914069738521,0.6128950104213404,0.06029926612159561,0.5628226250015873,5,0.0009627035258622553
3107,0.01658590540358532,2686,2686,0.37339966636684263,0.42922916061093264,0.40152390080559197,0.0700126224655445,0.4364656194304108,3,0.018513217091366264,4587,4587,0.4479764891557544,0.48704435901034815,0.4583785565824897,0.06738490396582766,0.4963528404730139,5,0.0019273116877809443
3108,0.05624348397900792,3981,3981,0.6498957026619154,0.6384972512663201,0.5468872532562212,0.2081225293960648,0.554945104781954,4,0.05342379868628612,4653,4653,0.7173809491723409,0.6848068853733159,0.7200770831888398,0.037975109223047594,0.6734042906269619,5,-0.0028196852927218005
3109,0.01949983374219514,4836,4836,0.5710628649779542,0.6175149447031459,0.5367497050032236,0.09101163257220356,0.563141639651061,5,0.019586666025001545,4915,4915,0.6325500366436585,0.6198724131855626,0.6374704672895765,0.0541117835720914,0.6182877411847169,5,8.683228280640526e-05
3110,0.0502772898187848,3913,3913,0.5551937397683775,0.5994098517934755,0.4342032524374224,0.31290208611581594,0.5499496510132574,4,0.048892266840985375,4573,4573,0.7144062843546126,0.7750937804878058,0.7082367235929758,0.07544368084000287,0.7626448653666016,5,-0.0013850229777994244
3111,0.015579424953794331,1820,1820,0.38149272248220556,0.3185058545229569,0.3773891313360182,0.0030169029868020196,0.3149655132818676,3,,0,0,,,,,,0,
3113,0.13211384229712425,2392,2392,0.5959394937838026,0.5302188035540715,0.5702361209434312,0.08627370918043248,0.503243166368557,4,0.14014026163077545,2725,2725,0.6715996175419873,0.6219289409596587,0.6857299572248751,0.06694713791574818,0.645060763396018,5,0.008026419333651197
3114,0.050060586254251686,3979,3979,0.6799255544334061,0.7137925586090043,0.6092827127930588,0.1619899495170517,0.6829891935812651,4,0.048033687819420946,4166,4166,0.700641145082602,0.6586857429167615,0.7030765329729396,0.06721319905442426,0.6588587720618494,5,-0.00202689843483074
3115,0.023953512063124845,4571,4571,0.7400755948822777,0.7510864694667628,0.741273127048934,0.024087290177427053,0.7426066414492556,4,0.02456498428591272,5180,5180,0.7882128503342016,0.7522300700414742,0.7944425645593085,0.06309563763202186,0.7522281344973768,5,0.0006114722227878733
3116,0.01649325150540877,2261,2261,0.6618519161660045,0.7930619694026204,0.4137873472412312,0.5499783359969481,0.6378341054923895,5,0.015535486106563974,776,776,0.5989511621656585,0.6817089276816453,0.6640134752838821,0.1689721977218758,0.7431818236386167,3,-0.0009577653988447968
3117,0.02934112819418673,2388,2388,0.6891005725854568,0.7261133204856653,0.6714100144251409,0.04805278602429417,0.7065851720185468,5,0.02554728983271331,841,841,0.7018011954844632,0.7530568516063948,0.6987522411618587,0.056767729759565,0.7488453428229576,2,-0.0037938383614734214
3118,0.03488077175272165,2149,2149,0.5184255578102972,0.6223571568890027,0.4521588743036413,0.13566652752432296,0.507447502742993,5,0.0322493858730128,949,949,0.6672236624134813,0.7045456235666223,0.6722981933494679,0.03967510492052097,0.6808534424768014,3,-0.0026313858797088474
3119,0.03446395775339103,2831,2831,0.4567137576918243,0.6161153352392743,0.42397425353887525,0.1429560113065486,0.5786866901429257,5,0.02971105098869997,1036,1036,0.46554447309042246,0.6300564632086325,0.43988693416630714,0.042573237930114846,0.5674205674860754,3,-0.004752906764691058
3120,0.05974367310675376,1554,1554,0.4304510434852141,0.5397701439815583,0.3681098708727316,0.10232634537601554,0.4807311135717681,4,0.0638445921277829,785,785,0.5425274422394984,0.6111975622090523,0.558118257133504,0.11597466686643026,0.6090000725363693,2,0.004100919021029138
3121,0.0460345550907988,3142,3142,0.39503798626439035,0.49428222850964865,0.3113335520833428,0.24635448540926153,0.4640676496434186,5,0.043222745041470084,1130,1130,0.383962686531759,0.44894975303640827,0.3560704302357347,0.008098802074202716,0.4478628003554358,2,-0.0028118100493287126
3122,0.07601605644819918,1861,1861,0.409759362311212,0.4579118848823309,0.41341442721986016,0.11493514867978451,0.4560006057056838,3,0.07567207436226256,719,719,0.29370071046355806,0.25065909337472614,0.3166818190146735,0.04536678337691313,0.266730462784879,2,-0.0003439820859366255
3124,0.05627128948189079,1124,1124,0.4968329394513954,0.6886839061128004,0.18928662708775945,0.5711597479959208,0.5111832269057134,3,0.04949534352848402,548,548,0.11661143471639057,0.5399294813349457,0.283915837745357,0.703015370039955,0.5614543716667331,2,-0.006775945953406776
3125,0.012752428294639963,1570,1570,0.4158270282198534,0.5295275120727339,0.39845454335004327,0.08744560245664289,0.49915959118382824,3,0.013585875301414403,1055,1055,0.2824581108907914,0.38359221195854365,0.354122295155398,0.1664736390784741,0.49111828528794615,3,0.0008334470067744397
3126,0.04504710027199172,2358,2358,0.34249932920919113,0.30066693151510515,0.3415856757344446,0.027191810520754943,0.29725128511705984,3,0.048104139077226375,3268,3268,0.27941610401731765,0.19488939433199004,0.31081857522323264,0.08055154254094106,0.24913396011102007,5,0.0030570388052346548
3127,0.06960650144538841,2435,2435,0.32097042170037726,0.3527507731313203,0.34238794680568535,0.1431409841639633,0.42731646651839594,3,0.06691612010963384,3589,3589,0.16408502775152678,0.04484647039173628,0.18117295073637782,0.0682738622376338,0.07282851183404326,5,-0.0026903813357545686
3128,0.0818143372657627,3563,3563,0.296986266126841,0.2636455162625664,0.2633715473235311,0.1402988726229651,0.2207115713773254,5,0.07558814961643738,3343,3343,0.3896597297973229,0.35663466275505695,0.3792832900203691,0.03891135302769531,0.35353990921841566,5,-0.006226187649325324
3129,0.09419210845050048,2338,2338,0.22618451019641606,0.23634197044280336,0.23602598748387224,0.12769773206593482,0.29604791765794203,4,0.08213905065808945,2751,2751,0.2939676698313116,0.2551362359095857,0.34937791898991577,0.1122734153449134,0.36498245549286434,5,-0.012053057792411032
3130,0.06800188326411793,2788,2788,0.31474318505660603,0.3510360479599892,0.23763089000801246,0.1214246431985261,0.3356000527006361,4,0.06563717743170643,3113,3113,0.3380759578233118,0.25251793315529125,0.32267049049253055,0.027625296335207352,0.25644432393850086,5,-0.0023647058324115094
3132,0.03706605504784319,333,333,0.4920418562281179,0.5740611794653907,0.4890353319262266,0.0005256543761378084,0.5627923892548417,2,,0,0,,,,,,0,
3133,0.019386749195162416,303,303,0.3090140056923014,0.3689938649644898,0.3004893600673261,0.06132965348066712,0.3907026965783764,2,,0,0,,,,,,0,
3134,0.1336465852476449,1041,1041,0.2818957394455859,0.616551713001118,0.24146711871465473,0.1705866205023306,0.5370130166360652,5,0.13002509028682935,1160,1160,0.30076291367858765,0.5922859288427567,0.21380661103088103,0.20271318125527163,0.5493993575276237,5,-0.003621494960815541
3135,0.4058624533736171,1349,1349,0.7216308483235732,0.786546701216746,0.7137586691697835,0.024529698332603236,0.7582630519210917,3,0.4643880078717783,3156,3156,0.7331519744977681,0.8394966662715161,0.7358083110530886,0.0903705010809659,0.7549490235173246,5,0.058525554498161214
3136,0.10560392468775573,665,665,0.7710211304531338,0.758269955850593,0.7888041125040116,0.11526668878596026,0.8066929367876723,3,0.10285586207674129,2308,2308,0.7529829549928457,0.6682524507463775,0.7417451304284519,0.0983770958272648,0.6621442905328617,5,-0.002748062611014443
3137,0.21491691149344688,821,821,0.4948903647877295,0.7519124903012361,-1.806390227756559,4.741562266562992,0.27754962814325906,4,0.23616440909961361,2274,2274,0.6478706680308961,0.7779910475888756,0.5917942273124178,0.09419644059683975,0.7245061272344294,5,0.021247497606166732
3138,0.023366100361338082,2354,2354,0.5459002743406094,0.5779036740299609,0.5123714718803388,0.1897971135863142,0.5793789045074282,5,0.025216254823279972,1560,1560,0.5926780122077645,0.5138897368083281,0.6275496474593464,0.13107131383505194,0.5616142326191363,5,0.0018501544619418907
3139,0.030326051576440735,3171,3171,0.5901219686194916,0.5558476183303522,0.5943052363923528,0.07355617186677756,0.5539021909034147,5,0.03338142061585461,3257,3257,0.6630458035725393,0.6306207340091442,0.6791624498365684,0.07142584614127959,0.6548446870930758,5,0.003055369039413877
3140,0.029552054648253077,2887,2887,0.578846193291283,0.5681719633672537,0.5612340210666498,0.10918010076141096,0.5518301069683356,4,0.03475833261046505,3884,3884,0.5875637971711394,0.5168612081186932,0.5792084293135508,0.11367189778460333,0.5143223653640864,5,0.005206277962211972
3141,0.00822299937672091,2148,2148,0.27979816392640633,0.2896783815656737,0.30917584571816403,0.09796356927123595,0.3254697648181216,5,0.008592593884849948,1037,1037,0.3442590207515974,0.35621665535165137,0.26251408934036985,0.2845021568083403,0.3573572567619531,4,0.000369594508129038
3142,0.02681845018048448,2235,2235,0.5009803903410268,0.6565373606849608,0.46856502866605465,0.11220314384839357,0.624010002588362,5,0.029492149151412572,2530,2530,0.6040985416843936,0.740323298510635,0.5787476093456417,0.11283791848250732,0.6797829807297091,5,0.0026736989709280935
3143,0.028229562296441375,2238,2238,0.5571084815768887,0.6610427487941561,0.5276094980350127,0.04083476827091399,0.645916465253079,5,0.03471879234549384,1565,1565,0.15435994096415784,0.5387246270067869,0.13077418074421243,0.4143879119104441,0.5117278970908159,4,0.0064892300490524656
3144,0.21830982766346768,981,981,0.025185667059369865,0.044690454705699434,0.04011585091839351,0.06972730172000868,-0.016552363544250243,4,0.32907672248342457,34,34,-2.8862658172986824,-0.28950614154306553,-2.8862658172986824,,-0.28950614154306553,1,0.11076689481995688
3145,0.08447587771481403,186,186,-0.08032688085340456,0.06622561852702413,-0.2748973986653486,0.40974917288962226,0.07406208768703354,2,,0,0,,,,,,0,
3146,0.060962883621147,194,194,-0.263106670190449,0.3099261342579974,-0.26767070473159593,0.11229947094601354,0.3245685227936671,2,0.1209079846739769,3,3,-0.6764538733233671,0.6698256825004204,-0.6764538733233671,,0.6698256825004204,1,0.0599451010528299
3147,0.08654226193935173,181,181,0.0025054289019342812,-0.03262076558043736,-0.4845990838875056,0.6664578594387577,0.07453613738721387,2,,0,0,,,,,,0,
3148,0.09412043117357735,241,241,-0.1136413834701182,-0.30082549189579444,-8.629609623463642,12.055034303713226,-0.8715509288894976,2,,0,0,,,,,,0,
3149,0.16496869238066783,767,767,-0.7957770673945657,0.18820006964315084,-0.8442699399780479,1.49395171359108,-0.07913202710649687,3,0.20526842725403766,47,47,-3.2628149740572514,0.2755766049344398,-3.2628149740572514,,0.2755766049344398,1,0.040299734873369825
3150,0.1929285947696946,1081,1081,0.16840434555965722,0.32794022952799917,-2.1872875752400316,4.935949191925216,-0.1289587520744335,4,0.3563899407463689,93,93,0.33850367489558986,0.2968762527515243,0.33850367489558986,,0.2968762527515243,1,0.16346134597667433
3151,0.17065708681560648,901,901,0.4647349612381415,0.6295204773807298,0.298498725952364,0.23212903877768287,0.5763218764547157,3,0.4253584916136928,97,97,-4.495143479980058,-0.33357017471796757,-4.495143479980058,,-0.33357017471796757,1,0.25470140479808634
3152,0.20840613856490503,1716,1716,0.22999920097226811,0.5294614459844127,0.2970662337918468,0.18592829284052198,0.44586941990350965,4,0.2610054080430259,117,117,0.5737355187234823,0.401928198345045,0.5737355187234823,,0.401928198345045,1,0.05259926947812088
3154,0.28399765444493125,983,983,0.5350600138683395,0.47553017850886614,0.5228195030064566,0.0512567931259428,0.47475722965706696,2,0.14271927582608027,44,44,0.5920655094442688,0.7605069876908406,0.5920655094442688,,0.7605069876908406,1,-0.14127837861885098
3155,0.06900039961826375,2082,2082,0.5838439765257488,0.7217917996287364,0.3696191626840471,0.4760546297771527,0.6301263688515677,3,0.060137612886632545,79,79,0.47473849664499257,0.631390988313437,0.47473849664499257,,0.631390988313437,1,-0.008862786731631205
3156,0.0725783660643651,404,404,0.3248488690316882,0.38876462742834894,0.24712793261236754,0.031758079463149076,0.4570866589833906,2,0.05937803646046964,63,63,-0.2383376176717953,0.3254009815195893,-0.2383376176717953,,0.3254009815195893,1,-0.013200329603895465
3157,0.3645179668727976,1040,1040,0.3130033263615435,0.3189218566039773,0.2828384412782586,0.10078618261052097,0.2828727107396671,2,0.18865357491541918,71,71,0.3925463465314829,0.34196271751560614,0.3925463465314829,,0.34196271751560614,1,-0.1758643919573784
3158,0.1637379958999534,1388,1388,0.39053314646177295,0.3116658940467206,0.401303421537496,0.061221677887807545,0.3140802135539747,3,0.12627526182492357,2070,2070,0.22228978429056268,0.41699844361386607,0.20894800929826615,0.24256406239858805,0.39041473160374957,5,-0.03746273407502981
3159,0.05614110444280157,1738,1738,0.6889113835548482,0.830932650020261,0.672972268102134,0.13926466912719712,0.7136463879403993,3,0.0841329782703741,161,161,0.602450950919659,0.6483326945968484,0.602450950919659,,0.6483326945968484,1,0.027991873827572525
3160,0.03471415443764163,1336,1336,0.7636850601957936,0.8581135591373694,0.7601876873031262,0.022377704644981837,0.8345768271246436,3,0.03755332037443453,236,236,0.8529615398546779,0.7733616237973049,0.8529615398546779,,0.7733616237973049,1,0.002839165936792905
3161,0.03379943441754828,600,600,0.810503762106275,0.8469061414870019,0.8014565348391759,0.0019613550824101045,0.789017530816187,2,0.039925412687121846,122,122,0.7635945761188665,0.8526003000463312,0.7635945761188665,,0.8526003000463312,1,0.006125978269573569
3162,1.498143568128215,1801,1801,0.22841041665036688,0.5279115839316808,0.20249392430909754,0.1503341793223287,0.4057495349347715,3,1.618882961209808,268,268,0.2975931264347039,0.6056320504209394,0.2975931264347039,,0.6056320504209394,1,0.12073939308159298
3163,0.03924040811863545,771,771,0.39504260457557117,0.660839457866047,0.3846072367396225,0.00761268669593963,0.6569702964401309,2,0.05922177921486448,98,98,0.8428600125598896,0.8075438476122807,0.8428600125598896,,0.8075438476122807,1,0.01998137109622903
3165,0.242988539251017,1521,1521,0.6520943022228635,0.8021078522746553,0.6259817133598549,0.06639739941883441,0.7864646145225477,3,0.2856368907094002,250,250,0.331441649648458,0.4437318070497094,0.331441649648458,,0.4437318070497094,1,0.042648351458383194
3166,0.10233949000919985,1096,1096,0.43261431177648835,0.6658661070722277,0.4980378515702615,0.34202969176625136,0.6691903518071095,3,0.10097557534263726,163,163,0.6892476885128289,0.7809321437666127,0.6892476885128289,,0.7809321437666127,1,-0.0013639146665625906
3167,0.10458194656293576,934,934,0.27852061325262123,0.19059447615476854,0.3534838462271963,0.17348352974591882,0.27293392953814094,2,0.1181383969346908,110,110,0.7769142670084943,0.6939336879929099,0.7769142670084943,,0.6939336879929099,1,0.013556450371755041
3168,0.3819055822826684,626,626,0.35705686653699187,0.34395810417213046,0.4308876758906375,0.19465342149839046,0.41906073732829763,2,0.36683509393506464,168,168,0.5160323873392152,0.6130146553175242,0.5160323873392152,,0.6130146553175242,1,-0.015070488347603772
3169,0.861018126310305,752,752,0.10467006158712022,0.05653298365180115,0.31894740094895135,0.5161897659205674,0.28102572188222985,2,0.35116930898617615,88,88,0.8167351116908493,0.7963595807316917,0.8167351116908493,,0.7963595807316917,1,-0.5098488173241289
3170,0.17064856249141114,1297,1297,0.5882459212660476,0.5445472366237976,0.5917259463456861,0.14101614347622482,0.5427346600854102,2,0.4029500551708762,259,259,0.7724689970601987,0.6893852903624341,0.7724689970601987,,0.6893852903624341,1,0.23230149267946504
3171,0.969612407348251,746,746,0.36240070743196573,0.6881988960339439,0.39456907768421046,0.13873712264279017,0.6821770063484407,2,0.8097077476693757,199,199,0.609969393012463,0.7923231694164444,0.609969393012463,,0.7923231694164444,1,-0.15990465967887535
3172,0.13553040239203584,889,889,0.426241031978042,0.3578005722517348,0.410144693640544,0.038614372739512626,0.35925423129490835,2,0.13923138046104994,70,70,0.6644385640062973,0.6986107053827801,0.6644385640062973,,0.6986107053827801,1,0.0037009780690140937
3173,0.18453649833027846,1373,1373,0.49375978454002856,0.460923435645463,0.5045764984493688,0.06419985212711138,0.4745447418306985,3,0.2160911118175755,188,188,0.7980103135084013,0.7361813472803914,0.7980103135084013,,0.7361813472803914,1,0.031554613487297045
3174,0.4765829790809776,826,826,0.30492092520106373,0.3224783180354319,0.39051938906415745,0.15285956982799936,0.4452048366008224,3,,0,0,,,,,,0,
3175,0.3906224893327551,890,890,0.34825732786580976,0.3406937375268019,0.4636318289059271,0.2732691381503526,0.43810409630676955,3,,0,0,,,,,,0,
3176,0.12039594528408354,1595,1595,0.5637927145860092,0.7130997163999382,0.48214344064850634,0.2471752480431493,0.6576382665038966,3,0.08373989501036704,150,150,0.6309186312276012,0.6569090763972796,0.6309186312276012,,0.6569090763972796,1,-0.0366560502737165
3177,0.2460445339712285,1423,1423,0.3603624123958197,0.3087996704640833,0.3846575826870051,0.1525956204268658,0.35634714874789414,3,0.09892560836431899,133,133,0.7278429657728995,0.6914909166066748,0.7278429657728995,,0.6914909166066748,1,-0.1471189256069095
3178,0.0941113005118335,204,204,-2.040480523626912,-0.13019561745732622,-2.078599004805996,3.295120085445543,-0.0418767713998725,2,,0,0,,,,,,0,
3179,0.012682058379618763,442,442,0.44201120865504184,0.5665064938158129,0.4256816007335919,0.04719247632419742,0.5656959889659064,2,,0,0,,,,,,0,
3180,0.051000494559263906,472,472,0.2580772033435276,0.5942649320770065,0.30856060897315557,0.14494128262527653,0.5537471530497726,3,,0,0,,,,,,0,
3181,0.21149257251555703,1142,1142,0.2822145494355667,0.3323273189133007,0.28036649672778485,0.12781185981370596,0.28873456870172487,2,,0,0,,,,,,0,
3182,0.028883726657406728,1210,1210,0.2569400829842243,0.534302914446972,0.25139549076371287,0.06832275484552612,0.5056681519181623,2,0.03464477139074098,318,318,0.28222220279155485,0.28254802863491035,0.28222220279155485,,0.28254802863491035,1,0.005761044733334251
3183,0.5978096026766121,1133,1133,0.16579836364346623,0.029098687961136793,0.16624601011491608,0.011207978566356283,0.02757714015492707,2,,0,0,,,,,,0,
3184,0.5106957758643502,1802,1802,0.1798967018140296,0.08396297287776266,0.1814552267263603,0.0666000132204734,0.09030951846044481,3,0.48932797070159467,430,430,0.23154669842154296,0.10705276322065882,0.23154669842154296,,0.10705276322065882,1,-0.02136780516275555
3185,0.1705228853970766,508,508,-0.09812119240839934,0.13464940361762612,-0.14257330167406734,0.10419941819397768,0.02989539350537751,2,0.2304045669734478,44,44,0.17840615618072642,0.2540546222729667,0.17840615618072642,,0.2540546222729667,1,0.05988168157637119
3186,0.06320036448220925,1790,1790,0.3551219664239076,0.6693007470557046,0.23978002171000465,0.5087735436547213,0.5765962193230427,5,,0,0,,,,,,0,
3187,0.04162161220919411,1855,1855,0.3016144342520055,0.38786869957688164,-0.0132534525654453,0.7867036886868207,0.43912018587180734,5,,0,0,,,,,,0,
3188,0.37027835553023986,1439,1439,0.050484150544631956,0.11903650713954161,-9.717602971922046,22.066043032222936,-1.3767700622679542,5,,0,0,,,,,,0,
3189,0.06434406222424793,1816,1816,0.5123057207864261,0.7162830465928256,0.6307268625575464,0.26997210557722556,0.6904978500197458,5,,0,0,,,,,,0,
3190,0.05669993829772435,2107,2107,0.07508763361933823,0.5637804848257295,0.07625725729024432,0.6287210798720174,0.513630520164494,5,,0,0,,,,,,0,
3191,0.08736693244514077,2150,2150,0.4829686857317971,0.49396575178895197,0.5919256306480407,0.19774491930694194,0.5500655754432137,5,,0,0,,,,,,0,
3192,0.08438843844310936,1553,1553,0.08744770852874817,0.5815061370367647,0.05173180546299512,0.8687922782658146,0.49558528673038965,5,,0,0,,,,,,0,
3193,0.05002966945346893,1073,1073,0.2733836208375986,0.5676932643829149,-0.23250858684679257,1.0591482436613193,0.5381441282454013,5,,0,0,,,,,,0,
3194,0.15350076585341288,1285,1285,0.08418749669543202,0.13135616653618298,-0.08972285609403055,0.357647647551009,-0.022879800446248266,4,,0,0,,,,,,0,
3195,0.08085986398623891,1045,1045,0.02763438241425431,0.16580564201711256,-2.003735225581742,3.0388870513103052,-0.2343850247222255,2,,0,0,,,,,,0,
3196,0.022203630956578253,1296,1296,0.22076021335054596,0.29172235694213977,0.20763076797659744,0.11690009296360863,0.3299337088339593,4,,0,0,,,,,,0,
3197,0.03856452770261755,719,719,0.3917322615132478,0.6623479406319612,0.10878670345524905,0.34477884888921506,0.5364921127520914,4,,0,0,,,,,,0,
3198,0.06102651671908044,2180,2180,0.1947842795225373,0.2936540995955531,-0.6054287875429649,1.9241786391363198,0.4050328788352674,5,,0,0,,,,,,0,
3199,0.05954356953777649,837,837,0.07669183656274736,0.4569481391016238,-0.997805347632276,2.207542303962505,-0.06351140909759712,4,,0,0,,,,,,0,
3200,0.054573857632558995,938,938,-0.00937245402794451,0.32056355537660075,0.0020698066719185004,0.1295902939467958,0.22390338713653407,4,,0,0,,,,,,0,
3201,0.039558236838098136,1205,1205,0.4764601796094162,0.562007802963769,0.5233621815802016,0.1344580988073689,0.6263449910278824,4,,0,0,,,,,,0,
3202,0.04040877622815963,851,851,0.5624940062726798,0.5612342108634656,0.532910641254348,0.1982979320107816,0.5422271279751238,3,,0,0,,,,,,0,
3203,0.051783336119185536,930,930,0.4058265636361462,0.5147576360876416,0.027047058949062192,0.6062886483726903,0.4543512348728053,3,,0,0,,,,,,0,
3204,0.14346832416008204,2841,2841,0.33685684042769914,0.34740518452693225,-0.1756711475004937,1.1793329166255302,0.3129391272021048,5,,0,0,,,,,,0,
3205,0.07974397459409045,199,199,-16.999272772678463,-1.5001868239900928,-16.230425980311473,10.239714639688032,-1.2784060986451757,4,,0,0,,,,,,0,
3206,0.003691429115153226,1758,1758,-0.07347022086372212,-0.2075580815954512,-0.18501711444617888,0.12007513995040482,-0.15112711459731157,3,,0,0,,,,,,0,
3207,0.037930802862559045,175,175,0.07817442844964473,0.2747843602305883,-0.55071837699528,0.8430457878547547,0.19439091826846994,2,,0,0,,,,,,0,
3208,0.07534335531423006,1274,1274,-0.16723412286765726,0.15962307930504804,-1.881679484787415,2.4398691906637198,-0.5734118854716259,4,,0,0,,,,,,0,
3209,0.02467423931041078,444,444,-0.4165855436756156,0.11361787573475912,-0.6894576774239821,1.0676280379173875,0.004324806535822827,3,,0,0,,,,,,0,
3210,0.09671927556100723,695,695,-0.22832814966346193,0.239912631266602,-1.5739472397825225,2.7947301915465133,-0.008793084169347626,4,,0,0,,,,,,0,
3211,0.04107518417768041,2038,2038,-0.26330321871599294,-0.06713045117362482,-0.7070852514562076,0.7067812621218021,0.02381501278798684,4,,0,0,,,,,,0,
3212,0.06829559954462269,1541,1541,0.260137410905692,0.3712217442804241,0.2312262965134707,0.1928896918747908,0.3516917724671176,3,,0,0,,,,,,0,
3213,1.330743462713376,628,628,0.03299984614358864,-0.23303048805413074,0.47297614792659043,0.4472146000265001,0.2619634613389967,3,,0,0,,,,,,0,
3214,0.02222573933762307,2970,2970,0.40253918234461716,0.532445701600353,0.3533393296096022,0.1669535362439834,0.47955550590450696,5,,0,0,,,,,,0,
3215,0.1645958598293671,3398,3398,0.6036613590146478,0.5973588175771429,0.6045805123520563,0.060383816556288626,0.6067555887343656,4,,0,0,,,,,,0,
3216,0.08586640995889835,2246,2246,0.32015172381107193,0.4338394529132771,0.32582688705157736,0.10661651134397167,0.4240705578424586,3,,0,0,,,,,,0,
3217,0.015856580317702602,1742,1742,0.22730347665302486,0.37487640338683237,0.15314582417954267,0.149442590307249,0.3946169874206446,5,,0,0,,,,,,0,
3218,0.020091651552193036,1621,1621,0.12342266914859157,0.1502708080258217,0.1172075798636705,0.18075432209413975,0.18171075053679503,5,,0,0,,,,,,0,
3219,0.05630125813350688,1302,1302,0.3281780205061239,0.4017680186241055,0.2812222682402437,0.11018266376847669,0.4093651118164914,5,,0,0,,,,,,0,
3220,0.05326101116585631,595,595,0.2660382392357784,0.3268040906752322,0.2512350452035496,0.22427126576023837,0.33533683105375695,4,,0,0,,,,,,0,
3221,0.024036542837086804,482,482,0.4452825715556037,0.5796775846565507,0.47091442196574645,0.09764792945019596,0.6107934742248613,3,,0,0,,,,,,0,
3222,0.025228067434568086,1079,1079,0.1967382953617718,0.5349389884466784,-0.7879547888965239,1.8921345780975827,0.29570022925962763,4,,0,0,,,,,,0,
3223,0.029071225721690533,2113,2113,0.5570882917341766,0.6691749500057305,0.6121361652824422,0.20084891180492584,0.6745839811496588,4,,0,0,,,,,,0,
3224,0.03560285923773782,1254,1254,0.5240915179662089,0.6878845290287579,0.5057531519697762,0.10373412622293235,0.6486089256900233,3,,0,0,,,,,,0,
3495,0.04441800133152617,923,923,0.6014729175792031,0.6494843752623312,0.5737177369422947,0.04893587361331991,0.639462667384299,2,0.05558003044472857,3037,3037,0.6155351010426301,0.617083743422961,0.6147665496961909,0.06453255113522396,0.5970037906294609,5,0.011162029113202396
3500,1.2256686409985247,1232,1232,0.6264586969241623,0.6070916581687296,0.6060601920985664,0.04411726888324668,0.650981985403476,2,1.2545480167245702,3661,3661,0.6031529593263247,0.8036031206205622,0.5570269291954564,0.2511462122856021,0.6192227367470865,5,0.028879375726045486
3501,0.30106256927656766,1296,1296,0.6565536808070669,0.7981678926095156,0.6606924731164571,0.050648774383174645,0.7553503736891714,2,0.18314559808759778,405,405,0.37917294587593275,0.6858213267480436,0.37917294587593275,,0.6858213267480436,1,-0.11791697118896988
3502,0.06384629380403418,1363,1363,0.529993862094084,0.6951722687142641,0.5796364430777472,0.16511602485600685,0.6670948888975269,2,0.06277693745409718,3554,3554,0.6368452117018808,0.7708834905332023,0.6340753635625413,0.07569660551847479,0.7129894159603682,5,-0.0010693563499370035
3503,0.08010499764640223,1375,1375,0.6804917015873555,0.8058417246250895,0.7063363593906626,0.0885904625480878,0.7940572427406392,2,0.0760960238797018,3060,3060,0.602860182668901,0.6421113760387999,0.5908556434906483,0.14566482083070426,0.6340035766636941,5,-0.004008973766700438
3504,0.20040279696650645,1557,1557,0.536605620831623,0.6089771545071619,0.5885604962002989,0.10615483664568198,0.6598685857275988,2,0.17966239240097678,4345,4345,0.6373511258990259,0.7667141072396668,0.6217682034153577,0.13216760230566701,0.717002833832579,5,-0.02074040456552967
3505,0.38114754067117507,1378,1378,0.7021823566633605,0.6552642083077245,0.720729796578284,0.0606480065216731,0.7038693441703635,2,0.43177527901783797,3946,3946,0.7487762336715413,0.7657924926548404,0.7294544685397618,0.08399353136442544,0.7137624963428852,5,0.0506277383466629
3506,0.5901428371349327,1304,1304,0.5452063391711761,0.4469491505072113,0.6054314619861296,0.12895824658284996,0.5262876123220639,2,0.7960073509587313,3982,3982,0.476599684591283,0.3905021672450748,0.47049402590736095,0.12074580467814053,0.3714494155725055,5,0.20586451382379867
3507,0.16394561722713857,1367,1367,0.10742604031497238,0.40067951104405664,0.23338838964625813,0.32611304989511214,0.33733116012733,2,0.15459288419406297,3736,3736,0.32229196304563756,0.31745194582435077,0.33346600647892033,0.1778483469080095,0.276083976137374,5,-0.0093527330330756
3508,0.2826748555714795,1012,1012,0.5651944529354958,0.5500223900146194,0.5572475278925553,0.006015654189887476,0.517946785322305,2,0.35523064016375944,3260,3260,0.3629685532647836,0.3066485782473083,0.4085808920168067,0.22442197936482622,0.34048639230635186,5,0.07255578459227996
3511,1.6004146283328096,1020,1020,0.5923909169075725,0.5561131469483507,0.46741026108760436,0.3104145540745208,0.3482740051263595,2,2.4352133964663936,1933,1933,0.5645117945658642,0.529165875506719,0.15583768832901662,0.8122474172883499,0.23204540484234096,5,0.834798768133584
3512,3.2159369670029654,1192,1192,0.38443870375595657,0.43624045721688487,0.300632227858946,0.17186993460362038,0.23971269272201534,2,3.116807895402505,3172,3172,0.31310479466934016,0.4522877263153975,-1.0111203669392,2.85246083855249,-0.2413027165676908,5,-0.09912907160046025
3515,1.2956650967651029,1682,1682,0.45999276248327015,0.31123133902903,0.40286104421483987,0.1748071090624001,0.28051050425325474,2,0.537547395576209,241,241,0.5334947112412144,0.4109315559017196,0.5334947112412144,,0.4109315559017196,1,-0.7581177011888939
3519,1.8021865080926485,1370,1370,0.5127624864232472,0.3681854909682034,0.5089588881136783,0.007210475071748473,0.47610129525724737,2,2.0477641215473237,3554,3554,0.4813936574632206,0.4408162001013828,0.4423556339618527,0.08321705135649307,0.3886661475531053,5,0.24557761345467521
3520,0.43401038424145466,1332,1332,0.4289940001038526,0.43862796416361804,0.29917838205596453,0.363645990437338,0.35843617907683784,2,0.4250911858802414,3320,3320,0.4671955701122543,0.5148501092252011,0.4520390339378394,0.2314740553220531,0.47706135745926614,5,-0.008919198361213243
3521,0.04246672788811553,601,601,0.2966679568356243,0.32161066677858396,0.19359614165062755,0.2701533794527266,0.23062962351283744,2,0.030897647164584624,420,420,0.20313748451440317,0.18251336233095106,0.22113620260658728,0.09714039602722198,0.20014729356541033,2,-0.011569080723530904
3522,0.11652384079180848,780,780,0.5118738321953114,0.6105858046867736,0.45090359227670657,0.2297645503101909,0.5251020630315462,2,0.1447384262521028,2741,2741,0.5138215842107057,0.5460135021473235,0.47394443652237844,0.1850204958134298,0.5440871099263512,5,0.028214585460294303
3523,0.039466751687343524,1038,1038,0.25307110358642804,0.46131900726813835,-0.1757995741881661,0.6796914265519379,0.4516393314244854,2,0.032506685013503275,2444,2444,0.23462536717572424,0.38648584452543433,0.07459471420341171,0.3826392843166817,0.3623885872377916,5,-0.006960066673840248
3524,0.25430225481597113,1453,1453,0.5365704738180368,0.5621015170746548,0.6534031295331479,0.22850872315470616,0.6998492762785604,2,0.2522396700492606,3739,3739,0.4734145143960846,0.46909664858264966,0.4622518761655453,0.056307812617961146,0.43305681615745206,5,-0.002062584766710507
3525,0.09800059121426159,1276,1276,0.5322828491065503,0.4621234538955109,0.4836660855657141,0.06252282213895849,0.42684888057875314,2,0.10365760601490462,1085,1085,0.4348947936364812,0.33933795356647456,0.4338752989873756,0.02350685605022644,0.3680666374180053,3,0.005657014800643026
3527,0.06223151932045927,1360,1360,0.43558630927814934,0.4048230578817964,0.3495691440178127,0.1363973688925253,0.3155925703348516,2,0.05126271529224819,4087,4087,0.4146208509907038,0.4203000069058074,0.4043527587754621,0.07415461245269003,0.4204752054798993,5,-0.010968804028211078
3530,0.03789835374184014,976,976,0.6134729709611777,0.8024826826997382,0.6074809437645148,0.008959905485749155,0.7999744786221807,2,0.039011046545542584,4278,4278,0.6764522099469563,0.839229761946465,0.66146721344738,0.10212153692233034,0.8039410927116037,5,0.0011126928037024433
3531,0.08641331817580783,1016,1016,0.652721097586906,0.7701569996467496,0.6253408218068981,0.06704569365570076,0.7640104043428615,2,0.06903903614239654,2718,2718,0.46789106267118485,0.5894657362337621,0.46838439263877,0.16200776645562712,0.5559501754527107,5,-0.017374282033411292
3533,0.3132983279192281,1576,1576,0.5474381453533077,0.5609962575617861,0.6196423300263415,0.1593269219466884,0.6287536971324573,2,0.19208211240708856,4372,4372,0.5277887778266652,0.7376074621183026,0.5220201376899332,0.25222705192544503,0.6759313632845091,5,-0.12121621551213957
3536,0.07179257912478662,1668,1668,0.13837553303523542,0.05448249607288036,0.35619849875599996,0.34915220104219064,0.27949404216746476,2,0.06205120572222239,4463,4463,0.6499945244154576,0.6902866897159847,0.6531592180247238,0.10902283376436593,0.65350935286182,5,-0.00974137340256423
3537,0.39571934950856963,1454,1454,0.48967395063702657,0.4672599256390202,0.48250615916145334,0.02339927583700255,0.44398951520034413,2,0.29623126328321436,4471,4471,0.6335894982531498,0.7302104656495907,0.6274042293205181,0.057640761457397945,0.7024072103995842,5,-0.09948808622535527
3539,0.07820431493831968,1602,1602,0.5623673512841745,0.6458100970644151,0.5931254487082979,0.1356106573738365,0.6117222049572358,2,0.06487508636816003,369,369,0.6631712485230957,0.8196562451526417,0.6631712485230957,,0.8196562451526417,1,-0.013329228570159654
3541,0.0877134421452259,1200,1200,0.5563609770434226,0.6915646801912341,0.5466108899689535,0.020829239601057606,0.5787396870920435,2,0.06896074343872656,3330,3330,0.6215083721019683,0.5602937529012455,0.6015967255843198,0.1187421493849364,0.5351723710650109,5,-0.018752698706499343
3545,0.1806280167001459,1665,1665,0.5468586551656918,0.5735064971529409,0.5741495912256839,0.08044457963881337,0.5614765862566209,2,0.12418656126265565,651,651,0.18288248383214378,0.08691971079293781,0.18288248383214378,,0.08691971079293781,1,-0.05644145543749024
3546,0.036027143103155225,1650,1650,0.372006360043974,0.4006781141921879,0.38462715140973885,0.059931166880160196,0.4217296215738152,2,0.032154913254042565,4323,4323,0.3962804885145639,0.36879681580370016,0.385145811142516,0.07123023947774293,0.3691690087384679,5,-0.00387222984911266
3547,0.29941699314437514,1591,1591,0.5040643613431262,0.39452541584054446,0.4884914491532296,0.04769156563412225,0.3523480460690615,2,0.25180801522014085,4221,4221,0.35957944402566033,0.3195617347531827,0.43832417594979045,0.16376282645339557,0.38388196481934367,5,-0.0476089779242343
3551,0.04189427574361924,1420,1420,0.38852548957271615,0.39539544801414483,0.39044335030393307,0.005763253729978663,0.40062306019586075,2,0.03641438985127293,433,433,0.33701662305601965,0.45273770898277876,0.33701662305601965,,0.45273770898277876,1,-0.005479885892346305
3552,0.03994496918384658,1674,1674,0.35654194583013477,0.3037509733566812,0.36380261970113964,0.0191324965681899,0.3115343486987943,2,0.03428180104720464,4547,4547,0.43372265317254644,0.4057134252743061,0.43769001413877306,0.10151993661144552,0.40674531052479984,5,-0.005663168136641944
3556,0.08435666108132459,1419,1419,0.7080063556739238,0.753704140667639,0.6907582097631846,0.12169385835151703,0.7163519588531022,2,0.07104355580630406,3966,3966,0.5512072757275852,0.7343083438659275,0.5397136873412283,0.09943375332688083,0.7015261424896707,5,-0.013313105275020526
3559,0.17139233964504583,1515,1515,0.6507772084103706,0.5859079118973869,0.6791252333714641,0.08347934821825274,0.6002632682792093,2,0.11941749854338327,4413,4413,0.540984575134309,0.6451600750142887,0.5711141214394343,0.1366933366813444,0.6604018341612152,5,-0.05197484110166256
3560,0.12629131985187042,1525,1525,0.5066210507940984,0.5040538481934193,0.5201263263133744,0.04288512724146316,0.4858331862587091,2,0.09670654106398077,4015,4015,0.6316022615198557,0.68617909472961,0.6266175391737938,0.0875345078895527,0.6749153020226011,5,-0.02958477878788965
3564,0.06761837490447173,1506,1506,0.4543984817046842,0.3780264704496866,0.4669550490167723,0.030305815541686036,0.38086567109825514,2,0.0623024538078937,4041,4041,0.6309272295962134,0.5852784837029474,0.6351340520459049,0.052929081216305414,0.6006030618172215,5,-0.0053159210965780315
3567,0.46951601054114045,1815,1815,0.6606041328433832,0.4976440289580871,0.6686929773678029,0.02633126866757484,0.505018394335591,2,0.43243366048478893,4971,4971,0.7575179643989507,0.6709290038317669,0.7575211026318583,0.024487082596964464,0.6727893326266937,5,-0.03708235005635152
3571,0.11951793493859465,1631,1631,0.6084907334274471,0.5712576553943822,0.5961131372167287,0.03509968042627941,0.5476709095442687,2,0.1054923142867827,4644,4644,0.5698472996632623,0.6482832517614625,0.5718955850687027,0.09015863275305583,0.6326445932336571,5,-0.014025620651811954
3576,0.14558475542535415,951,951,0.4926601069305696,0.5488668595065779,0.4953686773290856,0.02082558354634016,0.5427943648628113,2,,0,0,,,,,,0,
3577,0.08012269173867136,724,724,0.6097983829950493,0.5872560375551477,0.6062565493990957,0.07555376152659606,0.5767319640997017,2,,0,0,,,,,,0,
3579,0.10558960234543474,1717,1717,0.6061983857782722,0.7246260550810408,0.62512206940082,0.06448173899795961,0.69466015964363,2,0.08362968545223082,4556,4556,0.671263991644383,0.8247075099352206,0.6565331145578552,0.08607630804816505,0.7613002864036911,5,-0.021959916893203923
3581,0.10539718777828273,1575,1575,0.6066830338392573,0.6925190085193931,0.6046205694251037,0.001091618829133289,0.673330531044729,2,0.07671274552400884,4104,4104,0.5809953076077048,0.6944723989744623,0.5927338887573097,0.13079195928166137,0.6761253338673652,5,-0.028684442254273898
3582,0.24760419555548377,1573,1573,0.3554039342824383,0.2967142872378118,0.4103413887331742,0.11981824552636544,0.33831807970894895,2,0.19212650025629435,4112,4112,0.6107885098040651,0.7040933402982128,0.596066159788594,0.06488100384604097,0.6677239242770504,5,-0.05547769529918942
3583,2.3226270214687608,1688,1688,0.23573423433592067,0.10251474927347659,0.2685497499615793,0.06614627362997835,0.14775113128070905,2,2.2152804737089085,4369,4369,0.356533627322581,0.31235868474437656,0.35471846508569216,0.11772375008623809,0.27540066412168596,5,-0.1073465477598523
3585,0.8022995047441493,372,372,0.46975814608482347,0.5299221707224187,0.46975814608482347,,0.5299221707224187,1,,0,0,,,,,,0,
3586,0.6082980053832703,1693,1693,0.5484053379605688,0.37678443563868824,0.5459982856315626,0.009967828186477491,0.3657128366314955,2,0.30024362322368897,1041,1041,0.47532844963963783,0.5774665770642657,0.47532844963963783,,0.5774665770642657,1,-0.3080543821595813
3587,0.7044338247992534,1402,1402,0.6669705978880234,0.7639667192032825,0.6629280014585142,0.03696208941820371,0.706678264509266,2,0.332525082237906,1589,1589,0.5337465950302036,0.7546247028456344,0.472665376799099,0.15145619718910874,0.6804209602660013,3,-0.3719087425613474
3588,0.03828567863242233,662,662,0.34927565821393103,0.397344376143411,0.3495224554224727,0.02232672305529581,0.39942081538494567,2,0.03296592692732112,853,853,0.27570963660314707,0.3414690123553271,-0.5081499838917302,1.3670458312917544,0.25513207769515484,3,-0.005319751705101211
3590,0.08626441651254212,1007,1007,0.5800184844358278,0.5960415937005544,0.6680220627753317,0.18862055182853854,0.6907079888177119,2,0.07687307555635979,3259,3259,0.5326855681123662,0.7686935049153898,0.5010831293241902,0.08545043028506216,0.7056138196205813,5,-0.009391340956182326
3592,0.1081723456980882,715,715,0.5598598627750005,0.37658940607292846,0.5373263602100122,0.05620457051794377,0.35054801048161943,2,,0,0,,,,,,0,
3593,0.8028891064415848,1575,1575,0.5096660604594588,0.4760891827501146,0.5131306537303588,0.01124651565995136,0.44338468645877305,2,0.522011269537858,2763,2763,0.5023139586347841,0.44864679860679424,0.4454373025574691,0.17152802890660984,0.5091078426254596,5,-0.2808778369037268
3594,0.3598874052274995,1610,1610,0.6782836251090196,0.7131028185146051,0.673929700570461,0.02346346432571721,0.6576299997292578,2,0.3183235514950248,5016,5016,0.5882320821762158,0.6845792639822071,0.5792810556362117,0.08422400347910124,0.6748017543124053,5,-0.04156385373247473
3595,0.08746867285357691,1730,1730,0.5689758116984849,0.45508307694675076,0.5619503836548367,0.01789769145923674,0.4367556723009838,2,0.0704351199512995,4428,4428,0.5192612528328271,0.4261935264648118,0.5243278039329403,0.07433090627871507,0.43109569471420295,5,-0.017033552902277413
3597,0.11580238170276641,1611,1611,0.5720861184642099,0.4275086394069848,0.5731121260946109,0.004025592802764507,0.4184882669157778,2,0.08856634981952768,4137,4137,0.6678721286464057,0.623907810449156,0.6888311277143736,0.08496080775059638,0.6285547432045661,5,-0.027236031883238726
3598,0.2947788489069883,1194,1194,0.4909306137471461,0.34140771821993454,0.48681446952254587,0.024280326386767862,0.3326708652149664,2,0.19350636656940298,3729,3729,0.48512001047441244,0.4198615094053675,0.5041893023065522,0.0814655490730084,0.43007276514183157,5,-0.10127248233758532
3602,0.16229155920162266,591,591,0.42115102213055744,0.4645632445094441,0.5207122183439152,0.23898991363243327,0.5275789784694798,2,0.1293317932108605,4491,4491,0.6682054409579528,0.6905604799869958,0.6634394478956867,0.07713991509482565,0.6740504621721042,5,-0.03295976599076217
3604,0.316859710189913,1050,1050,0.742980517783161,0.6179013319026783,0.7392043458784613,0.01259904657236996,0.6132173546345072,2,0.2706011117659758,4495,4495,0.6871728025099166,0.6822101356008272,0.6845995466780794,0.008985503892157149,0.6683217784613431,5,-0.0462585984239372
3608,,0,0,,,,,,0,0.06985940326724135,1425,1425,0.5629255299216802,0.6144294344471914,0.5890073010740798,0.09104075516808707,0.5740480800242713,3,
3609,0.16918860702745045,1809,1809,0.7271634996627685,0.6143391975718622,0.7496967590058059,0.05343248616290621,0.6141123114301958,2,0.12576966588446414,4732,4732,0.6634240653265837,0.6820743233704047,0.6623843722267168,0.054439608418530024,0.6523112751718634,5,-0.043418941142986306
3612,0.05235320715088764,1748,1748,0.48973804632849927,0.46827625647602544,0.47869762598633797,0.04028488902271601,0.4512943825780969,2,0.0449142042431553,4620,4620,0.4597192080139223,0.5220200270921026,0.4534293237849246,0.08191065799400858,0.5086124708446145,5,-0.007439002907732341
3614,0.06390483771350502,1569,1569,0.6024714534232608,0.5798046431601374,0.6341814116808144,0.07327937769497911,0.6102332783748401,2,0.056698666797833544,4239,4239,0.5134542302713045,0.5788382177348258,0.5540419886423317,0.15112149824825946,0.6054583612721045,5,-0.007206170915671481
3615,0.5449233445701587,1343,1343,0.444200913360865,0.3539833081554534,0.39252524750458384,0.10172846090717616,0.2902374824623477,2,0.2325874608515577,2056,2056,0.37257402303701903,0.3870667142470072,0.3700773320709178,0.01771766634050029,0.32779196641777464,3,-0.312335883718601
3616,0.43336224646008803,1325,1325,0.4717200345200768,0.23182509285750275,0.45604125187862904,0.08582062869155214,0.21425144861805284,2,0.2866820986702075,3426,3426,0.4326871674831342,0.3369692295255592,0.4373414227995558,0.04374261985887585,0.3232877074623038,5,-0.14668014778988053
3617,0.2150822708027067,1318,1318,0.5308158202114763,0.3438100065676992,0.5178125365652575,0.17136443438270904,0.31369336305284085,2,0.14064462208811548,3890,3890,0.5908198045585434,0.5621221733780237,0.5914813290038963,0.09876564740162853,0.534419031746675,5,-0.07443764871459121
3620,0.06442612452157696,1525,1525,0.5406121902043779,0.42594970173357094,0.5512431333711649,0.058553397502774766,0.4143862561675208,2,0.055524847605557454,3926,3926,0.6219372817527415,0.6063638595763898,0.6248919755073581,0.07006954578078325,0.6047671225526455,5,-0.00890127691601951
3621,0.3415819826944923,1612,1612,0.6391676057701537,0.5297833739304979,0.6389498375995603,0.00031073181826426637,0.5196401754448299,2,0.2435299118731582,4485,4485,0.4262035042755282,0.44928085002060103,0.455516987469777,0.09899385499504663,0.4759283259208408,5,-0.0980520708213341
3622,0.4650433073145987,1487,1487,0.6033778213712209,0.679402142950777,0.5994462770419919,0.011358110872593297,0.6614061567043621,2,0.2815845275162588,3941,3941,0.5031993635562593,0.7184434902457528,0.512298905901352,0.08953266985350136,0.6401411271239796,5,-0.1834587797983399
3623,0.3352435017918496,1549,1549,0.5694287966427848,0.40878561680366454,0.5318023484654888,0.11379623187617381,0.35911240452126025,2,0.1763573102157327,3457,3457,0.6348084564342951,0.6277974693572951,0.6469972455774372,0.07103617312175152,0.6012682090734632,4,-0.1588861915761169
3624,0.0759518839453716,1444,1444,0.4798466544658242,0.37813677803101076,0.4753458927401635,0.020773076519271814,0.36019692065488834,2,0.06601832049044185,4541,4541,0.5459458453114281,0.5296817421716429,0.5657266305699007,0.1142143083723297,0.5419127444429674,5,-0.009933563454929753
3625,0.07214791506418305,1786,1786,0.4206962006066205,0.3300407232232425,0.4184675408984772,0.007637314557715683,0.31396322105694,2,0.05941574511641209,3973,3973,0.5288987388426479,0.5606921413019461,0.5564491933016751,0.11799773527186828,0.597259110965187,4,-0.012732169947770967
3626,0.6202365353706829,1678,1678,0.3838876078333404,0.29461892855871397,0.34252071314966714,0.07880526956758852,0.30541096667718964,2,0.2974680212577246,1366,1366,0.544803308279425,0.5020351993202461,0.549549254207065,0.07114081215210254,0.5033784296820769,2,-0.3227685141129583
3629,0.6810453384548188,1381,1381,0.4642479756539295,0.20838905575190614,0.4616282071844659,0.008623776808760574,0.20477591735588796,2,0.6147801197583153,3761,3761,0.5517164118702569,0.40657309889104143,0.5543671896383733,0.07342029018568158,0.4063355614974273,5,-0.06626521869650359
3630,0.3212555963020189,1470,1470,0.5029681658463765,0.27370602759692975,0.5064490992284869,0.017940754442071553,0.25926404935162267,2,0.21766834747646646,3898,3898,0.5741276032109426,0.48408293428539784,0.5701468398823287,0.04338188410374805,0.48747667878411016,5,-0.10358724882555242
3631,0.5160935026967818,1254,1254,0.4670591622768864,0.41632503068319127,0.4558611642530491,0.03358375761575303,0.4025713759431352,2,0.34956877681009435,3801,3801,0.24373826248626895,0.2631285168363282,0.2594261570562349,0.06161197107259987,0.23440447293643557,5,-0.16652472588668743
3633,0.5448266877978001,1433,1433,0.42436264199546025,0.21436342103174688,0.4131057654396807,0.07309973962765177,0.20036370137881493,2,0.46688673231916905,4192,4192,0.4101877841946828,0.3531584658121779,0.4201449586593663,0.06936728590092175,0.34964783037931074,5,-0.07793995547863103
3634,0.38567658264336646,1219,1219,0.3217376482637937,0.09057380715740582,0.31730720493597897,0.029026483261200754,0.08169309008481673,2,0.3142961186867827,3596,3596,0.4189083204296967,0.26188964389472713,0.45002918049183266,0.12946060097034565,0.2784361456028801,5,-0.07138046395658376
3636,0.051640662237559996,1231,1231,0.31308848256890176,0.23705763166129912,0.3155192945494381,0.0367344455700636,0.23913709269855699,2,0.04218815184251506,1646,1646,0.346362601244654,0.28803054628662006,0.34280888236021956,0.00952121044019573,0.2884004449734217,3,-0.009452510395044939
3637,0.05411750782356673,1480,1480,0.33486042958874795,0.2862039327943733,0.4028405892459124,0.16347865000321612,0.3389631731332051,2,0.047945273368375896,3932,3932,0.3149130318128557,0.25702313028296375,0.30419200471907065,0.08951310066725017,0.24096922329047893,5,-0.006172234455190835
3640,0.8736850333217784,1405,1405,0.606617190475099,0.7835543109960478,0.5475476518258338,0.12976976828064468,0.7034201375337237,2,0.888376358513036,3937,3937,0.5200578893684004,0.5683539805792293,0.59087867015298,0.1474024362153499,0.6451691210049895,5,0.014691325191257598
3643,0.13164540495058347,1473,1473,0.7026342571567272,0.8069194011025876,0.7034232533266958,0.00269194879525051,0.8040203019135455,2,0.12473781916649493,3771,3771,0.7709513897925916,0.8583843359359327,0.7620368394075262,0.05491300922025355,0.8170037083778148,5,-0.006907585784088538
3644,0.1169142883257283,1496,1496,0.6839414521054336,0.8035082587143257,0.6651137891364223,0.05002512539158352,0.794560082067105,2,0.11527333933177146,3603,3603,0.7511391229502027,0.7528428647402632,0.7386657116622717,0.07050544193042137,0.737640454003379,5,-0.0016409489939568367
3645,1.1904635623378574,53,53,0.16946594162897455,-0.015961642763252737,0.16946594162897455,,-0.015961642763252737,1,0.46722813207527686,754,754,0.6670709580286258,0.6785857984519643,0.4841723291456898,0.29891085659513994,0.4484398935049793,3,-0.7232354302625805
3647,0.454028614421652,1480,1480,0.7151387077375803,0.8184785744714844,0.7268034296521483,0.02428462705044055,0.8383068251658543,2,0.46895577251761866,3930,3930,0.7407280958076558,0.7388897825248671,0.7303853398039971,0.049124330097943904,0.7234561513018354,5,0.014927158095966675
3648,0.12102361185810505,429,429,0.5311701987232005,0.579189297125404,0.519703814008214,0.051540471366227504,0.5627940730999406,2,0.12450466245638198,2653,2653,0.5027598571244386,0.6616281766151074,0.45439410944103376,0.1367623884087692,0.6053560145975989,5,0.0034810505982769274
3649,0.09606806243912322,1464,1464,0.7272429552812818,0.7899845354740943,0.7348907802100562,0.018806559715789352,0.800543811853806,2,0.0978749552577707,3863,3863,0.7433150649394153,0.8121349660969329,0.7294351649729138,0.09484048774997456,0.7889408485914581,5,0.0018068928186474736
3650,0.1033733062401944,759,759,0.7183390304789828,0.7922571821661595,0.7327950838576842,0.08779808685169742,0.7800131971149838,2,,0,0,,,,,,0,
3651,0.6325417098629338,1022,1022,0.585728985564862,0.7771929631655287,0.6086509271874154,0.055118506396317664,0.7399525669929629,2,0.733124038139284,3389,3389,0.4403345342744567,0.6231097627969026,0.45069384812245883,0.14953937434128756,0.6153750205076195,5,0.10058232827635016
3654,0.4375997180811318,993,993,0.6925071829979451,0.6530287790686655,0.7239517309001313,0.09692992547726208,0.6977740182387225,2,0.4692143425862418,1279,1279,0.618120799374176,0.5603402662325233,0.6190467601577241,0.08933525671379551,0.5547907390665736,2,0.03161462450510999
3656,0.8933406050030613,1548,1548,0.6086961972402836,0.7590137741795822,0.553984110244091,0.1328843217169013,0.717950576892765,2,0.9638607270506203,3978,3978,0.5387405592367451,0.7102093349339317,0.53951942608892,0.07765186495619658,0.686888703910671,5,0.07052012204755898
3657,0.9148368337582196,1550,1550,0.686159991398021,0.8290865767165927,0.7262194994527917,0.08358205798479183,0.8474966779492323,2,0.8032841454542513,4072,4072,0.5675242739784554,0.6188808355800781,0.5674111385535554,0.13294258501509434,0.6012727624973611,5,-0.11155268830396825
3659,1.5830174106545316,433,433,0.46870565397826314,0.6143185634069996,0.46870565397826314,,0.6143185634069996,1,,0,0,,,,,,0,
3661,0.2440903685468909,1510,1510,0.617535304221156,0.5265083474388708,0.607069766630047,0.021750345052343495,0.5097890071084252,2,0.22469619643255026,4091,4091,0.5291418003505206,0.4086426528886883,0.5266081417805372,0.047920635290533274,0.4043712722831489,5,-0.019394172114340635
3662,0.2734140565300171,1616,1616,0.7023944632490992,0.7760779735965606,0.7363682352966323,0.06982103031167174,0.8047110262037427,2,0.3139729035748091,4316,4316,0.6439597519820477,0.6555727868337178,0.6769480112101988,0.129170140010613,0.6605832103279208,5,0.04055884704479201
3663,0.11305272046564269,1721,1721,0.7267129583078424,0.7709322808583118,0.7463303308832026,0.043871100723785084,0.8014905833403886,2,0.11680086479550295,4456,4456,0.6858860701504057,0.6278299155017972,0.7048791225411135,0.09590409382928196,0.6264002810809352,5,0.003748144329860259
3664,0.19641034056512816,1079,1079,0.7175354572924859,0.7588956861763096,0.6920927590748098,0.05425665300438331,0.7573876950434696,2,0.20882838760967395,4643,4643,0.7210204445842218,0.8076671069743276,0.7147081842538967,0.047106581651719444,0.7884410137372257,5,0.012418047044545799
3665,0.0901737038580487,1830,1830,0.7011456519754585,0.6984196603339493,0.6603179839753499,0.06588481351205468,0.7391030213697425,2,0.07886998506324211,4405,4405,0.6395312821996202,0.706394374452942,0.6328455846672142,0.04610408449553201,0.687095079339431,5,-0.011303718794806586
3666,0.10564557222269663,1231,1231,0.6472457410635037,0.7192504333170855,0.37140132044733914,0.45162130074974755,0.6008512940868447,2,0.11628880084766505,1715,1715,0.6536467148780108,0.7382207850875708,0.652747716138929,0.03109678557125132,0.7088572385921775,3,0.010643228624968415
3667,0.21445939613141454,1292,1292,0.7015557609676109,0.710975884419206,0.6576555020018114,0.0787793875865096,0.6797319434914058,2,0.18228024223397907,4004,4004,0.59457866820354,0.6176238864544151,0.6247839311769814,0.11079079065016316,0.6452857351700232,5,-0.032179153897435475
3669,1.146327109244056,1278,1278,0.3946295229769763,0.24277731883066545,0.3621532755943806,0.03916005335709132,0.4017144935080444,2,1.0989242393815104,3907,3907,0.43234982441866854,0.34856806442740706,0.4607910632418277,0.13700323853261623,0.3691131018849275,5,-0.047402869862545494
3670,0.08273697426330123,149,149,-0.02219295977851732,0.15950143136139505,-0.019398619184612553,0.10373157110233039,0.21730800053718818,2,0.06836312047332106,391,391,0.28193512629442163,0.3634668645347747,0.24553686430913127,0.16810789967581388,0.3133583045434708,4,-0.01437385378998017
3671,0.1237399372558271,1631,1631,0.6557775887439723,0.5672491987518166,0.6412477123605399,0.03668614374450571,0.5616308935126834,2,0.1553661537929122,2974,2974,0.7003522992336622,0.6458810894825053,0.6999363461159147,0.06542517499191906,0.6322751150987057,5,0.03162621653708508
3672,0.1519023594151758,158,158,0.6172977201227352,0.5831076395871795,0.6172977201227352,,0.5831076395871795,1,0.2142503210284359,2523,2523,0.7155869050486219,0.8075160616516334,0.7103124992397906,0.020671832603547182,0.7345603684347102,4,0.06234796161326012
3673,0.3641308980058766,1456,1456,0.7149134063567655,0.7643432578564968,0.7167150268028597,0.005584811856657781,0.7425505584411798,2,0.35819425748254374,4350,4350,0.6760883422910552,0.8049423085721203,0.6885288268170895,0.09984256776530887,0.7659764895143004,5,-0.00593664052333287
3674,0.1837506434418041,1727,1727,0.7553373504092474,0.726967670295947,0.7615789305240835,0.014226049483372496,0.7641338624389598,2,0.17863902283987684,4703,4703,0.7226281049590942,0.7608753780566366,0.7221289780226257,0.054346973676119084,0.7508422160355558,5,-0.005111620601927269
3675,0.1000547169850204,1719,1719,0.7641007744475186,0.7690685186120452,0.7775647609055485,0.02844564932096936,0.7683634003519872,2,0.09548282929047612,4828,4828,0.6615442133762921,0.6822010211377145,0.6774596761372768,0.087904551791744,0.6981819651098101,5,-0.00457188769454428
3676,0.12520096212966164,1695,1695,0.6773459096711443,0.7656287172533301,0.6377416322154532,0.0660874720592179,0.6266979698032838,2,0.08433620975696826,111,111,0.8042586525709894,0.8020170396907897,0.8042586525709894,,0.8020170396907897,1,-0.04086475237269338
3677,0.08308389432679553,1758,1758,0.7367234736594914,0.6934675553613312,0.6895234393937841,0.0812825684193291,0.6761295659372601,2,0.07072504828863564,4150,4150,0.4553007412949316,0.44325427158563335,0.5433486975361139,0.2093841109737204,0.5100544048651526,5,-0.012358846038159885
3678,0.04831848317386771,1453,1453,0.7089370044130014,0.7613202100988772,0.712418898378333,0.011982066854563848,0.7225491273984337,2,0.04636178273191991,3988,3988,0.5896034043590759,0.6231708437679486,0.5867532651790698,0.16334575403674065,0.6143525769615064,5,-0.0019567004419477965
3681,0.07682880933434348,1551,1551,0.7713967222339029,0.7848570150475057,0.787073956383449,0.04167790942435306,0.7684432027455961,2,0.07348433662659747,3969,3969,0.746812587230779,0.7807565420960213,0.7350241991645766,0.09308858241853539,0.7345019998361695,5,-0.0033444727077460157
3682,0.07424004614157112,285,285,0.7899531776651054,0.8047488845182492,0.7899531776651054,,0.8047488845182492,1,0.06342605027726832,3290,3290,0.7256840419276803,0.7056182444906259,0.7415633311058596,0.10128766481625967,0.7236630060861928,5,-0.010813995864302803
3685,0.049482362936603894,277,277,0.7642583932301041,0.8137937253247742,0.7642583932301041,,0.8137937253247742,1,0.04859068601431561,1775,1775,0.693040830764817,0.7964880301601248,0.24693194635054708,0.830756903194739,0.5732283643712125,3,-0.0008916769222882814
3686,0.0971563321598451,1563,1563,0.7294416535302984,0.6677060994604951,0.7058225399113542,0.050970535010236385,0.6322349885560509,2,0.08274033831707825,3186,3186,0.5830970792898876,0.49388208560217595,0.6286386653435021,0.125926834199862,0.5201200850659017,5,-0.014415993842766844
3687,0.29086335073577213,1852,1852,0.6976662874070516,0.722756819756563,0.7013751267028995,0.012606880307862361,0.6925143362890289,2,0.19323337731822232,982,982,0.6481056779538048,0.7603256160218298,0.6481056779538048,,0.7603256160218298,1,-0.09762997341754981
3688,0.10371430895978831,1406,1406,0.6056630137393613,0.5536131606539609,0.6476190451434432,0.08034811741105548,0.6105369254439957,2,0.07662671424442144,587,587,0.636946687708141,0.6431043349656687,0.636946687708141,,0.6431043349656687,1,-0.02708759471536687
3693,1.4737861066517468,1596,1596,0.2822087268680301,0.19145022921877453,0.3578841871059897,0.12486009843368405,0.2817981719317698,2,1.3926493681864665,2687,2687,0.46293294789822126,0.34806572561920224,0.4614966996808523,0.0991046002379383,0.33096684662968145,3,-0.08113673846528036
3694,0.12106169300210295,198,198,0.5829706536291064,0.44557486504996036,0.5829706536291064,,0.44557486504996036,1,0.10687495637491035,960,960,0.5197709152082468,0.5572967861650857,0.5145425191062889,0.25671950313022507,0.4980651424289914,2,-0.014186736627192609
3696,0.21021361265467384,1316,1316,0.5071759639782922,0.6353832850940415,0.4755881891938347,0.040180966301960934,0.6614947160468209,2,0.20007367349542707,3458,3458,0.5596530897451346,0.5594122991525018,0.5550082525983413,0.08206822392438626,0.5801308061682806,5,-0.01013993915924677
3697,0.9822095560059976,1018,1018,0.4485162874031602,0.41412097263816183,0.4607862436477668,0.03610703516043957,0.36805263206550437,2,1.1989236959914675,3058,3058,0.13039614535523747,-0.06714695384043345,0.14881479414584647,0.05518263167721183,-0.03224235745653083,5,0.21671413998546996
3699,0.525971186008643,990,990,0.21742596144091764,0.2531090090275402,0.41466170743983877,0.3095740533298291,0.4608106230800397,2,0.6707769229220779,2678,2678,0.2555898903736862,0.15411180336719776,0.2504026488625993,0.105003182174694,0.16131639321406682,5,0.1448057369134349
3701,0.11664580960027444,798,798,0.24047560805007528,0.1937891163966895,0.30945240415332775,0.1344351732085146,0.2565491431772773,2,0.1691661932284139,2472,2472,0.2204300258805636,0.19231491363137798,0.21052664438548704,0.09068446645857513,0.1815663207570481,5,0.05252038362813945
3702,1.2723560385437127,958,958,0.3032724086587695,0.38676818820841297,0.24197231618645676,0.1074151582322019,0.2908177735241096,2,1.5958464645195534,3131,3131,0.18639957870889523,0.05959478997490486,0.18502433501226404,0.134842609543239,0.05821654164483745,5,0.32349042597584066
3703,0.4957539596600016,1086,1086,0.3214155568571464,0.4524428153289477,0.19263673824517086,0.19318145981563753,0.4090635592485495,2,0.8080538014048662,3228,3228,0.19842074010015787,0.01087643920372483,0.15230584423705631,0.09494473057709396,-0.036382224922368755,5,0.3122998417448646
3704,4.668598289474935,1135,1135,0.21716814824739605,0.3527980128774363,0.14065651457168188,0.24204534523360635,0.3184750419901806,2,2.3269280401153827,254,254,-2.559168512624985,-0.45184725604628184,-2.559168512624985,,-0.45184725604628184,1,-2.3416702493595523
3705,0.40891041494145686,980,980,0.13715629235530602,0.5674533910008772,-0.014948914388767331,0.2393458497289561,0.4916746564558623,2,0.7472631430408713,2926,2926,0.2713172779419769,0.44829521023535324,0.28845087612994746,0.2388894687602899,0.33683544417729644,5,0.3383527280994144
3706,0.2797980319876644,1197,1197,0.49961909333617804,0.6865400399424625,0.5633122604197464,0.155407496993467,0.6479684491830751,2,0.4348449981952155,3375,3375,0.23120421363852806,0.16268277432100653,0.2308066440503575,0.14410682753829795,0.15649294050762352,5,0.1550469662075511
3707,0.34171518336261913,1201,1201,0.364225802348104,0.4349576742427951,0.4159519953285688,0.09601187878222023,0.44281927023320083,2,0.6238439611482273,3656,3656,0.31497099266042217,0.20258531487425246,0.3136429639205679,0.1718490842695563,0.18383661228619957,5,0.28212877778560813
3708,1.4516054511895848,1383,1383,0.30990219879852965,0.25101510679722217,0.3527567538022246,0.09772555474492711,0.2928863806137077,2,2.2092058998444126,4053,4053,0.2529891567830437,0.11483394565774374,0.2265577907499185,0.1809444913276517,0.05138175209757854,5,0.7576004486548278
3709,9.569017569772175,748,748,0.08780043431572326,-0.25583059283577647,0.07629156782200613,0.0956734574781886,-0.27166773876416084,2,10.256297099580415,1293,1293,0.02733909660878997,-0.2562971441795041,-0.3610160757630455,1.0458784562398904,-0.20347291366088277,5,0.6872795298082401
3710,15.082733370136928,154,154,0.08609021016449636,-0.1965980236387319,0.07343152462810809,0.07774884208631551,-0.19177942765529865,2,6.828599747172517,238,238,-0.06636879407534702,-0.5518602064524403,0.062334075517582556,0.203215560418784,-0.7757145301127704,3,-8.25413362296441
3711,17.33869465933906,225,225,-0.4149752975653771,0.4224412456389568,-0.6531114692468339,0.35431353482193834,0.2494015981940974,2,12.211078965263404,1012,1012,0.004802562919942188,0.3655361581265002,-0.5852971026739981,0.8978430024525325,0.19348249887918606,5,-5.127615694075654
3712,10.65673795838859,1077,1077,0.023642746619445654,0.3914929066249382,-0.6436083759554492,1.0824068792403703,0.16163058297397248,2,10.55420449558343,1925,1925,-0.1904583697952742,0.27808972782554064,0.03787914028535653,0.5278831742620426,0.2716637870378743,5,-0.10253346280515885
3713,9.96650322938707,868,868,0.0760128652193578,-0.010914332965087814,0.007901172780959476,0.17201601557595728,0.0011632648587208694,2,7.99151285783657,211,211,-0.1082781319309416,-0.13191659514327836,-0.1082781319309416,,-0.13191659514327836,1,-1.9749903715505006
3714,7.266872246223584,1140,1140,0.31972276581396286,0.5527353878513205,0.06412412495280884,0.5323919439365918,0.387840416366018,2,7.894620031596892,3047,3047,0.2624316339179833,0.23585935213174347,0.19785786799555394,0.1557486560458246,0.20713008853425335,5,0.627747785373308
3715,2.0981918943273294,1244,1244,0.13929689426129344,0.08311276218816233,0.14440047309731602,0.01511154616328449,0.17450962159654998,2,3.5918076878673797,3729,3729,0.2975640287419412,0.16293870823136025,0.2541543057422847,0.14731901954366217,0.13827056879494581,5,1.4936157935400503
3716,0.6756648775965499,1081,1081,0.08253120538971326,-0.069090204948137,0.14977597555658395,0.1214031099595696,0.019113499150150648,2,1.9987400654529925,2341,2341,0.22378772355591425,0.037907493244120016,0.18192483551076472,0.2631186239204529,0.02013831987435306,5,1.3230751878564426
3717,1.2957933612222332,957,957,0.2909986214058814,0.3294023926670907,0.25454428501411863,0.09521924084937607,0.21587499927478926,2,3.14253589635094,270,270,0.2947283691765453,0.1337134508036747,0.2947283691765453,,0.1337134508036747,1,1.846742535128707
3718,1.0029106793352767,1191,1191,0.30842470291585355,0.4885944284931225,-1.5762864836186705,2.860955344711018,-0.16087019973029726,2,1.4254415041165498,3519,3519,0.18099020670552124,0.26283786629125505,0.108360333611727,0.21457678526728996,0.20489760503462806,5,0.42253082478127313
3719,0.8076689087314554,1255,1255,0.4462347457776137,0.5045754823398145,0.34054221472241497,0.20865388687944178,0.4195986291177697,2,1.4492284149101144,3832,3832,0.37742471205833883,0.312350646145113,0.3008261619925866,0.1659652394107067,0.2030845713711254,5,0.6415595061786591
3720,0.9232949008520857,318,318,0.04918780938786316,-0.05766200207543948,0.013808781422915084,0.08372027520393309,-0.06965798198854434,2,0.6454904270525353,251,251,0.05381130522519084,0.03170335359470744,0.0981673483716981,0.2887432419445846,0.03385954344841097,2,-0.2778044737995503
3721,0.717427117532392,1427,1427,0.3096788137556109,0.33732047515102226,0.22110102333772574,0.12712926888699763,0.19926107988369307,2,1.1677283615446308,4100,4100,0.5394827152306965,0.47382491143740246,0.5126736080415938,0.05428443907307962,0.41682864846805084,5,0.4503012440122388
3722,1.6258805978726198,1269,1269,0.293213470012766,0.4134362392156822,-1.1069808815020887,2.081314389608014,-0.3589245917957614,2,0.7336481733116466,355,355,0.45461770583948347,0.5747071658344074,0.45461770583948347,,0.5747071658344074,1,-0.8922324245609733
3727,0.11679048695973604,1249,1249,0.6014572091246841,0.7309901291414689,0.4628068334021719,0.19904206877657818,0.624203617618831,2,0.11437771458780283,4298,4298,0.42253796323660875,0.388128295646629,0.4491122614908548,0.1008851096291343,0.4172673219301332,5,-0.002412772371933214
3730,1.4981177972445079,1554,1554,0.4447433788019004,0.5359516026062483,0.2666841482014427,0.2616268097192559,0.4898850562917539,2,2.0180617269221224,4543,4543,0.3853551980158756,0.3146163175115607,0.39138126373003884,0.11891100379886864,0.308410501836585,5,0.5199439296776145
3733,0.06901468318430805,1039,1039,0.62186205693911,0.7760338901782404,-0.5603677681076328,1.743181951796686,0.3970848832819896,2,0.07765145399348258,3410,3410,0.5403838209686385,0.4441314387926437,0.5286064720189938,0.1025420139653573,0.43563297147182134,5,0.008636770809174535
3736,11.506467854262318,823,823,0.116042453765698,0.18144936463823558,0.10824159366256364,0.003364198667299444,0.1775933804673771,2,16.706656600266378,283,283,0.21561057817205753,0.010922741244254186,0.21561057817205753,,0.010922741244254186,1,5.200188746004059
3737,15.901419823781643,343,343,0.1496769568814016,-0.07854515677726126,0.1401019925900256,0.015473471372147156,-0.07681909480770588,2,14.257713556613357,797,797,0.24074912000706983,-0.006670170838453782,0.12630329990126732,0.25139046362889916,-0.06253391225501984,5,-1.6437062671682856
3738,15.520454339773663,1069,1069,0.10059784344094802,-0.1655938575216347,0.10165804668055162,0.07513790700584459,-0.14944982753567615,2,15.224158581963971,2340,2340,0.1759381986452766,-0.06190264458476924,0.2056075955638454,0.14678321596280378,0.011679256287655159,5,-0.2962957578096912
3739,0.41893066638029325,1203,1203,0.34884079306982363,0.35804999038685204,0.28564662287917436,0.07160386749138155,0.24890691273387083,2,1.715846022179195,683,683,0.3444044429106924,0.17110156146312594,0.1923189823688154,0.14606470288900855,0.3085425347571631,2,1.2969153557989017
3740,8.689602555372776,234,234,0.0019566468036584794,-0.438453115042005,0.004286678157734314,0.005646304686078441,-0.3465344931574069,2,7.144064153943743,35,35,-0.06267322007575804,-0.3513633723700762,-0.06267322007575804,,-0.3513633723700762,1,-1.5455384014290328
3742,1.1702465171419936,998,998,0.2799539743709809,0.4783372234721198,0.2607336875444545,0.11140062268257252,0.36098652062319525,2,3.8163338246267466,420,420,0.5052581309081916,0.6499932438847936,0.5052581309081916,,0.6499932438847936,1,2.646087307484753
3744,0.8050996156120989,1563,1563,0.5130282153103791,0.4376855165528275,0.4759639224930527,0.06581813261537457,0.42008685688718783,2,1.2475684496453714,4394,4394,0.4983271801804051,0.33289826953661694,0.5040529596268035,0.11231777277294637,0.346339399676067,5,0.44246883403327253
3746,0.33074333716390203,1571,1571,0.501615308055178,0.47167375234314424,0.5036767098483068,0.009593457787719221,0.4628643834602315,2,0.2863816382431888,4490,4490,0.42172281452430405,0.4313462968038555,0.4223485573501127,0.08425081744496052,0.4602227652324755,5,-0.04436169892071323
3747,0.2732002096449879,1552,1552,0.531414077204561,0.4374101621371381,0.5230079732876048,0.00746910286013675,0.4574138988979021,2,0.23754989360444706,4514,4514,0.555453645292668,0.4424983991428738,0.5769913437868357,0.09576325455242261,0.49470836845120514,5,-0.035650316040540864
3753,1.0091640653372373,1868,1868,0.3260356320776854,0.23223743204225455,0.3646295093907171,0.16412975634991686,0.25838748284727825,2,0.586282120875826,3088,3088,0.3033075629878156,0.14308560797829095,0.3477025495436965,0.11823082968356868,0.1977598196167591,4,-0.42288194446141136
3754,0.7456875839496302,1589,1589,0.39577338862862144,0.38724713025431823,0.39160853701462756,0.03998747563832187,0.37904475480477334,2,0.601151905629721,4683,4683,0.4123691224109529,0.385165581066258,0.4279257678805072,0.07815671851173753,0.3986586713829946,5,-0.1445356783199092
3759,0.12885159318024914,75,75,0.028985147905993935,0.18282407216375218,0.028985147905993935,,0.18282407216375218,1,0.3257280156843977,1922,1922,0.5355182384291208,0.5421300385516402,0.3352244077763368,0.38534982533714157,0.38575357852487174,4,0.19687642250414855
3761,0.30522961290817624,1585,1585,0.517570831460429,0.35621747456072583,0.5316708061230039,0.04447770312711758,0.3540265511999302,2,0.256022150981285,4014,4014,0.46588496119743517,0.3686670725096869,0.5149324318044428,0.12392065379953424,0.3926292868942982,5,-0.04920746192689124
3765,3.0228960651684424,1118,1118,0.3232512939038855,0.14649265570704695,0.37579693627477656,0.08963997717355075,0.2378429800188081,2,0.6081840181109791,334,334,0.5818593639182128,0.47861970919440466,0.5818593639182128,,0.47861970919440466,1,-2.4147120470574635
3766,14.304780914381679,896,896,0.2870995403763372,0.2107725514278731,0.24741973034013104,0.06305695181579991,0.1589964668507789,2,9.2836328811484,1978,1978,0.26666475482350716,0.17788962652753115,0.21129029109991088,0.19607105678696177,0.16342400692816267,4,-5.021148033233279
3767,6.382432626692329,254,254,0.2692593719191806,0.22334836386160917,0.2692593719191806,,0.22334836386160917,1,10.305969817883282,2636,2636,0.14162776003908217,0.263913942964226,-0.12987853517801082,0.36718617246122226,0.19416103961164694,5,3.9235371911909533
3768,0.47657959239746805,944,944,0.4107098074431653,0.3307434719156852,0.41101620665954486,0.003970893618641254,0.29544781574882556,2,0.32976780333745015,1184,1184,0.274528561689655,0.4785408365674664,0.17321394939252044,0.15013740169846623,0.18611546394117148,3,-0.1468117890600179
3769,12.47821706502987,881,881,0.15012390281802546,-0.045278214645974035,0.0787273939461327,0.12752060374050836,0.06509330996190726,2,10.03843997013718,2637,2637,0.17237062653892832,0.28243852236828726,0.16070542469935056,0.21807847192141866,0.210837389944051,5,-2.4397770948926905
3770,4.16038039009231,568,568,-0.15262983131803298,0.18073604442877345,-0.8194748450355901,1.34203859463176,-0.13844977728717212,2,6.63369069215024,2096,2096,0.38519219979402675,0.46756283235524776,0.24351776075230722,0.2419180359747516,0.3287739868472846,5,2.4733103020579295
3771,3.3803553571757448,613,613,0.20122686834869885,0.33390735747997247,0.19083858657643438,0.04530458286441079,0.30310718662068814,2,4.399783488985691,2788,2788,0.3122402996013458,0.3132452841199965,0.326638956431167,0.2772764247678626,0.4089722122665199,5,1.0194281318099465
3772,0.24892824876193817,650,650,0.4063106392652768,0.3293285196100302,0.3034774275569101,0.19888586549392911,0.2192948950241601,2,0.31302761058581463,2397,2397,0.19547023699034705,0.09943516150988518,0.15225187369410248,0.09988917643958346,0.09607593477994392,5,0.06409936182387646
3778,2.236362088824847,501,501,0.2464473810677703,0.19134044449918586,0.11865025320878941,0.1729525198056387,0.134801322394401,2,,0,0,,,,,,0,
3785,,0,0,,,,,,0,0.09851902631539715,1370,1370,0.2376952021807418,0.2147216263025008,0.20249022529676422,0.06527110785452042,0.18510979068494912,3,
3786,0.11020721128552764,691,691,0.11495141177691048,0.14404350446933212,0.2090845451993778,0.2553495313186037,0.19709622035427654,2,,0,0,,,,,,0,
3787,0.21931319239880898,1323,1323,0.3159721273696767,0.2601189560405953,0.2605340580320772,0.08070383972961762,0.24951005314802938,2,0.3607684259528655,4105,4105,0.3149351240878714,0.2104823509264806,0.3611734811790444,0.11991266364559737,0.2643896789875897,5,0.14145523355405654
3788,2.6550027685036186,640,640,-0.05019994026985408,0.19172539869385818,-0.25055601034620234,0.48443785287725455,-0.023746899386655862,2,,0,0,,,,,,0,
3789,0.5745660593133182,1532,1532,0.37979332850799463,0.39989878763026665,0.354795567481192,0.2858621296009843,0.31125283878126225,2,2.07559464604149,1118,1118,0.2978035385035088,0.11547404989189969,0.31526063849240843,0.08250734815165672,0.12755846627402245,2,1.5010285867281716
3791,0.811762702913175,1789,1789,0.5727363368964826,0.7280369103050728,0.5463238311731982,0.05539952011146008,0.65678021350507,2,1.2287050646371807,4756,4756,0.5776015461058852,0.5213875564595518,0.583547130796125,0.08791030534607183,0.5059584006263382,5,0.4169423617240057
3792,0.4310822540742325,1966,1966,0.5049700622169426,0.6353542661952563,0.47958209523732503,0.10763965513456122,0.5643111692037575,2,0.700167864563129,5457,5457,0.6844700766907728,0.7078511379624419,0.6794648335127429,0.03293924410526714,0.692377712620609,5,0.26908561048889645
3796,4.379682865444685,1669,1669,0.40792286985451864,0.37367666630776886,0.45515399662803485,0.09677899084381973,0.4439439006910963,2,4.819131297742909,4270,4270,0.2107784789469136,0.10596277050417524,0.3939126154210576,0.24490284446609217,0.2984376243635066,5,0.4394484322982244
3797,0.7202966701036587,1084,1084,0.158715548606296,0.486575037021278,0.19894860343459037,0.12931067541602534,0.5105306612980295,2,0.6412480199840003,1342,1342,0.25393238312408706,0.4994417052819069,0.25110936740793827,0.11411333854569762,0.4684474839468427,3,-0.07904865011965845
3798,1.7772424449418338,1337,1337,0.4208357707322328,0.37011664680268463,0.3823168762955722,0.06507665808878343,0.3736274612398239,2,2.1199513440401065,1759,1759,0.3613069678122198,0.29855532120493755,0.36555661180100385,0.3196943014477157,0.14812048007324863,4,0.34270889909827273
3799,1.5507937465076604,1352,1352,0.26737083124841443,0.37037622404302595,0.18908501695806068,0.13120442719238082,0.4453927363101839,2,2.4568549878623043,3592,3592,0.49095090494344884,0.39265566974877275,0.4774737666039817,0.1768309123058284,0.38013482893806494,5,0.9060612413546438
3800,1.3347644465585324,1301,1301,0.40905699482009816,0.4127666472825431,0.4330974867645952,0.05305430114833256,0.4191592672765099,2,0.4790195457334089,86,86,0.6045751345901358,0.7886386919728734,0.6045751345901358,,0.7886386919728734,1,-0.8557449008251236
3802,4.419703543768189,1549,1549,0.2416850176408588,0.09142560234546271,0.24084674207199586,0.005736307966314299,0.0618060492843997,2,4.965710267981727,3531,3531,0.2406969771226628,0.075944760711815,0.3199956119037405,0.1447105529820479,0.20024041609409443,5,0.5460067242135382
3803,4.3479824531531275,1339,1339,0.15850940197380003,-0.0784959395144007,0.15660178690316628,0.007825429434743264,-0.0929281361387414,2,5.14634728916758,3635,3635,0.2217187835733767,0.027371103056461843,0.2711731661892195,0.15151833019240765,0.08096068941772953,5,0.7983648360144526
3804,0.2640360488998547,1192,1192,0.4186525793910797,0.32889605588459225,0.42642390951717757,0.034738787230840396,0.308290894902027,2,0.3280855674281072,3295,3295,0.43056591105130104,0.31855792723441567,0.3831535153024116,0.086755186253534,0.2980824690798766,5,0.06404951852825247
3805,0.9776138039703808,117,117,0.1878756987924839,0.04404347208631276,0.1878756987924839,,0.04404347208631276,1,,0,0,,,,,,0,
3806,1.87989199089912,632,632,0.17197469720770542,-0.11931719483617176,0.1654550112004599,0.03770518622109487,-0.12538511739307956,2,,0,0,,,,,,0,
3807,3.3918437773108625,1030,1030,0.4199447301588518,0.16609148499775372,0.4187046477115281,0.04350750628569221,0.16194315619548877,2,2.0036710919485747,2367,2367,0.3763514297055577,0.23291776697786915,0.41917089263538154,0.1339110718216048,0.3559458007792301,4,-1.3881726853622878
3808,2.2362577714961747,1047,1047,0.2718545665872689,0.14100431414268666,0.3358297321972708,0.1451622562654058,0.25842688833879773,2,,0,0,,,,,,0,
3809,2.7117558912106086,1258,1258,0.3325579601659364,0.19798327947197014,0.3359169116877522,0.021835184803904454,0.1953289212221367,2,,0,0,,,,,,0,
3810,0.26499870947132864,1306,1306,0.42377012534589653,0.4125966469054846,0.5007173821162916,0.17742596946873573,0.4670033337349174,2,0.2590354735759564,476,476,0.5650969200225082,0.4969025706503337,0.5650969200225082,,0.4969025706503337,1,-0.005963235895372232
3811,1.7298228844657848,1262,1262,0.555597747443453,0.6258186948589062,0.555102523621783,0.023703390419947422,0.624563960976211,2,0.8483490595552067,843,843,0.1262857877758511,0.4708953626503789,0.11238871703567627,0.1258604339685,0.47909410665211905,2,-0.8814738249105781
3812,0.24359752029618797,816,816,0.47568412816124883,0.2885634089572606,0.4794815990188474,0.03268338178627772,0.2944004216032053,2,,0,0,,,,,,0,
3813,1.1610394806534357,879,879,0.49495468857472,0.33742448445334483,0.5277794799266902,0.22099012547065475,0.36539601506545766,2,,0,0,,,,,,0,
3814,0.1391224645287129,1667,1667,0.4986345969785754,0.45518912290728875,0.45243011921139736,0.13267095211681457,0.3916977219714025,2,0.13428041140660452,4274,4274,0.3544997918454835,0.2579167281504491,0.3393533596504772,0.10735714749508818,0.31420063554440025,5,-0.004842053122108392
3815,1.0570264307058062,1397,1397,0.23074951512034492,-0.0038049613369588453,0.19178761101637526,0.10046267430694257,-0.0408632094095529,2,1.05232802269902,3805,3805,0.19680005559874114,0.027964439536665275,0.1422545735176993,0.17758877853371355,0.06330994481051808,5,-0.0046984080067862255
3816,11.042241475498193,1257,1257,0.11026838691595897,-0.24646729335006268,0.09938677988086009,0.09775749917601277,-0.2522430830225215,2,9.96786086554773,3130,3130,0.11917435990437342,-0.18905516182024829,0.12091524470357617,0.16214213152546328,-0.13730236422018566,5,-1.0743806099504631
3819,6.71887846837789,571,571,0.2240990051075985,0.09560228314157393,0.3432273017439876,0.28706989047335146,0.20317609362139943,2,,0,0,,,,,,0,
3821,2.863984305394644,550,550,0.1963896743870096,0.06253022106492101,0.16480950323956733,0.040069004560270086,0.07410311515124468,2,,0,0,,,,,,0,
3823,4.050919975471804,513,513,0.1492490661299607,-0.09669870857324558,0.2479559656278177,0.1501711269755416,0.11687443357626714,2,,0,0,,,,,,0,
3824,2.0108724685222876,1326,1326,0.23817179197496496,0.12904518410223653,0.24081470068535882,0.2788415824678242,0.044947435331300134,2,2.555591181633728,3675,3675,0.50824261149381,0.5039703677344212,0.5475474815393213,0.12688420234031594,0.4662226608199087,5,0.5447187131114402
3825,3.8331165275183694,1349,1349,0.2003802438773008,-0.023455918652947272,0.1970909749912192,0.1909747021920402,-0.015317512023286461,2,4.5224012795549635,3073,3073,0.27929853135134586,0.07125547922398234,0.2807395417350124,0.056336673313872064,0.055008117586144635,5,0.6892847520365941
3827,2.1076521475958017,1227,1227,0.3043489053896107,0.12520092224003532,0.25986945336466266,0.2923091387310372,0.029005451628623335,2,2.708891526972872,3279,3279,0.280666553786875,0.3180276875572945,0.36289225759789534,0.2506472226894318,0.3980183328940782,5,0.6012393793770703
3828,1.6647135526455878,1473,1473,0.4266045789748979,0.48262924465903956,0.3734124673655578,0.23048887976534355,0.3245593044459346,2,1.562515252678695,2633,2633,0.5241831755296872,0.509383036732299,0.49182816457502865,0.17487214670049023,0.43291514535648806,4,-0.10219829996689289
3831,1.7767881964246959,1272,1272,0.43393578638572383,0.43430414275931795,0.39924409583762277,0.19470066185149812,0.3074176756798825,2,1.831653257012506,1881,1881,0.5150214692042464,0.4283388106356849,0.3567729753950897,0.3023093575595682,0.1875133799717992,4,0.054865060587810044
3833,3.3765666919725503,1014,1014,0.13498881065721136,-0.10069905921162725,0.15542048831487593,0.047583285470436755,-0.05373328342378603,2,,0,0,,,,,,0,
3835,4.682351662081217,1291,1291,0.10654032519352608,-0.09820020383523742,0.1919278987718256,0.12792277855197148,0.03176642293457105,2,4.764171413120458,3506,3506,0.1839097013659473,0.022485657615384902,0.21444101122038126,0.09406297013422647,0.044044011653695314,5,0.08181975103924088
3836,0.4455691685157639,1144,1144,0.5516433381516703,0.5081181756610486,0.5902163274901708,0.0942725232658922,0.5859241078211761,2,,0,0,,,,,,0,
3837,3.9908652311428585,486,486,0.31330721607049594,0.22366324669934845,0.23384082824162827,0.14245538400342614,0.24410353908557908,2,3.7395221460499193,3343,3343,0.4340964816841507,0.28132589885818005,0.4332950131950654,0.12613354690186881,0.28001466208655745,5,-0.25134308509293923
3838,4.356985035052172,1582,1582,0.2766947890687307,0.0631346126381156,0.2722229328246663,0.029409047943538654,0.041867328901258605,2,4.522825362246705,4380,4380,0.21612947999231158,-0.044264876012375165,0.22752040968666373,0.04923034804149694,-0.014773014776117943,5,0.165840327194533
3839,2.121537253350667,1634,1634,0.3294524238325075,0.3304715854413559,0.3319123947746789,0.043051655070828275,0.32777428740995973,2,2.430233062361071,3144,3144,0.13958676613599796,-0.011037023772074717,0.3385647735669999,0.17179071173409083,0.2401018369390858,4,0.3086958090104037
3840,1.9311585771817752,1307,1307,0.24678771085427842,0.29016437803210937,0.2380597559506456,0.024656267665075227,0.2265905098486048,2,1.8234302722083764,2489,2489,0.4337017951196418,0.34223197493379565,0.337856058594056,0.20067636445144077,0.29192175787567826,5,-0.1077283049733988
3842,4.087599382908561,1132,1132,-0.07654367142723628,0.3158522278486958,-0.0098441131510007,0.2729655875678552,0.18183698311220636,2,4.021942986848025,3463,3463,0.39604723905100003,0.2095406417260529,0.30553885984913304,0.19469629641193512,0.21872279616725737,5,-0.06565639606053608
3843,3.568063200254873,1592,1592,-0.030236238639735236,0.3466917814277386,0.004069605529510301,0.24974881378483563,0.18123279454399033,2,3.3424355927836302,3529,3529,0.2337492034460774,0.008148909015190942,0.1869304914010885,0.13972681110689142,0.05539863079045824,5,-0.22562760747124289
3844,0.15493580758166062,1139,1139,0.31304628753794406,0.3089905530573668,0.3102988720669384,0.003222175453741533,0.34918829314222977,2,0.16307558096697986,3540,3540,0.18330989109039153,0.06952696981108719,0.2264318685600218,0.11210357335036869,0.13659428904263504,5,0.008139773385319238
3847,0.9189430977293126,1262,1262,0.1768842845967279,0.15149645109030374,0.17993181386842427,0.006334709575414696,0.1665210389428909,2,0.6677174806614891,3857,3857,0.31010590973124297,0.14495340551109226,0.2807974858879,0.027312742597857372,0.16561301704347328,5,-0.25122561706782354
3848,14.793995430181315,546,546,0.06349743201168778,-0.22926711900886843,0.11105654156434208,0.08143843503995313,-0.09926895586666995,2,,0,0,,,,,,0,
3849,16.68833114014191,588,588,0.0739374172064462,-0.1069159435607141,0.06803501456292871,0.03779887068962696,-0.061325790161260885,2,,0,0,,,,,,0,
3850,13.487016086212039,589,589,0.10284541154859128,-0.1512043217515988,0.11226213890303255,0.017444830831673693,0.09077102478300408,2,,0,0,,,,,,0,
3851,19.047800669731533,621,621,0.10886206115646868,-0.1941768291934518,0.10494475993511576,0.037221553211035235,-0.18976031717551234,2,14.009513273567327,1057,1057,-0.018280608475977456,-0.21645780974667428,-0.11298787215657233,0.335644380544219,-0.15242050343861163,5,-5.038287396164206
3853,14.297706237139169,805,805,0.0790710905906532,0.23574612349139845,-0.3618875215061093,0.8869638953646625,-0.1109686408651071,2,,0,0,,,,,,0,
3854,11.266585124025154,944,944,0.16369383826327977,-0.084214219491058,0.2042187394018819,0.12567209771200621,-0.02866620435777978,2,10.113047275795974,2693,2693,0.03820387299014305,-0.29990332461766034,0.07323841333085046,0.0805769286904932,-0.189990745975184,5,-1.1535378482291794
3856,5.263014415899913,720,720,0.19990087103876597,0.07405643298876985,-0.08753481971376137,0.42135937427904074,0.13482262612617885,2,,0,0,,,,,,0,
3857,10.828112078213957,586,586,0.10743247135102696,-0.10551018519363375,0.1373561246371272,0.060392305676960974,-0.09908432290746527,2,,0,0,,,,,,0,
3858,11.731440484580432,526,526,-0.08786858576264245,0.24965432184269898,-1.0884970078543916,1.835897705932502,-0.106434012272422,2,,0,0,,,,,,0,
3859,3.690188173863025,1027,1027,0.7577901474083427,0.7164059377670704,0.3692754948680329,0.5651653685887117,0.5276724478215649,2,4.1566444392404,3346,3346,0.5855089155174169,0.42480426728705534,0.5224720640496695,0.20072008268406613,0.3238681680589047,5,0.4664562653773747
3860,2.49519437052643,1184,1184,0.4742493410416747,0.6291677292164359,-0.4698053031245635,1.396703972595057,0.21128475410516878,2,3.2387553475126976,3588,3588,0.6624022660795195,0.5671192831422794,0.6293727184563401,0.11569657374248252,0.477545838554598,5,0.7435609769862674
3861,1.831005186163944,1130,1130,0.3603956911826297,0.5198652826240634,-0.41672504072523425,1.188238048031924,0.20668624821628911,2,2.716647144957763,3580,3580,0.47991690394946074,0.4189697862922327,0.5117291275368894,0.2741193041113023,0.3375371392017284,5,0.8856419587938191
3862,2.318912451429402,510,510,0.2420813272829857,0.3339543241413826,0.2646480439018944,0.05697625409759432,0.34500028305938607,2,5.110906078588878,1191,1191,0.5305072396100106,0.6712318080391352,-0.04176097138539514,0.9116718993167175,0.4174982039592159,3,2.7919936271594756
3863,9.86602159010401,229,229,0.4024696850352625,0.25747686725164254,0.4024696850352625,,0.25747686725164254,1,5.6847001259260646,1106,1106,0.09659210328840906,-0.16104280232037693,0.0407701653098306,0.20621492827534915,0.05003643648197148,4,-4.1813214641779455
3864,7.3107702052627985,343,343,-0.10679539825759421,0.0202481045127767,-1.047297618922237,1.4531888612565698,-0.8768746224752054,2,9.23443755112547,1439,1439,0.13166797849770384,0.3757918408299046,-3.176312042918621,7.521951451324379,-0.05605761914236844,5,1.9236673458626719
3865,1.1462789754670588,752,752,0.16527319341909974,0.4929158500517081,-0.15780008153875358,0.4632796964842921,0.26649807125432273,2,1.0057723734115374,2538,2538,0.5906293403310228,0.5475974775800427,0.5303836560641612,0.17267031865800916,0.4977168761188654,5,-0.14050660205552146
3866,3.3634341571395048,526,526,0.13497918991704871,0.35866241786888586,0.13658814858951146,0.03845745927073845,0.18200492145017078,2,0.7418739326949512,715,715,0.5509769692131049,0.7272014323585481,0.5734148188858789,0.3963871663978327,0.7064248202424434,3,-2.6215602244445537
3867,6.518285277574053,1191,1191,0.39470051198431955,0.18194251747691403,0.3261826855298083,0.15640709121735713,0.1036751832625391,2,5.49259173087707,3793,3793,0.24734056356867196,0.012691951379632416,0.23632754013909976,0.12568779466741603,-0.0011015680624442137,5,-1.0256935466969832
3868,5.067694027754188,1107,1107,0.29061292209369105,0.045480325323809634,0.3084235511612683,0.035240608964784745,0.05297125660122898,2,4.84747819964261,2805,2805,0.22788877266012075,-0.03061218034725699,0.2279527312112643,0.09264338088443554,-0.03408262810134375,5,-0.22021582811157803
3869,5.456455761108174,1316,1316,0.2641157279112689,0.04959118828394804,0.2659298347765908,0.005643226726403602,0.0470144027846815,2,4.892622198272503,3386,3386,0.24694384069938358,0.010063041890880142,0.25742898894293276,0.11431590267311618,0.006812962179589532,5,-0.5638335628356712
3870,2.464027185214518,1396,1396,0.08664636137981074,-0.037086789698412614,0.08696856631530575,0.09536865200062397,-0.10386805480106037,2,1.7797619980612223,2888,2888,0.33001774654454763,0.2503591658601211,0.33463946903666225,0.11113564405208977,0.2879407796241836,5,-0.6842651871532959
3871,1.0755602369225878,1216,1216,0.15348941628108104,0.0240245714392211,0.2658227366924459,0.19173678404453123,0.19010683298268105,2,0.8499155519443222,3106,3106,0.3351273537936037,0.1790497720741976,0.3273473639557555,0.06274271162608402,0.17170521682688936,5,-0.22564468497826562
3872,1.0299933580368352,1397,1397,0.17409329568344056,0.19444767409878205,0.14008089082143554,0.048739214771055285,0.16683851488614876,2,0.8744667484457218,4048,4048,0.26574623890815796,0.10056120255137724,0.2682093593949072,0.15480778075400475,0.13789582268518302,5,-0.15552660959111342
3873,16.198545622681806,373,373,0.3468095921912855,0.03356647108915056,0.21862228043462284,0.1776945619528122,-0.019078225332807452,2,16.29559607363255,1221,1221,0.0718086441246254,-0.05040576729965496,0.1609139162884448,0.12703716228663792,0.05350380889478526,4,0.09705045095074283
3874,7.158694521188736,100,100,-0.13549801535619355,-0.4128837483395633,-0.5822896198259876,0.645622736468672,-0.24126721964279574,2,6.967550040622503,403,403,0.02525751793775899,-0.24678052831683983,0.183328210413771,0.4059754465108003,0.19065447745790318,5,-0.19114448056623345
3875,19.0425173969966,489,489,-3.6298073805949276,-0.44685845441324745,-3.3168308157050084,1.7223065405493727,-0.3654252196683868,2,13.391624236929006,232,232,0.14487825657447984,0.22815425318464044,0.14487825657447984,,0.22815425318464044,1,-5.650893160067595
3876,2.2960228884690688,266,266,-1.339502852800103,0.12265622560252643,-1.2837136822220925,1.956130193545202,-0.0888812195498127,2,4.510248632992015,119,119,-0.2333425729341123,0.25146080188532793,-0.3450721247918855,0.13630788595351628,0.05352604402523945,3,2.2142257445229463
3878,9.585998413581697,63,63,0.00238502766049431,-0.4587327028378263,0.3054867973081222,0.4485750307285343,0.09022574875792749,2,14.696766657854921,186,186,0.19896885196633352,0.04353371794216365,0.12140900951340375,0.23495433529694712,0.00016677939016790377,4,5.110768244273224
3879,22.11938273649071,428,428,0.2837102344215149,0.08685748099564694,0.293711989045533,0.418489143355245,-0.04802871968122013,2,16.211248430168617,1027,1027,0.04492859638160818,-0.242149747933589,0.13283100559754246,0.24173281519987283,-0.07552783414690394,5,-5.9081343063220935
3881,3.8497315431183035,440,440,0.01662686032445604,-0.30574995378538583,0.015934469958956532,0.0014643407897859631,-0.29000692743361567,2,3.419922838537046,1183,1183,0.21491100436287403,0.2230189849336468,0.06264225268971164,0.23770726919633586,0.23788923481674223,5,-0.4298087045812573
3882,9.606158948010037,638,638,0.14663020872211463,-0.0033629419852170273,0.10179205920438827,0.11183507743138141,-0.07895976103410174,2,6.40649246643953,1378,1378,0.37351746514882367,0.5518240815539843,0.3048110543590519,0.23532360876512817,0.39412809530538856,4,-3.1996664815705076
3883,13.52583665707532,204,204,-1.481076761200483,-1.9648768775476961,-3.3936063902880105,2.7136643139310905,-2.1567286270657906,2,,0,0,,,,,,0,
3885,0.6633794577389425,786,786,0.04505980240508611,-0.09125930675537419,0.03661166511395786,0.022690233878184196,-0.0996915610351864,2,0.7749990453849611,2041,2041,0.08666788415137328,-0.0722801309553942,0.17938893950405982,0.16061987099671887,0.1290094045201708,5,0.11161958764601865
3886,0.8469412217911081,1004,1004,0.08168883921931047,-0.056984862218565135,0.09507354824688297,0.1005687798353784,-0.050303716348102434,2,0.9685326689407637,2373,2373,0.23600953192981766,0.1428927510540684,0.2648597265792458,0.1717472341161518,0.1631345195808562,5,0.12159144714965564
3887,1.183152780402848,1175,1175,0.17390984120241237,0.14163465048912438,0.2041927774017464,0.2675085581646207,0.0918876477844161,2,1.4967356016505318,3314,3314,0.2832009332935276,0.18492618173888553,0.33647518315772446,0.13251317816512614,0.2268802277073934,5,0.31358282124768366
3888,4.046033641999694,1099,1099,0.45512524705343027,0.3140494163493627,0.4399825395016774,0.028532262225484977,0.3172489422488819,2,4.5457485969427465,2621,2621,0.38979361142398006,0.34436194437534995,0.27646386568257475,0.41209274841967614,0.2510338574403225,5,0.4997149549430526
3889,1.142649514349977,862,862,0.4894505584782287,0.46984023000343944,0.43274680354049133,0.13276862507503578,0.3890878250215937,2,1.9683494454635853,2523,2523,0.4195739584513377,0.5528798313512999,0.3444087612977317,0.2917838953107701,0.4540547440732043,5,0.8256999311136082
3890,2.126205918702459,867,867,0.4567690941013799,0.30474354629530864,0.4176188467529046,0.09333695393166783,0.2695721448073328,2,2.483654680804762,2861,2861,0.5328867878316115,0.6682552440067777,0.5232476263211054,0.1475727313886649,0.5562499846498415,5,0.3574487621023028
3892,2.8040727342756924,861,861,-0.6015763497482933,0.2777866404722624,-0.541180526337816,0.19218828883068365,0.272392365462809,2,1.5110979170423247,2473,2473,0.27303326899176095,0.3456789630903755,0.236677815460372,0.13546418038518013,0.23230250159124824,5,-1.2929748172333677
3893,0.6899404103654858,1177,1177,0.11949931331041819,0.013742586608821439,0.09452982894005263,0.07419945646866821,-0.06123444716102111,2,0.5385538429827362,3413,3413,0.26617450420221733,0.0875054498358433,0.27420231476027357,0.18389700894953526,0.0904507871063738,5,-0.15138656738274958
3894,3.932268417609686,1100,1100,0.00029362035318780677,-0.3336053537650312,0.05463509821154244,0.09052875304226335,-0.1410773216462779,2,1.2427788670277207,591,591,-0.41819052245629074,0.06247706314359813,-4.360418630343184,6.490398259013337,-1.292351435141403,2,-2.6894895505819654
3896,3.4719089283305937,1465,1465,0.17957477069686212,0.10175923742822679,0.17445965818356057,0.01900798464331773,0.08388134381181644,2,1.80840577104502,3567,3567,0.24187677196187907,0.08997025712847673,0.2633213874575749,0.09943438244203769,0.1460496825281831,5,-1.6635031572855736
3897,1.7627280472538374,1486,1486,0.17418960136535044,0.0798535855236836,0.17106648312992362,0.04884751998964153,0.05444352889730686,2,1.3373603666175038,4124,4124,0.17752860423841188,-0.05303525741070203,0.18453374758440222,0.051996439910999975,-0.03176035159313049,5,-0.42536768063633357
3899,4.121394510003578,1160,1160,0.12245099084006794,-0.2000066895229946,0.12426437351207226,0.054009451257931454,-0.1996714721195776,2,1.8577083790014701,3245,3245,0.2015741773995141,-0.021780818481703434,0.19938702130303282,0.07385303933296915,-0.016198984968596997,5,-2.2636861310021077
3900,0.15779663216018555,490,490,0.2873523833377387,0.22486948217933322,0.22379275534061632,0.26999230843933714,0.15513346844312603,2,0.16310746355236255,1540,1540,0.162184897799329,0.1426170719548535,0.1280733684042597,0.357473409729136,0.26702452830763745,5,0.005310831392177001
3901,0.18749275487158207,385,385,0.39955561727553146,0.394030987005074,0.3688896593518586,0.14771991737552165,0.3393203486273882,2,0.19321187831449688,1269,1269,0.1445704983310716,0.0454746114543394,0.1182820293610471,0.11959492594195535,0.1833361923644653,5,0.0057191234429148086
3902,0.22174395521913215,403,403,-0.31336061217607236,-0.006692161358727411,-0.502238433327375,0.7750804831004312,0.058082927461662825,2,0.23741605726382867,1441,1441,0.14538992657173122,0.46101200048319424,-0.03289735650290354,0.24936984674013232,0.3373095149407568,4,0.015672102044696518
3904,0.2837318832104565,1084,1084,0.27279017546689766,0.20574555319535337,0.23215883945066995,0.0870588706088175,0.1564316660951548,2,0.24218489281600733,2965,2965,0.543147502528432,0.5535877025274593,0.518750760190035,0.23511352845600536,0.5123135289197511,5,-0.041546990394449174
3905,0.3956865874433024,1249,1249,0.4378465724481502,0.25732005686242654,0.37845140875826655,0.11971546054021194,0.22940238110756422,2,0.31787849664753426,3422,3422,0.5933536685364109,0.531634553658584,0.5313625299940965,0.20088809496369114,0.4712866684609077,5,-0.07780809079576811
3906,0.029554282527591957,149,149,0.3307880841472185,0.5949804560032946,-0.02203358378134168,0.5148683022577365,0.5812546767803014,2,0.026524380084463364,953,953,0.040557103482861234,-0.07615000874713074,0.20654226024206768,0.25891057540552187,0.381171967897004,5,-0.003029902443128594
3908,0.3090265401895158,800,800,0.2556526599641854,0.21999385533622406,0.36526750828524945,0.2541894292257,0.31840803447007676,2,0.24317390695767452,2820,2820,0.4064092422609995,0.4711512789626908,0.4747237113092687,0.3116553509131579,0.45391850573585685,5,-0.06585263323184129
3910,0.11419201564325436,1144,1144,0.3655191392060654,0.31359449655771343,0.41448506888392583,0.1132537713892524,0.35828495687860373,2,0.0861714224279324,3077,3077,0.5077827047851369,0.5356061065582507,0.428882998767356,0.17935215630911827,0.4419730832064256,5,-0.028020593215321965
3911,2.3331993653357608,1030,1030,0.20210097675152616,-0.045940688009807884,0.18922244290943085,0.16622335302578053,-0.0873422614745919,2,2.5382150625146576,3369,3369,0.28746273471809236,0.21005383825555934,0.24695249301829797,0.1798190385805233,0.14456354068429741,5,0.20501569717889678
3912,2.592123339522121,1135,1135,0.18629653549539382,-0.021455873742771248,0.18759615173429867,0.0030299931611683607,-0.007584340122285094,2,2.55932646276949,2749,2749,0.3920176830735127,0.1784543152473761,0.32927097512507686,0.13781535420363994,0.11725542456246345,5,-0.03279687675263121
3913,,0,0,,,,,,0,7.43043950230551,2488,2488,0.2725546307789306,0.022767321970540766,0.17940141990781378,0.11274030113094702,-0.06130494319617205,4,
3914,9.688702919006841,544,544,0.29608592132508516,0.3208471379368477,0.2097948794990332,0.1803883945301951,0.19437004212910747,2,5.539034860092083,879,879,0.012710030005007256,-0.16254350927344707,-0.4813967173545663,1.113225382795221,0.030514228010583212,5,-4.1496680589147585
3915,0.7739004877060098,269,269,0.2575781792611036,0.17870799226375977,0.2575781792611036,,0.17870799226375977,1,,0,0,,,,,,0,
3916,0.1835897834971547,212,212,0.07535995972158904,-0.1108186079184239,0.07607126657404778,0.22521626926584964,-0.09457339158364586,2,0.3445695273235048,1064,1064,0.4065418968479537,0.360549364282984,0.323431820842704,0.24743981005967539,0.19829839454729464,5,0.1609797438263501
3918,0.7902999945417649,792,792,0.23008451761509396,0.0826742224351058,0.20219215208232905,0.07658793910145995,0.04713337555703134,2,0.5818889760398984,1051,1051,0.1369521289203003,-0.05690559798947148,-16.60854284483936,29.269013943846605,-1.828039245256573,3,-0.2084110185018665
3919,0.35532346603771053,105,105,0.5707331375578684,0.45300162234023544,0.42851910760158,0.2509090816162991,0.2826183211390088,2,0.6878276355323865,619,619,0.4047159895514342,0.37967801368210263,0.14832322149785065,0.5349480597981083,-0.021619277172845664,5,0.3325041694946759
3921,1.263777102864937,872,872,0.3545710176952419,0.1729543787487905,0.282835364035068,0.11135375339891289,0.13672161389393472,2,0.7917002051830494,3026,3026,0.18753578848709807,0.11506093862833688,0.15683259929055182,0.15370120687645425,0.06891666926956201,5,-0.47207689768188754
3922,9.703524251262479,755,755,0.2938682098262263,0.201616275962739,-0.04774144451616358,0.6118702158485994,0.10042019405552349,2,8.892078338565808,1575,1575,0.1447185831425547,0.10103882200960645,0.1502673695588133,0.09047181911621502,0.1148934137645038,4,-0.8114459126966711
3923,5.519315388697478,839,839,0.04797693535019576,-0.3291614052963783,0.049261574849211565,0.026674320363349435,-0.31326860587257976,2,2.1748093421919465,2365,2365,0.08391980545020661,-0.2022975621647367,0.07617236153986691,0.06572800071401856,-0.2136459955469181,5,-3.344506046505532
3925,5.45946551660182,965,965,0.13907653727331515,-0.045152319942870056,0.16267458184098282,0.08063861366937257,0.009318547646040953,2,3.0901330095964847,2588,2588,0.1143095210606293,-0.09969502680986753,0.1734365917981191,0.10364255576176867,0.022884487694867773,5,-2.369332507005335
3926,14.351560809851406,835,835,0.021943739244302485,-0.4358500736164841,0.016278841402049438,0.014565872458842907,-0.4156161941529204,2,15.24485126222883,70,70,-0.0849660153957883,-0.4601506146821204,-0.0849660153957883,,-0.4601506146821204,1,0.893290452377423
3927,1.185005348289577,671,671,0.4361848212863678,0.7274396743629808,0.39453057636873917,0.17265664367970374,0.5017645694535782,2,2.9428208729546848,1865,1865,0.3856760861527456,0.49322858065384534,-196.498771374764,440.23448025418384,-5.6695383505951025,5,1.7578155246651077
3928,6.975073586591488,828,828,0.31458346563100126,0.45714890939148956,0.289023765918287,0.18730739375260708,0.38426375596442597,2,5.7440263534136875,2121,2121,0.36579258569468676,0.42137061444808166,0.26430655507757866,0.29696878189562437,0.14287881065096797,5,-1.2310472331778008
3929,9.570257484005518,1207,1207,0.30368569709460635,0.05060462272563604,0.2894971030771794,0.28693664324953466,0.0118636304405898,2,6.432292187610461,3021,3021,0.19627338815773498,0.010878729125979203,0.282255160703014,0.27806609289783096,-0.028035857220746287,5,-3.1379652963950573
3930,3.4794278470732327,278,278,0.22021981092789844,0.3202718969682866,0.23148904204189213,0.4374208304048278,0.13932115179281657,2,0.5172372853452981,723,723,0.06795450557061922,-0.021856712151314905,-0.03113962587831607,0.6784272091757906,-0.11424672539986244,5,-2.9621905617279345
3931,1.0427953797928675,641,641,0.38354000824523937,0.2409274153878902,0.3059438874172498,0.2618731480283344,0.18535373657051174,2,1.4173185904257155,2336,2336,0.5375217877303563,0.6840736411850443,0.46974555604739265,0.29055996338653645,0.5568481242131759,5,0.374523210632848
3932,0.24273982818371484,140,140,0.4235567613304221,0.3358358492811955,0.4187408428515522,0.0035980423313614228,0.30418910423445,2,0.27019875537371263,208,208,0.15897978828849346,0.07201978005108156,0.18827081909062904,0.8451866125691748,-0.2857590824947362,3,0.02745892718999779
3934,1.100926505542603,595,595,0.3758505588589647,0.20733667772509978,0.27763922013402326,0.1998809332624321,0.16166752176170457,2,1.0859919218365273,1982,1982,0.534058026978684,0.610785099463756,0.43003786757447865,0.16579765229738086,0.38737319452847546,5,-0.0149345837060757
3936,6.619554534958926,677,677,0.41496408362788817,0.6997585725021254,0.29447119289556445,0.38343003518427915,0.04102906142733859,2,5.755475599815273,1765,1765,0.09010128862502986,0.35640890159193483,0.09175040811016469,0.18608198939513498,0.15980791364689495,5,-0.8640789351436533
3937,10.902029705810234,1039,1039,0.10079431058259647,0.4466365397023846,0.0673519084793116,0.09312052030491892,0.004896884607160534,2,7.84499264959228,2703,2703,-0.41022614109691524,0.35833418010247964,-1.1813408910426744,2.878503131725206,-0.2914711829236699,5,-3.057037056217954
3940,13.480783481398383,1189,1189,0.047882434729413115,-0.1712690127553942,0.05679092108375727,0.05543681552656209,-0.16724195942979347,2,9.066599433853245,3261,3261,0.28754061304403133,0.1067349666036701,0.18909101391590338,0.14514465954761582,0.054017885194743376,5,-4.414184047545138
3941,3.4787162560827714,919,919,0.03830002139614286,-0.2867523236652756,0.029147927734207324,0.020959812111273825,-0.2825360316969465,2,1.888358548283577,2706,2706,0.12782302119031042,-0.15491963478211757,0.11689716531942226,0.0873925525229079,-0.16390252256457638,5,-1.5903577077991944
3942,20.17998923890819,439,439,-0.04161440421777818,-0.15280947789013455,-0.046556474162560924,0.023369993260795405,-0.1492845147368908,2,,0,0,,,,,,0,
3943,14.062044561156593,241,241,0.10522365337655304,-0.17390913338457104,0.073369727232794,0.039823852684954746,-0.2186080328236103,2,7.810652495484869,636,636,-0.0049763344766531326,-0.4469698966857303,0.042258282311435746,0.15846960994775797,-0.2805172786617585,4,-6.251392065671724
3945,0.26246157837078327,508,508,0.30928476322430176,0.18732230056243304,0.3307696248987969,0.08601801577024372,0.3535303159435514,2,0.7535077461819979,1377,1377,0.2971615820095914,0.1987260974460604,0.060066691618904634,0.25907088725199023,0.17539080957985176,5,0.49104616781121463
3946,0.6431191742826592,275,275,0.3178372075688307,0.34430855352224643,-0.026324842690338135,0.5302075870435886,0.27755438129347476,2,1.1831602776075703,1571,1571,0.12250172363573575,0.13250962348736872,0.060016403179949405,0.32240291617592004,0.052826384340173595,5,0.5400411033249111
3947,6.048758549712012,445,445,0.12309632325461972,0.44548507736729104,-0.27642078072162113,0.534193886288575,0.3495880023069156,2,8.992126872515108,586,586,0.3209263173460758,0.16490203869843667,0.058534936345628785,0.352118818374706,0.04532230162412489,5,2.943368322803096
3948,6.098630062333847,380,380,-0.11298363027819391,0.49185289462500204,-4.039820191739076,5.710435633213454,-0.45871432468320994,2,9.268125959813968,479,479,0.08317812037140149,0.3522313277116692,-0.13021999875703244,0.2813744158901023,-0.04117238619497347,5,3.169495897480121
3952,3.5243542254421514,397,397,0.21347437532031432,0.22926302733180215,0.1927688463228886,0.0003241385475912303,0.27329320555650655,2,3.2191664382050855,1111,1111,0.05916489062597752,-0.1060668476112323,-0.008901233554866828,0.26956318731234613,0.043083581497430856,5,-0.30518778723706586
3954,18.607919715331672,563,563,-1.857858762374669,-0.012421529012116572,-1.6575999800470351,2.6333723817163963,-0.0016204415202403233,2,17.202873982693102,1534,1534,0.017614943356559,-0.2817390484999438,-0.3924834056751411,0.8507639774848166,-0.0819833172027489,5,-1.4050457326385697
3955,1.4796286272375208,57,57,-0.0281384106898237,0.3925732305420545,-0.039676157911679055,0.21336527290960514,0.22819871775453826,2,1.7501817301729796,842,842,0.0013600573613083977,-0.09512820044259906,0.02150684701541128,0.3494318111224428,0.17665704275025468,4,0.27055310293545887
3956,0.6977255546136035,450,450,0.25627943677172693,0.18008804561427016,-3.4521609267037774,5.228037250524919,-0.5151864780041977,2,1.47986942285998,1382,1382,0.2645121795200831,0.1458690608808897,0.23897482672456388,0.10817587667905196,0.17058599512490905,5,0.7821438682463765
3957,0.13536842415730158,72,72,-1.0590460006298463,0.18132623890708544,-0.861618689107995,1.3163691805842435,0.04623281655754574,2,0.29156344106084986,244,244,0.005421482564039959,0.3649688993823176,-38.328461577623315,83.59277867853399,-1.0918528090303545,5,0.15619501690354828
3959,18.00261206415292,304,304,-0.007578318536989537,-0.3466756645196969,-0.017062142869062158,0.053293830719111264,-0.36468712680892,2,16.34527804981656,1070,1070,0.046357329993590324,-0.27394849224262896,0.02851146800463673,0.04185821020588908,-0.28200752339334795,5,-1.6573340143363602
3962,8.806679175463769,424,424,0.7715511420075563,0.5728438957170923,0.7332461358501658,0.11698383063964497,0.5222521382978997,2,12.044440248376073,1333,1333,0.651500505444259,0.7882928186571911,0.5823249302216837,0.1257895537166619,0.46316890257036675,5,3.2377610729123045
3963,3.860738577596335,264,264,0.7919550335237729,0.7988237079370174,0.7815970293860708,0.10662835212406505,0.718960285083445,2,4.3456209095129195,850,850,-1.339667788831235,0.03297978018670167,-0.23753534563207507,1.8493684398444707,0.38415499089142957,5,0.48488233191658425
3964,16.581339130938893,71,71,-0.00771804517999608,-0.1284638205584785,-0.016196949159650864,0.02716931761579279,-0.17633194012077136,2,13.217074506522085,416,416,0.4070301573769195,0.058217585032876884,-0.20745226397072014,0.6791246626852104,-0.2967828428238669,5,-3.3642646244168084
3966,0.9963689620213652,602,602,0.5981597244749886,0.639014617120117,0.5974620239671136,0.016423518667438984,0.6340226371243398,2,2.2581313913281496,1970,1970,0.5264108794499192,0.4177655260326917,0.3729798215481538,0.28568485762753015,0.25244552586208424,5,1.2617624293067844
3967,0.7021371578844854,790,790,0.293345806698583,0.31593456107573126,0.5777230507026766,0.4723288965934699,0.48296418092533727,2,2.091154987500156,2139,2139,0.5162133386545097,0.38817554427117307,0.3538387710450274,0.25089287624660056,0.2573993835828305,5,1.3890178296156703
3968,0.32262687682474694,502,502,0.19988501338167042,0.09244468779738024,0.2595879434802661,0.18267916258215447,0.16550696656948738,2,0.6748019254807701,1511,1511,0.1534085733023961,-0.02965080187243041,0.18550330064027026,0.08588780137757021,0.08016196060005534,5,0.35217504865602317
3970,15.343836556310238,46,46,0.4722395521183288,0.17204922084599739,0.4722395521183288,,0.17204922084599739,1,14.10761386361892,1115,1115,0.18899710635165923,-0.13714920260511687,-0.12905981860649934,0.4477588938595178,-0.14086229623460841,5,-1.2362226926913191
3971,1.6509958040930275,407,407,0.021147144958990283,0.027406794658033973,-2.035188419007741,3.001758742046063,-0.5811841836266702,2,2.8726268094092435,1567,1567,0.1557004301185615,0.1787113431784838,0.26545071886502997,0.1724934654183752,0.22492835385690121,5,1.221631005316216
3974,4.476802993521971,170,170,-0.0201043703256103,-0.29342757354238436,-0.03893038526415932,0.09874440888648539,-0.24535443796680545,2,4.917614898707486,738,738,0.08969280367059662,-0.08711028518286201,0.060732634827687225,0.095851300393664,0.13130126655144478,5,0.44081190518551505
3975,1.5034611197480237,415,415,0.11899127107293939,0.013786009696884038,0.13534266005963574,0.10265650337230653,0.023322737349870115,2,1.7281157100491025,1519,1519,0.2181860436604247,0.08394018125708869,0.23001108720061264,0.09181852874631072,0.1322087538954973,5,0.22465459030107882
3977,0.8631113969040208,981,981,0.546375443415446,0.4093130382061676,0.5675812678118605,0.08244038790288749,0.45206725099912953,2,1.201876642983755,2299,2299,0.5051392202677161,0.3266040770153812,0.47301964281313946,0.07645606952437586,0.3322807514835028,5,0.33876524607973424
3978,8.46398852473653,536,536,0.6250644233241895,0.4084584295191577,0.5848578231473828,0.09475517555669147,0.4190213928638359,2,12.583222918323884,1930,1930,0.44841585852362953,0.5011654475278731,0.36658672123152697,0.12101812592013185,0.34003154177486705,5,4.119234393587353
3979,9.213799922122844,968,968,0.7681629846791544,0.6730904318288483,0.7368892279845916,0.04753457320514633,0.5197809540407996,2,10.94597879693475,2343,2343,0.4267822760087283,0.24184009332992007,0.43630851979373275,0.14751285105190604,0.21708168632660763,5,1.7321788748119058
3982,0.05077256598106163,1112,1112,0.6664842135786828,0.7107373911548198,0.7204455949592885,0.17421832759731404,0.7325352231713695,2,0.04870439232192992,3439,3439,0.8513336775195619,0.9128179788532822,0.8489477523252571,0.042371494313954615,0.83227962071898,5,-0.002068173659131714
3983,0.1240385185378826,1566,1566,0.17598075928379597,0.11801421607622864,0.1742416313939365,0.010963026253110048,0.13052786912242242,2,0.128413182838819,4012,4012,0.08081928988937304,-0.08893497301955189,0.09796971966513694,0.10763215327084052,-0.03435080443085155,5,0.004374664300936401
3985,0.02433284661488845,298,298,-0.0700609110412751,-0.2037580021234935,-0.7627377862696272,0.9039617671176058,-0.2982414770148186,2,,0,0,,,,,,0,
3986,0.2636055224745052,411,411,0.12151437102304641,0.0377482078491812,0.1590005322522034,0.05767725385813456,0.29677509689315407,2,0.08165305911951876,477,477,0.503565373293833,0.4704911950446474,0.503565373293833,,0.4704911950446474,1,-0.18195246335498644
3987,0.03298345320888991,271,271,-0.3517005403495448,0.27143913011107557,-0.39084359250424194,0.2552311930423695,0.19265354437896492,2,,0,0,,,,,,0,
3988,0.010214781492173702,488,488,-0.8038779898136805,-0.2237814563650058,-0.7936158225044387,0.6072210869989348,-0.22083741360896902,2,,0,0,,,,,,0,
3989,0.01182102319728443,532,532,-1.2090399100052838,-0.04025795363513773,-1.0474209064666484,1.1779875554000598,-0.03993165594294834,2,,0,0,,,,,,0,
3990,0.020076039133006398,844,844,0.80266697389691,0.8872931014405422,0.7920950530536297,0.0695426739657828,0.8527776204185216,2,,0,0,,,,,,0,
3991,0.0216281813092018,757,757,0.8294568409847412,0.8097341134465692,0.8180097788117269,0.04107910734209313,0.775573149506831,2,,0,0,,,,,,0,
3992,0.029050270283591865,651,651,0.4948761579090707,0.5891037104809891,0.5072437794018338,0.22061141515283794,0.6079967176185538,2,0.03120322246104479,231,231,0.8274358046754102,0.8962833994412926,0.8274358046754102,,0.8962833994412926,1,0.0021529521774529235
3993,6.90846387382533,409,409,-0.05193685790409197,-0.32016392983600994,-0.351888872659439,0.6296734746911006,-0.26342646655817126,5,6.048647795238737,590,590,-0.06561720445090646,-0.34505524430913725,-0.00890553029423886,0.2878112441682804,-0.22344382688459047,5,-0.8598160785865927
3994,13.751629580733596,93,93,0.059477961598312756,-0.2710652212846474,0.09651236619232129,0.1561266161811345,-0.05127342404681651,2,11.07067807145621,693,693,0.12362032390474065,-0.13975729966123573,0.16289235538265848,0.15187944337782464,-0.12256042578373057,5,-2.680951509277385
3995,4.391715339963276,1203,1203,0.09950553261650574,-0.1000918864157565,0.04289031562069616,0.18676043064785222,-0.06257595081018703,5,5.496202461201511,1558,1558,0.10977466453405083,0.07144022868818023,0.05639477015313983,0.3015978402770861,0.09328840613939685,5,1.1044871212382352
3996,4.569671082450911,782,782,0.07985650830084823,-0.04720450069222171,0.006400303531525875,0.2326652391436856,-0.010040224167486756,5,,0,0,,,,,,0,
3997,6.651408072503418,776,776,-0.19537024110862422,0.21036770334605037,-0.2041290254463082,0.25733301979335027,-0.18409357204056576,3,,0,0,,,,,,0,
3998,15.364145073625776,828,828,0.2140993643628435,0.10911239455301303,0.23582305847539323,0.22154566827516245,0.19376522971941798,3,9.060167179014613,474,474,0.22680919183062442,0.23319612391268996,0.24202172032206584,0.09817143996646727,0.21143071570421015,3,-6.3039778946111635
3999,1.0253539769200466,3641,3641,0.5199265892152465,0.7463897392864349,0.4969114028247772,0.044951839959700646,0.53756554856281,4,1.2583071295886565,4426,4426,0.42454414678249863,0.4256277986271002,0.4179638982407877,0.17228741151856847,0.35867183175513684,5,0.23295315266860994
4000,0.8823373328782679,2468,2468,-0.14748779806663737,0.4418989015921777,-0.49533918663488263,1.5399917862917791,0.18899645886358787,3,1.2028999446930317,3242,3242,-0.16600726901394025,0.4786189356291176,-0.37879745512480123,1.5713636205865849,0.08156430129599664,5,0.32056261181476386
4001,1.900711840881694,3220,3220,0.12124709355677377,0.0836297692821788,0.20183348390862488,0.1678539429074493,0.1577962594973511,5,2.3722144249819084,2455,2455,0.31227400943687766,0.1744007176664495,0.32323583621203233,0.2122131539125645,0.17371016803610756,5,0.4715025841002143
4002,6.2937681374826395,1414,1414,0.195350753611083,0.016404298151116214,0.2243204297596014,0.18253412344832642,0.09877685386749908,3,6.6210360677730025,2262,2262,0.27233349671860285,0.10719653859378853,0.22514568885766634,0.20446481917002446,0.01265675351111295,5,0.32726793029036294
4003,2.5783298267151062,1217,1217,-0.15450766323984522,-0.06424307964405518,-1.4238747810194436,1.4882541630643014,-0.2622182735820199,5,3.364494111802843,9,9,-1.6009328835658785,-0.5699866700526264,-1.6009328835658785,,-0.5699866700526264,1,0.7861642850877368
4004,2.23716087990136,4647,4647,0.13315212501015627,0.027208483058945188,-0.14010057762009992,0.4207673161147225,0.12696887989951874,5,2.6955263062202146,3472,3472,0.2631025748386877,0.08279474955498978,0.22598687836301573,0.11801911591520466,0.07202359031526002,5,0.4583654263188546
4005,0.059712042744691836,4761,4761,0.5462177567832234,0.5055978474573777,0.4915486239317437,0.16112631624274124,0.43783982147579814,4,0.056019203164256536,286,286,0.6198526025013573,0.5728369012828158,0.6198526025013573,,0.5728369012828158,1,-0.0036928395804353004
4006,0.11277097517156612,1047,1047,0.30431681161156854,0.4887511373035073,0.26214163707499627,0.1936035717470745,0.3913242780937827,4,0.10099643008673892,51,51,-0.14419234529312108,0.2535827953890343,-0.14419234529312108,,0.2535827953890343,1,-0.011774545084827198
4007,0.042910708166127895,1768,1768,0.43942460414858353,0.5441874985344066,0.32353702620310637,0.2780976518140249,0.48118359348613443,4,0.03854587701603006,78,78,0.502752027417776,0.46040536617597105,0.502752027417776,,0.46040536617597105,1,-0.0043648311500978365
4008,0.9512944840174752,2874,2874,0.5479148595475065,0.6175405577122319,0.42337383351549274,0.33532115486551967,0.44699760065337824,4,0.9367570378630253,2709,2709,0.6864806319898171,0.6798242504584041,0.6765949122416949,0.08723216725820197,0.6462563119369409,5,-0.014537446154449851
4009,1.9561797909281828,1093,1093,0.5149860921371743,0.4327639184333324,0.44005839048002793,0.3333714468715442,0.32681189648998343,4,2.081677622733445,1160,1160,0.5146140722763319,0.3627703117116161,0.5531863936908596,0.12700363140565235,0.3794925101737331,5,0.12549783180526197
4010,0.042969295939210866,5188,5188,0.4569214522945215,0.6075055361253963,0.4534219341491547,0.12334962674208068,0.49994914383808275,5,0.03751109418616538,373,373,0.7127507161716138,0.6555504230578246,0.7127507161716138,,0.6555504230578246,1,-0.00545820175304549
4011,0.8480985398484567,1694,1694,0.5582075895744524,0.4027449600347506,0.5611485400619262,0.031444478333326836,0.4212875475120106,3,0.42875349676213326,2651,2651,0.677340494946539,0.5899187339048664,0.6521234780436884,0.0948688076165704,0.5375414569542333,5,-0.4193450430863235
4012,0.17099306951400298,2001,2001,0.76562328237788,0.7650027287790415,0.6921467434870813,0.12162343172856474,0.6530790867986506,3,0.19594305493700775,3612,3612,0.6306380563482561,0.5450858003688918,0.6663705574465817,0.13006807867455225,0.5647993157966509,5,0.024949985423004778
4013,0.05746212705913553,2119,2119,0.6657530911018666,0.801943629356757,0.659460746745252,0.1311937507470474,0.7548979051734254,3,0.05577012050811591,3516,3516,0.7398147427175378,0.8460442220002048,0.654355467948652,0.28702340899875173,0.7117298924008215,5,-0.0016920065510196217
4014,0.09635868924612995,409,409,-0.3555217681066769,0.30010751266993363,-2.177714581522802,3.600103787957109,-0.4256042276719522,3,0.1867556239689757,643,643,-0.06022381632268892,-0.4082132471157378,-0.6676355614194831,0.8692624456499347,-0.3998985489326574,5,0.09039693472284574
4015,3.5418943944289762,1865,1865,0.4870101448905988,0.645977732102669,0.38296427993507276,0.16735497484628098,0.38584308856571614,4,2.244946802559426,1996,1996,0.7828685209525188,0.8171120496697506,0.784527134008582,0.040654213188566136,0.6882254174770652,5,-1.29694759186955
4016,5.953537789695662,1284,1284,-0.0017692013976613463,0.5413877155740497,-0.12080577557928356,0.8020150532460236,0.13487100117547982,3,,0,0,,,,,,0,
4017,0.5897199031576341,4300,4300,0.5386975999295462,0.7308064942852699,0.5513062806872138,0.07711085853332274,0.5596904433933994,5,0.5527166871785009,3630,3630,0.7747364202474079,0.7223576734382173,0.6651547254468472,0.2855548101133938,0.5812583258689452,5,-0.03700321597913325
4018,0.20013606255964073,3848,3848,0.6527581491819617,0.8174344933790562,0.5679453532953292,0.19664975972871554,0.5874127236764812,4,0.15752272738397205,713,713,0.8355222573301193,0.7163013392557636,0.8355222573301193,,0.7163013392557636,1,-0.042613335175668676
4019,0.12373081256081384,3733,3733,0.6972835490965601,0.6790085161577805,0.665918842329151,0.10626394049004169,0.6803356394735223,4,0.09689751528722236,3842,3842,0.7783250918226111,0.7145090445596277,0.7920901185020829,0.05014141428684391,0.7148829834315129,5,-0.026833297273591475
4020,0.09957325865427577,653,653,-3.9893004860180223,-2.5243651995456577,-30.704736206731994,50.59366778461148,-4.593269271391728,4,0.12795577683815887,1152,1152,-4.367003728057459,-1.7994806419850011,-5.784268327942771,4.227619835896925,-1.8828766540603605,5,0.0283825181838831
4021,2.2264400280071692,515,515,0.16528001836681194,0.10207717780213299,0.10657615002519896,0.11471165408332329,0.02659258242812937,4,1.313170002215118,734,734,0.16146083996960792,0.19816747556682124,0.24736274406616468,0.18392742492113404,0.22596125625754326,5,-0.9132700257920512
4022,0.057526632358596334,1672,1672,0.6658950287404957,0.7136109019245829,0.5299549956463772,0.29062674489841905,0.5802956587634515,4,0.049231812268105586,726,726,0.5569637509070288,0.5210414234912198,-3455.769233910241,6910.784933941907,-6.142969849749853,4,-0.008294820090490748
4023,0.07755754392317822,1254,1254,0.5764176742140912,0.738409211573856,0.4807474497578651,0.23945374102808156,0.6114769984155322,4,,0,0,,,,,,0,
4024,0.05071550921383467,2275,2275,0.6199256122296113,0.5674533833899975,0.5558255506314672,0.1637621160700068,0.5015103200140818,4,0.04171393040642142,1250,1250,0.62884563831607,0.5659711728131016,-108.08020161796202,217.15583308034923,-0.6963007185330163,4,-0.00900157880741325
4025,0.05551549811245463,2093,2093,0.4415372836562593,0.40688782388083056,0.41003774247511016,0.24749489506708788,0.35738495022054306,4,,0,0,,,,,,0,
4026,0.08037444008150514,2637,2637,0.6946970855991722,0.7250120139341862,0.6415958049332209,0.17700153201737734,0.6301371288006974,4,0.06057111961003596,1193,1193,0.6441438800089223,0.6602294460268403,-57.19313904366008,115.4679709540742,-0.42940950886649376,4,-0.019803320471469182
4027,0.0766773878523473,2581,2581,0.6860294347201599,0.8224117639635125,0.6480986716060185,0.17804121941993295,0.7799232995359673,3,0.07420596086980669,2969,2969,0.36687548170170725,0.5686286910531475,0.11525083920084533,0.750209503122088,0.3882972209459114,5,-0.002471426982540617
4028,0.13472649375881357,3834,3834,0.4244481276822578,0.6146052030846516,0.46565287946738876,0.21731710737590101,0.5586560275306776,5,0.11282831990100867,2990,2990,0.6683089541657182,0.8220781508314016,0.577342306924604,0.2729258932854908,0.7151601314843672,5,-0.021898173857804903
4029,0.07375275599903156,1927,1927,0.5364172909094946,0.5438762235481693,0.5418809420864735,0.07011560584152488,0.531615331599651,3,0.07617596100697027,2606,2606,0.5459349148517892,0.5243714500468002,0.5438755742966753,0.11196260371982888,0.5426408498333795,5,0.002423205007938717
4030,0.07037081170588537,6764,6764,0.4485691644811486,0.402057018109921,0.46571688240526504,0.1584311066035052,0.4115775435295802,5,0.06754264977925029,5047,5047,0.5277024748617121,0.40551191567024214,0.54318474371268,0.05581152265064409,0.4181698123550911,5,-0.002828161926635084
4031,0.17299774137129698,2710,2710,0.17669369849673722,0.16655555617991868,0.05059100328911603,0.256211602033983,0.1036288727388838,4,,0,0,,,,,,0,
4032,0.2790773837886592,94,94,-0.09573151866708085,-0.0021955773437978277,-0.10108230231483122,0.1039148720488999,-0.08777190622936137,3,0.27391716837882996,3,3,-0.3207036996706223,-0.23381505170145944,-0.3207036996706223,,-0.23381505170145944,1,-0.00516021540982925
4033,0.5509449806988931,689,689,0.3499372902663611,0.30476726917693553,0.3666992951045076,0.20788279904758203,0.29266428355345686,3,0.30470207791465026,48,48,0.4023270182860601,0.35776021423790305,0.4023270182860601,,0.35776021423790305,1,-0.24624290278424282
4034,0.18736462882573635,1044,1044,0.18127328073729754,0.12990000913309108,0.22490421941778113,0.2375699525463298,0.14061352392584678,3,0.17153958909786665,1625,1625,0.29061773111558953,0.2436085925437409,0.31349092677229784,0.07162165847211827,0.30870895182779867,5,-0.015825039727869694
4035,3.8616455364199425,1711,1711,0.5186924525228842,0.6914631018236745,0.4995099087074113,0.07971078459139633,0.5327554537919511,3,2.44864526604305,1324,1324,0.5800812618743545,0.5946670521029696,0.5838954858693248,0.048886726243192784,0.5727621389293482,3,-1.4130002703768922
4036,0.05671502183947653,3988,3988,0.5887256130475385,0.6696886188676732,0.5207576669222939,0.16322422570581457,0.5134118983097655,4,0.05067344098223057,253,253,0.7369502637100387,0.6004656634446768,0.7369502637100387,,0.6004656634446768,1,-0.0060415808572459595
4037,0.544905678392985,195,195,0.1340735255553277,0.5061100575839268,0.14812112028010746,0.10825554660035042,0.25978484300510735,3,0.5847484677709559,465,465,0.38390186156478745,0.5188132721013956,-4.437423660626207,8.41700349801403,-0.5862163928764018,5,0.03984278937797092
4038,0.49485386504058293,367,367,-0.03643579727083557,-0.08139166061349923,-0.06459883931976684,0.18379396799234624,-0.13009249556572344,3,0.18930060735770635,7,7,-1.4156805117617468,-0.4047649625131944,-1.4156805117617468,,-0.4047649625131944,1,-0.30555325768287656
4039,5.974866159465335,218,218,-1.6095862231531073,-0.07206231914059202,-1.6273984564785249,1.7848603605873383,-0.5255239761895679,3,1.9682459390681724,23,23,-2.7445226270873198,-0.463625417011333,-2.7445226270873198,,-0.463625417011333,1,-4.006620220397163
4040,5.463659912021491,274,274,-0.4296032507777203,-0.08795171722310213,-0.7976387402115782,0.9960745589853139,-0.49398575558227403,3,2.129801238837995,19,19,-0.8891123335349065,-0.6644433846484212,-0.8891123335349065,,-0.6644433846484212,1,-3.333858673183496
4041,0.21213196039632426,2859,2859,0.48121896369015493,0.3885100053946178,0.460310882238305,0.10462217864589238,0.39130539089548605,3,0.257251159947593,4209,4209,0.5605651208231411,0.44223182627839674,0.5315705233048602,0.14358364923276515,0.40264547447598636,5,0.04511919955126875
4042,0.11830287250539277,895,895,0.2526360284239325,0.2156828574976386,0.2641316922396006,0.047468212702322224,0.24801310851546698,2,0.10464715896735258,1471,1471,0.5232854937514022,0.6099757628359423,0.4394006061122958,0.14260730443497593,0.5788608599733515,5,-0.013655713538040196
4043,0.9928390246849704,718,718,-0.028657119081721305,-0.28067560394237434,0.10637480730709936,0.31719146410957605,-0.043081960884537585,2,0.7131046976199268,772,772,0.36918545270802283,0.3762933204205131,-24.440286448815087,55.49363433190182,-1.198330655437081,5,-0.27973432706504364
4044,1.2265021372932192,1347,1347,0.4296560662811524,0.4987150708693413,0.20765509942153998,0.2767806337399989,0.15954513414776403,5,1.3934652767989033,1293,1293,0.6010022455808189,0.7034140642770221,0.17049115342087995,0.5985629368981532,0.05338495179365221,5,0.1669631395056841
4045,0.6581229889872316,749,749,-0.11004109622666602,0.4597166261526997,-0.2857463564072006,0.3765600173730843,-0.10393303914983029,5,0.5565601101793625,675,675,0.6334619937104693,0.8061991825152983,0.5007230941863364,0.3180880284682531,0.5645372489963375,5,-0.10156287880786918
4046,1.1280145688734309,711,711,-0.03364160157676532,0.058970981467433736,-0.5544941624180707,1.0544564315789644,-0.010957593713112512,5,0.8411712429653375,702,702,0.4496866785081096,0.6790725422870292,-1.0216512854303343,3.2404250799890866,-0.2176189304650956,5,-0.28684332590809336
4047,0.2994969881756686,3271,3271,0.34373792874468334,0.2631558645153613,0.23840092554045111,0.18808618108731326,0.15832162603780067,4,0.3350049953023627,3767,3767,0.5126032840298935,0.4239277648402803,0.4487255473031594,0.13711426195589876,0.40818749988307046,5,0.03550800712669411
4048,0.7591001813709566,1753,1753,0.3806103385400551,0.3891817643794159,0.2878302738620873,0.16140035261748145,0.27458615315788937,3,1.0991425019267684,482,482,0.5792977504334247,0.5135829020022474,0.5792977504334247,,0.5135829020022474,1,0.34004232055581185
4049,14.45832433507781,1132,1132,-0.04951622833412217,-0.6329554212893322,-0.045764032881042985,0.07451077545300173,-0.4079962288987214,5,14.918652455012003,42,42,0.08737350006661704,-0.1681934512719241,0.08737350006661704,,-0.1681934512719241,1,0.46032811993419287
4050,0.7887684843798105,691,691,0.38877206459982916,0.39525074073773825,-0.10021589793949037,0.8189617930288754,0.30837452646277547,3,0.6337162716668627,1235,1235,0.49601845718226867,0.5513972747590583,0.5967053309971888,0.3212481585640998,0.40640533640516063,5,-0.15505221271294778
4051,5.442215670262333,1903,1903,0.22191840084938041,0.11891126739516722,0.129501048752407,0.25058741800016526,0.013782542794232994,4,4.5651969091797415,88,88,-4.46429125373619,-1.6699140159035673,-4.46429125373619,,-1.6699140159035673,1,-0.8770187610825912
4052,4.615392946700255,780,780,0.5116318271150698,0.40824954622827103,-0.7650234293678748,2.30436276934531,0.15233619055401593,3,4.232548482304621,1684,1684,0.6279955855501207,0.41358490477645937,0.5837106481205796,0.22183736873600698,0.40245886889072713,5,-0.38284446439563435
4053,0.07654520683348294,2343,2343,0.4043712883126097,0.3649293721589879,0.3779644182934255,0.16553331552821923,0.3281452358266351,3,0.0840264422479542,3122,3122,0.4482317318698936,0.4622015903003218,0.4261547837774744,0.11204912644253592,0.4729758526712521,5,0.007481235414471266
4054,1.172838821534776,2003,2003,0.42553915512277585,0.47598385171121493,0.3564444742668191,0.24205492887703772,0.3354247009408396,3,1.2368497221275818,3225,3225,0.45643438801283853,0.7209553308545136,0.4514746180314438,0.052585996376077554,0.496402869330856,5,0.06401090059280579
4055,0.8902401123458231,710,710,0.5073938360036263,0.6547239241434206,0.4705677997105751,0.05827613452036467,0.5204065755021676,2,1.8161742738711553,1573,1573,0.20948590756006713,0.27476826271202104,-0.2228277655950353,1.1222112391199746,0.011548529116000728,5,0.9259341615253321
4056,0.46428007518227593,4063,4063,0.3072861406571321,0.14045877881990532,0.3167805157995469,0.17077465023825167,0.1423866595063731,4,0.3820969084657742,3294,3294,0.5164806507765585,0.3771884757996694,0.46507064153890776,0.13262047646254296,0.32943407432219673,5,-0.08218316671650172
4057,0.169412098127682,4672,4672,0.170896403360694,0.07073875125905038,0.2809914148371624,0.201547154666742,0.16298889669444044,4,0.17397531152020185,4345,4345,0.47518254546211436,0.3713030251791928,0.48161506926464137,0.16364811098124035,0.3926005479908059,5,0.00456321339251986
4058,0.10012558590356119,1830,1830,0.22190333478234636,0.16895065771092088,0.19096644706458427,0.1445878978197383,0.13198976052629183,4,0.09931988150477669,2299,2299,0.3452871784650956,0.2675195379266143,0.3469529372007874,0.07962927890132968,0.2799514572653032,5,-0.0008057043987844958
4059,0.164530402290765,3720,3720,0.2760308013016536,0.2089295359879022,0.35137281259177267,0.2638831501745787,0.23051516941358055,4,0.17633648354213935,4132,4132,0.6105095046834532,0.5545771855285164,0.5854711235648522,0.09945596221781641,0.5257422104469756,5,0.011806081251374362
4060,0.23444275662799824,3359,3359,0.25173114629306315,0.07357836715640553,0.2423655318881301,0.16673117877150181,0.08786682629905324,4,0.2742136177579459,3668,3668,0.4855420713375148,0.30669141305069914,0.460631446163507,0.20836506064706056,0.30216602095845835,5,0.039770861129947654
4061,0.1696574637556576,4081,4081,0.42045379148160056,0.3737318667479308,0.4009149785075719,0.07889973698442264,0.3368302986959135,4,0.17693042601015962,4617,4617,0.5299692371480922,0.4762505560012027,0.5046672719937243,0.11293813480956012,0.4472953220578349,5,0.0072729622545020245
4062,0.1402478209557143,4611,4611,0.3017523256309612,0.1731997209233911,0.2955860012688153,0.09728898502190425,0.16086662179108835,4,0.16304169882932065,4997,4997,0.4558111029795502,0.2964143983681531,0.42325298385870375,0.12521721276862072,0.2593577895428272,5,0.022793877873606344
4063,0.21984227432445505,2507,2507,0.4392489658593053,0.5171729799641475,-0.003828758387802204,0.42895335197441486,0.4665346527092356,3,0.3473860313568045,238,238,0.7578064535030274,0.863267771074695,0.7578064535030274,,0.863267771074695,1,0.12754375703234946
4064,1.4599298093710162,2730,2730,0.6029076533887348,0.42792005078538087,0.4801506542860345,0.26943789280415736,0.3234186357461557,4,1.4418370777926794,2738,2738,0.6402573438190171,0.4521179273693565,0.6820583891533172,0.11912955443702615,0.5119218414485069,5,-0.018092731578336796
4065,0.32367580126555223,2558,2558,0.36451709909619134,0.26962882708497526,0.2814290835746572,0.3104404787784944,0.1869764810259864,3,0.21577487755420846,2169,2169,0.3809514251128725,0.2729095749362799,0.3858242611723299,0.1299366278499801,0.26271283192986244,5,-0.10790092371134377
4066,0.10275565615834004,5151,5151,0.3202805732700753,0.26545720840769005,0.32388490528031877,0.17148353532520125,0.2407013093252264,4,0.09987095197090161,5267,5267,0.47734153259850254,0.39841104069519373,0.49270341189713635,0.08433330898064548,0.3982327152443624,5,-0.0028847041874384277
4067,0.10099636958703634,3933,3933,0.24037742341690205,0.15779094793067616,0.1671263424446699,0.3273193144288479,0.1610931444909757,4,0.09407073038829579,3746,3746,0.39232708153537044,0.3197732091142874,0.4190442137608083,0.06666610128650212,0.3424730491809552,5,-0.006925639198740549
4068,16.319424474276662,639,639,0.2140622410110098,-0.16031311504471257,0.1566577202942938,0.09795551858205566,-0.19861147307660199,2,22.577066510915756,32,32,0.09544005196688832,-0.19572800114062128,0.09544005196688832,,-0.19572800114062128,1,6.257642036639094
4069,6.165053488284934,510,510,-0.34474299716335177,-0.40508154115767936,-0.5094531620801189,0.3074757590369379,-0.2993929918226024,2,,0,0,,,,,,0,
4070,17.04996052537174,551,551,-1397.4654878761596,-34.90401438693714,-2525.8378976400954,3564.394554835587,-33.90863007766845,2,11.771311275161596,1477,1477,0.09286822344832524,-0.14103778961537805,-0.5813809732851785,1.6323307905981301,-0.26052697570902517,5,-5.278649250210146
4071,0.09962290027937169,743,743,-2.426515289210145,-0.3198435697969453,-2.5354723305751694,0.8793500983902643,-0.42743184285578695,2,0.14224122016952057,1696,1696,-0.24623055743492617,0.14263562564131127,-0.3514631083175078,0.25738090484184295,0.10209331448684952,5,0.04261831989014887
4073,17.44006869001211,1721,1721,0.15190487395240515,-0.09024343849913197,0.17589721286844168,0.15315036668194118,-0.05359139028908047,4,14.16081352059434,41,41,-0.025197157933257053,-0.2543780911025868,-0.025197157933257053,,-0.2543780911025868,1,-3.2792551694177714
4074,0.8357352926385688,459,459,0.3228598116739333,0.24720791642030115,0.4639726319215776,0.2686064975002457,0.3270907918040455,2,0.795482980168384,23,23,0.6090431717457476,0.4789099405852001,0.6090431717457476,,0.4789099405852001,1,-0.04025231247018479
4075,1.9045725340763349,1881,1881,0.37753087857351464,0.13858206589773925,0.3231068503692718,0.11352644750128849,0.08860738101630661,3,2.209605020379407,3043,3043,0.6688951450096354,0.5110783434621662,0.5838392191543578,0.18946580327560014,0.4212489847091831,5,0.305032486303072
4076,2.741616968597974,1840,1840,0.2553336432357771,0.39030006155671215,-0.06995344571908607,0.753721082079467,-0.007990688289912229,4,4.714311186811413,387,387,0.07775581982811786,-0.02357751128482466,-0.12182708269594728,0.22394254368272862,-0.1273564426056133,2,1.972694218213439
4077,1.5370572231679365,3166,3166,0.22655628258636207,0.5211850479538831,0.22171754519280273,0.17104813524714388,0.43785701469029165,3,1.8334794981326983,3837,3837,0.43707610337478797,0.25544365321297413,0.45894450975939527,0.20065150089945144,0.296024470969527,5,0.2964222749647618
4078,1.2970178812132056,4176,4176,0.08904633100992643,-0.05768820975542743,0.0749384813729997,0.273265017632076,-0.06468845255178353,5,,0,0,,,,,,0,
4079,0.6241162753487786,4171,4171,0.03214188987341571,0.15732561361333963,-0.3280203556748612,0.848227230530651,-0.09482283313963284,5,0.4402848226190717,378,378,0.3840884158076492,0.4579042769824969,0.3840884158076492,,0.4579042769824969,1,-0.18383145272970686
4080,2.0017991287992465,1319,1319,-0.6845695287887363,0.22449187074871735,-0.4329568619370321,0.8079445688118996,0.1781248744996445,4,,0,0,,,,,,0,
4081,0.6668385781796795,1261,1261,-0.4056529735524297,0.13930397553069862,-6.576209888729638,11.98348248299361,-0.4601901370564129,4,,0,0,,,,,,0,
4082,0.5967665758709048,3663,3663,0.2807241039876315,0.2019966272623307,0.199651919343466,0.19194368394000272,0.1450060103289625,5,0.6429063562000276,3805,3805,0.4025252515491641,0.29380544219820814,0.4252899435403502,0.15855636390768343,0.2960168920360346,5,0.046139780329122804
4083,2.168454775763043,1648,1648,0.2449669402641682,0.23061689195071833,0.13497280764146394,0.267119239019579,0.05605360527630878,5,1.5475420635323562,1863,1863,0.45994820817154836,0.5222655337328626,0.46001344065452415,0.16899847781222155,0.4633639927393518,5,-0.6209127122306866
4084,0.13367859792102055,3245,3245,0.2702269704444443,0.23534517478993378,0.27082828117048563,0.2283569930495986,0.19520564337368143,4,0.182796844244528,710,710,0.5497027363003992,0.3951725105650089,0.5704248893712914,0.04751491433834562,0.4003177136901845,2,0.04911824632350745
4085,1.2941007112921536,3046,3046,0.10466633221526589,0.009704764609737793,0.09390764334953627,0.15895287464996094,-0.04261135278075279,5,1.0139175321635288,2648,2648,0.39895611854639,0.4512676267656808,0.3692744984552425,0.18654731935687136,0.3926285532511467,5,-0.2801831791286249
4086,0.8665781515208317,1999,1999,0.07845714122178526,0.24246992627032027,-0.02129577753904166,0.2572809221664075,0.023294065517510454,4,,0,0,,,,,,0,
4087,0.09674709970538069,4971,4971,0.20600535465585113,0.11567978761926001,0.11641806750095918,0.258546306136524,0.20125382548468682,5,0.10857294740964898,4245,4245,0.1681674752174227,0.044949845136414646,0.3327846435769068,0.12927929117425482,0.23132027201582545,5,0.011825847704268297
4088,1.5671373181749928,1131,1131,0.4435349448076731,0.5771457316309465,0.37394597071482966,0.28217646171978433,0.43099771940438353,3,2.5601863570292522,1396,1396,0.11937900604818386,0.47570451905344047,-2.254698030326339,5.498706865808134,-0.4659805407235925,5,0.9930490388542594
4089,3.241361352692784,2025,2025,-0.022767440177600795,-0.056801023183877586,0.054863207588797994,0.16392769981753708,0.05553661176533662,5,2.7527772885748485,2273,2273,0.3856376813977178,0.15529338513919677,0.2767208578517979,0.16683757555960058,0.14950217202965208,5,-0.4885840641179353
4091,0.25751781768753124,2005,2005,0.33262250047266884,0.5363745097673669,0.26488243537362827,0.3251701245074615,0.3459524819612825,3,0.3648388782362197,3594,3594,0.46185507746582954,0.5770500207329798,0.43258409182112834,0.08749120074340831,0.5278659213843664,5,0.10732106054868845
4092,0.18017296259519908,4770,4770,0.2674668601231779,0.2346865743435157,0.09994539335610246,0.36759892037169223,0.18115415189333245,5,0.13235141092293404,3822,3822,0.38454155788280053,0.2851626089892981,0.4102009129508149,0.14389353398271373,0.32754444510697667,5,-0.04782155167226504
4093,0.09897587916383262,5103,5103,0.50456735874785,0.516240952871856,0.35591310629111783,0.2846293251335553,0.42368173928543007,5,0.08518479744582562,3584,3584,0.4787776032315696,0.4286834970582982,0.4397905406781277,0.21048593651188818,0.3898145196996908,5,-0.013791081718006998
4094,1.3838347931375585,1267,1267,0.09272877681065483,0.38984801740316466,0.1889383700834514,0.21905712030145974,0.3079684673321776,3,1.6198638374898624,2255,2255,0.4380437860080796,0.41982269029491814,0.3723740403587853,0.21313833612442218,0.29869517834554615,5,0.23602904435230387
4095,0.6402614338605036,2580,2580,0.4663728858309183,0.6676370904849083,0.39734953798285755,0.18308300751664008,0.5374192562233383,4,0.6968339812427865,3392,3392,0.52604345994887,0.5146056204703067,0.47840153579143535,0.12004308749649503,0.4542471250363379,5,0.0565725473822829
4096,0.29751561567632695,5328,5328,0.5053033127122248,0.605188108928105,0.5231024361142013,0.23034591949758101,0.5946685254543957,5,0.0765122996475119,3347,3347,0.671695344382683,0.6340551406268526,0.659244264153261,0.1054368636144971,0.61766984338733,5,-0.22100331602881507
4097,0.5233236060129567,4223,4223,0.47397664164333697,0.4697891178513559,0.3030189239218544,0.32237378417595963,0.42334574899093835,5,0.08932755698258338,2246,2246,0.5505477552174969,0.4561518175019904,0.5709742598592192,0.14771445134287015,0.45917333062657933,4,-0.4339960490303733
4098,0.44538833809743367,3696,3696,0.2182621836896611,0.23884423422021883,0.25724557176037777,0.33042103104823894,0.28254346550313186,5,0.11830504807319026,967,967,0.37227575995711115,0.38882201562656193,0.2869600790133583,0.4020424798063655,0.42628209991043325,4,-0.3270832900242434
4099,0.22155148340216113,3122,3122,0.27716764192384236,0.6043144193955479,0.18194617301943192,0.5924948397849935,0.5428363266799545,4,0.09404617678039599,2896,2896,0.5830737671422064,0.5300127583267491,0.5416117180881527,0.09404797069387258,0.4991144892619668,4,-0.12750530662176512
4100,10.09393573386414,1495,1495,0.3645386465130719,0.18964383516549987,-0.05291775951600722,0.48996019323364476,0.002180418849037691,4,13.78496057414568,2165,2165,0.019052214052803995,-0.2527319878428347,0.04089601792137321,0.13409942319813786,-0.1673974535687922,5,3.691024840281541
4101,0.10996167402200074,4403,4403,0.5960831372719555,0.5858758621321599,0.5732918919270852,0.06668781156490067,0.5986180321319214,4,0.12884167709613242,4264,4264,0.6211077511132967,0.5962665400211288,0.6623727044253626,0.16541753437948217,0.6395734996512399,5,0.01888000307413168
4102,0.14231308367563517,4161,4161,0.6018172235416654,0.5904218042513547,0.5876156746934299,0.09129302898247826,0.5650649090447493,4,0.11777332894745692,2066,2066,0.6363351370507249,0.666556375256653,0.6079803085914316,0.07405973842186579,0.6563178940402552,3,-0.02453975472817825
4103,0.15945689174227318,2092,2092,0.41766475598455055,0.541130344972908,0.18371144105649997,0.46220415867227677,0.27894393817853336,4,0.16158552781916133,2142,2142,0.3914818749462837,0.6932986847835576,0.12079879190999158,0.7171670475459285,0.5265660111401859,5,0.002128636076888152
4104,0.25769996457289496,191,191,-0.5134465875528906,0.14056987653740582,-1.8240610222398885,0.5891159549677715,0.0735865840502592,3,,0,0,,,,,,0,
4105,0.08068861913951961,33,33,-0.4225547187856751,-0.4076641928139215,-0.8658464349077319,0.2489948114338981,-0.3046042740771887,2,,0,0,,,,,,0,
4106,0.15118657700554058,2850,2850,0.20776584535569964,0.4427503579243167,0.04879914816976545,0.6306819023766057,0.3677560842270328,5,0.11927389114061188,2187,2187,0.5003170038661429,0.5749184672438029,0.20264038651380992,0.6632948646176107,0.48518889023434075,5,-0.03191268586492871
4108,0.11633853218950921,3605,3605,0.40957789595944794,0.6052427909169601,0.245936809457216,0.5216415601971719,0.476020438986238,5,0.14017165788367678,2543,2543,0.5411272890258929,0.6015892935353052,0.3375550969048834,0.36799917050502484,0.5354037646434111,5,0.023833125694167567
4109,0.10187049800830292,3977,3977,0.2678353317084867,0.21421264017450448,0.2915895998932001,0.14504438716009954,0.27304633119464955,5,0.11564429021204052,3136,3136,0.40190679834308185,0.36022984140676195,0.3821053404474412,0.21348855967417296,0.3549277101299123,5,0.013773792203737603
4110,0.2992111231582577,3609,3609,0.6295186191232094,0.7361543117164004,0.43828313798302615,0.27100778541158993,0.6453802083360987,4,0.32974293717233805,3035,3035,0.5302766801167187,0.7642894571308938,0.389652997810021,0.24721609639661338,0.5553244655040854,5,0.03053181401408034
4111,0.09432953626693204,4197,4197,0.5090315456693866,0.597168952411343,0.42375231270855396,0.23679074547085976,0.5563446987928824,4,0.11561490559333451,3215,3215,0.5871356097928182,0.5350583849137555,0.532018556535395,0.1374208989816813,0.520651555001739,5,0.021285369326402473
4112,15.2683381049453,1779,1779,0.24736531058774824,-0.0002757317947996718,0.11722523625825554,0.16273904957212415,-0.07117542134527186,4,14.513685375188663,1471,1471,0.20732433648188242,0.04123791341392724,0.2455631373380867,0.20752915683289302,0.02795456763473194,5,-0.7546527297566374
4113,10.336542048524038,1662,1662,0.011737889105131072,0.22504653088964366,-0.45467530671479334,1.078971327055193,-0.4867042374318328,5,13.231862463504603,283,283,-0.12579314060421098,0.14454423013227213,-0.04883738668477683,0.13396649926118115,0.09191344892369507,2,2.8953204149805654
4114,0.884029224871027,973,973,0.053695578400343,-0.09241411118373954,0.1858296240162843,0.18211590108366657,0.03441489606269651,3,1.1588233413904796,1092,1092,0.4173024804428791,0.22612943514314232,0.3289346636863673,0.2936888440380238,0.127517235802944,2,0.2747941165194526
4115,0.22899505994769906,4186,4186,0.34354962979447645,0.5455870864467232,0.18190169762066608,0.5675761367906028,0.42434803048333913,4,0.278491636402703,2951,2951,0.33438995791294934,0.24306665159125862,0.22668500240604872,0.5485794007514913,0.23963588709744302,5,0.049496576455003966
4116,0.07706520341162104,2368,2368,0.6622173001654508,0.7013205593223018,0.6348924557567605,0.07058484854053379,0.658959871388669,3,0.07705612280455582,3479,3479,0.6686990500384162,0.6346494287233468,0.6432962421999984,0.07794738235872561,0.616483282608052,5,-9.080607065226065e-06
4117,0.18632959537505087,2195,2195,0.47954700999323796,0.7336858486321092,0.49675622507277967,0.054588019036129594,0.699059157729096,3,0.2371150243238228,2915,2915,0.46192872064495716,0.5434207721870874,0.4770361569558503,0.16018622949556277,0.5513458338601767,5,0.05078542894877194
4118,0.15438637367931876,2115,2115,0.5900372977709718,0.6349231141681916,0.6055819737964121,0.059907460758578335,0.6115790198346607,3,0.15025002786019087,2760,2760,0.5058041305345689,0.488428762682091,0.4462620642927462,0.12524372675960802,0.46918875659283527,5,-0.00413634581912789
4119,0.18557507941947435,3629,3629,0.4965572090435755,0.44480044034967037,0.5101655732226968,0.10270094296609557,0.41706013912232687,4,0.23291819876494757,3992,3992,0.4580864785397688,0.3445188360023379,0.4614328543770075,0.09463268322671674,0.3540172287146482,5,0.04734311934547322
4120,0.21858403817133373,3486,3486,0.4744251989987791,0.6097293134083209,0.321461085738622,0.3415465057398735,0.49026558096928163,5,0.2792694262843751,4114,4114,0.4819779788170102,0.5102687280752023,0.4835527603956951,0.17313074085178545,0.4413074935872963,5,0.06068538811304139
4121,0.5763889105600214,3770,3770,0.4613524377031477,0.4630889208032848,0.4299498438325232,0.1661898692400517,0.43768905413505366,4,0.7428041462525165,3186,3186,0.4407339492070522,0.3477395500201199,0.37580190728076757,0.23861578799356098,0.2942751169122489,5,0.16641523569249506
4122,0.13055890974831671,1583,1583,0.4891910165535839,0.4580702365777384,0.551933131153845,0.2543673206801322,0.5418040001511365,3,0.1727531731993903,3240,3240,0.42731965600442834,0.36753007523918235,0.474670111374504,0.18217890900513717,0.3891420662156766,5,0.04219426345107358
4123,0.5164194784555202,4578,4578,0.28287222384630484,0.5682007939185452,0.3018516681493809,0.22596085394872073,0.48583656111800383,5,0.2569432974408306,2951,2951,0.5281377073668293,0.5169127850300057,0.4682645135205144,0.19166890247381077,0.44501637025057106,5,-0.25947618101468956
4124,0.3794629836358008,3534,3534,0.3014934923028527,0.5177167795093133,-0.06188835232058656,0.7011150105541931,0.40535258753337333,5,0.24502325392817134,2021,2021,0.2635667993991212,0.5373278291100119,-0.6027233052334895,2.04326270056136,0.16698673859906216,5,-0.13443972970762944
4125,0.1553452210433769,3055,3055,-0.2531633948211225,-0.33272020886827813,-9.85147781504869,14.344464281024518,-2.1343265115419467,5,0.12886267475676622,139,139,-0.13613529635202948,-0.16677716460171443,-0.13613529635202948,,-0.16677716460171443,1,-0.026482546286610675
4126,0.3785411076334378,2196,2196,0.08626758811844581,0.5739886168593664,-0.10158808279163434,0.4837477090674844,0.3841529583447672,3,0.5221569443451315,1446,1446,0.33727628549755284,0.263342266928172,0.2145333633046472,0.22478483249560102,0.2457673575571251,4,0.1436158367116937
4127,0.10299957695534602,2156,2156,0.15254544382938917,0.37750851347358216,0.1497816745306829,0.2800321099689104,0.33041520712855843,4,,0,0,,,,,,0,
4128,0.47802111908879796,4487,4487,0.1151148521761467,-0.03173961603178266,0.0816960653970796,0.25561838408075155,-0.013651657976253784,5,0.6255597797328536,158,158,0.10954731652659444,0.07817140805990908,0.10954731652659444,,0.07817140805990908,1,0.14753866064405563
4129,0.3489411441130188,3645,3645,0.26144045957329753,0.2681895786921865,0.013623937416327836,0.47785191769610635,0.1421729296135985,5,0.5140404157623623,2895,2895,0.5107676737445617,0.53622825801468,0.38570583225748273,0.20515116903711877,0.3437355244561761,5,0.16509927164934346
4130,0.42488585266212076,4620,4620,0.4358142003543036,0.5184486694613017,0.3285650464310477,0.3264181398352732,0.4711067707781706,5,0.6708799156549113,3547,3547,0.5813567941389027,0.5289226392491442,0.5487203472088916,0.10215855825038095,0.4604869707389681,5,0.24599406299279059
4131,0.30062125329648925,4709,4709,0.2871910831044304,0.2641402954887312,0.26177891636485207,0.17695385259584992,0.24540726156933196,5,0.1834827926210236,2752,2752,0.49361066385262076,0.3920982518509595,0.4884826707356235,0.13416670602419264,0.38170344156148,5,-0.11713846067546566
4132,0.44957545792623094,3091,3091,0.31542684525434317,0.45561264310994654,0.1834082292456339,0.33412801048361945,0.3974467413322159,4,0.8032291828012301,3101,3101,0.5826761528445298,0.5226490047242278,0.5655775055153623,0.058948120534793993,0.4698795993247947,5,0.3536537248749992
4133,0.4216299910901994,1970,1970,0.32715498622120354,0.5367130187687164,0.26870483324917455,0.21391025292022575,0.404629558117578,3,0.3508434180299716,1137,1137,0.2795783034857441,0.6507755724646974,0.2963035510397731,0.274506284705141,0.6238544529714772,2,-0.07078657306022779
4134,0.9067931245591019,4685,4685,0.08510613244050469,0.08336023072438392,-0.08069971468274606,0.40345192804658186,-0.20009827612114614,5,0.4060032653770494,880,880,0.3310770771650102,-0.045736425395060065,0.12130848722272214,0.40150456710820737,-0.2050448104672147,3,-0.5007898591820525
4135,0.23380040950908546,2806,2806,0.5211127671573881,0.5296494269029781,0.5334349604233729,0.08137962211646005,0.5251402458036195,4,0.19752714886811634,2518,2518,0.5682357528390664,0.729293218610396,0.5336267110183454,0.24558220795682117,0.6390433934675691,5,-0.03627326064096911
4136,4.587936968335414,1582,1582,0.4237198234592743,0.5671477634519073,0.38109051659350274,0.14908176813351268,0.42381546972697687,3,0.8826009392250224,1099,1099,0.223836903577032,0.6339372950924492,-0.010555496061624647,0.4787199970902181,0.16416168082786323,3,-3.7053360291103914
4137,0.22477993915742084,1295,1295,0.24292896698847966,0.14291355841474285,0.22241695168666956,0.0660332041410873,0.12491491453749996,3,0.2692195481753775,140,140,-0.22816848918655297,0.2602450538644785,-0.22816848918655297,,0.2602450538644785,1,0.04443960901795668
4138,1.9047158651103016,3186,3186,0.024500850166063626,-0.18264477139998547,0.08518612328376689,0.17126954919106932,0.06271647731175092,5,2.826971465360638,2605,2605,0.10776672835038326,-0.08457471720890486,0.155315320342305,0.04856830999811367,0.010028798223429858,5,0.9222556002503364
4139,0.0952467755563883,686,686,0.1680364965097122,0.3311958287772171,0.06139692066439861,0.3034998352553371,0.20449317772431075,2,0.26612272058423625,201,201,0.31763027855436143,0.43573433159369357,0.31763027855436143,,0.43573433159369357,1,0.17087594502784795
4140,0.0860454956629525,1793,1793,0.5978226049764506,0.6618344175250148,0.586288899838598,0.07294229104984139,0.5621909215598333,2,0.08080654921553408,3600,3600,0.6126425306595669,0.5975153128123216,0.6163497708993058,0.13881628691178904,0.6040771334873675,5,-0.005238946447418416
4141,0.05555127109855076,1456,1456,0.4454007039627679,0.5186087885723081,0.48327458813992835,0.18708980081464358,0.5162544600671536,3,,0,0,,,,,,0,
4142,0.26832171905870467,880,880,-0.028283081783087916,0.37054765485366625,-0.13091936252090075,0.0879553879039618,0.2525013379690222,2,,0,0,,,,,,0,
4143,0.4004779024168251,2544,2544,0.49720172375792127,0.7342242518182804,-3.714636296491158,8.142451423014364,-0.34808812579372667,4,0.36095186466117934,3027,3027,0.006435058598906029,-0.27868164390871897,0.4582912379828035,0.30643281725512383,0.4529343694243496,5,-0.03952603775564578
4144,0.940020091906225,2124,2124,-0.27684160182207385,0.4279416965535192,-0.2814205084922266,0.16378685524938952,0.37097301642659425,3,1.5450927441645226,2549,2549,0.2266427062166393,0.5684575407895027,0.13609508971622483,0.2657033841499786,0.42754469916721716,5,0.6050726522582975
4145,0.8078499732087979,3832,3832,0.3469524628782126,0.3388688527326186,0.2880306274308704,0.20358447199314272,0.13986160272278952,5,1.4376441087140592,215,215,0.6332147049698664,0.5839258383225878,0.6332147049698664,,0.5839258383225878,1,0.6297941355052613
4146,0.2658003283245337,2448,2448,0.0809033378255144,-0.07341069441552239,0.1822734198700353,0.23422169733245712,0.029985463072209707,5,0.2821737908320225,2020,2020,0.3049200342787134,0.16218255158495265,0.3931492465034318,0.14355054747978951,0.26730746584933057,5,0.01637346250748878
4147,0.1299769473982684,4401,4401,0.35712497442574476,0.4016910292845297,0.24512580842154952,0.19515147766597749,0.29920037914890685,5,0.1315094827900218,4964,4964,0.4937667163345334,0.5863657222991207,0.4880621095834766,0.06299616144703567,0.5694202959987473,5,0.001532535391753409
4148,0.4959376669909,3039,3039,0.26334606631786306,0.06787825740368991,0.2269885186235976,0.057082770144424304,0.060813018819692664,3,0.46877036692611185,3413,3413,0.2244817274784352,0.052886166950703806,0.4269897809034802,0.2500697276342368,0.2954593125106771,5,-0.027167300064788125
4149,0.14564530210824864,3472,3472,0.3303774781705471,0.2731917520442798,0.286352125513262,0.2680857407793369,0.20292203938818776,3,0.1731727538684822,2839,2839,0.5685402402708735,0.4696956628538661,0.49033391083533134,0.15907120488708315,0.3583599904158063,4,0.02752745176023355
4150,0.28094232403252334,2091,2091,0.13476463378817938,0.20211095196390083,-0.049307036350943,0.3101770197217318,0.18790323846232387,5,0.30569377134202935,915,915,0.5534667514983226,0.676519907006312,0.4139167097831301,0.42197472651932266,0.4468981317513128,5,0.024751447309506014
4151,0.4846020617844539,3052,3052,0.263690211704539,0.3885434311172332,0.3788642803505585,0.22775040348300118,0.3914555223115859,4,0.9897905419295158,199,199,0.3066669155591528,0.1609557126449519,0.3066669155591528,,0.1609557126449519,1,0.5051884801450619
4152,0.2508618259560384,277,277,-5.836578076648959,-0.9511430855673124,-17.79710021954246,16.37195318458003,-1.6612407815639563,4,,0,0,,,,,,0,
4153,1.5836043335857524,2286,2286,0.07583699666977572,-0.09317919029132327,-0.031673528550589004,0.23653950893020376,-0.07981035305152365,5,2.1736512540328885,2635,2635,0.263616061427156,0.14910250353695131,0.1737922245431681,0.3111994110988797,0.053073216757909235,5,0.5900469204471361
4154,0.4916866146337362,831,831,0.21698028958328974,-0.007676359250354592,-6.155348891824336,11.008154434280712,-0.6713905236584946,3,0.29456879348781745,871,871,0.43064094430178,0.3739810330593969,0.38974908848401635,0.19868577316377864,0.2229772262733683,5,-0.19711782114591875
4155,0.19219307218266446,4396,4396,0.2728591483014591,0.24528741148235844,0.24874113047426896,0.2165156709518213,0.2138617986193471,5,0.2104115281550607,2269,2269,0.6519729968865651,0.577558010776825,0.6113960764014678,0.16588228474541086,0.5343836316641214,5,0.01821845597239624
4156,0.6210573843210844,1952,1952,0.46257911983872313,0.46509059344301173,0.30044641500609987,0.20374041635203682,0.3400860572395851,3,0.8285007642312807,2442,2442,0.42334932344735654,0.5344662769014193,0.3867304826700606,0.18707858284837622,0.4841509487328115,5,0.20744337991019635
4157,0.14797272234227815,2772,2772,0.3417327837620229,0.5909685165497308,0.12976968064748579,0.3217902758847515,0.4501695608279689,4,0.17825182578397314,2849,2849,0.46024012707894624,0.6225307442633926,0.3976187693269034,0.10408133858516978,0.4576347899199392,5,0.030279103441694988
4158,0.043567374260478395,3935,3935,0.2918744657088018,0.31373390098813714,0.26140311575951736,0.14905947197905228,0.2750683734559522,4,0.04607819333788216,3707,3707,0.5096267085713793,0.4907690729412043,0.4791389634415982,0.06447346607717118,0.4723777438977961,5,0.0025108190774037684
4159,8.538958702035305,389,389,0.5490476207382469,0.5434863866895296,0.4056436251721887,0.21728769625080488,0.34889221869553244,4,5.879366287099781,536,536,-0.061883571193885434,-0.3018182872397486,-1.4059483373869142,3.2113085528817495,-0.6947908466475601,5,-2.659592414935524
4160,2.5297020569201094,2119,2119,0.289812991203778,0.6334397375970542,0.06419705640377973,0.3988624050520981,0.2536266227976577,4,2.592452166547781,2095,2095,0.481107518678198,0.5366009245290566,0.4890498965511972,0.15137506176201065,0.46149914624063754,5,0.06275010962767169
4161,0.1542703083235644,4803,4803,0.5925697658527957,0.7208592483962302,0.020667711829531622,0.9484018883202161,0.41002178663719596,5,0.13320104168401303,1471,1471,0.6201171708788074,0.497948400155511,0.5640443394313319,0.2254930522440867,0.4129326587310636,3,-0.02106926663955136
4162,2.4347254427660387,3251,3251,-0.22182900185131094,0.3600727393818648,-2.0307663729507146,2.303251337764075,-0.38949216531206404,5,2.437658096753815,1818,1818,-0.09275768258835004,0.509134704383613,-0.02240485201022966,0.6419603463046688,0.3353084174351982,5,0.0029326539877763125
4163,1.8971925446822948,3423,3423,-1.6251457521910337,-0.014149086313113513,-2.284152965208906,3.3964569502332917,-0.05846564346836014,5,1.882247197970696,1722,1722,0.20182760007692524,0.6057504942290894,0.1818406461141504,0.4342131584493984,0.484388984816942,5,-0.01494534671159875
4164,0.5971819431078239,2013,2013,0.12339291890692639,0.5959245838891667,-0.3914298230246446,1.0468310321134087,0.23611274940956162,4,0.9508033406061221,2075,2075,0.2060542674375222,0.5235203827344548,0.14483529112319032,0.41540749477803524,0.4679380056409201,5,0.35362139749829824
4165,1.358592947379505,695,695,0.0781003352794779,-0.07622761482829876,-6.840658878870376,10.980615552725205,-1.312902893745421,4,1.679677459157326,1606,1606,0.37042145056488895,0.16060709658272154,0.3251907451564357,0.24941763347984866,0.2780654304984468,5,0.32108451177782094
4166,0.27199969706198923,1079,1079,0.289520121476492,0.26128905699072247,0.0550075466925302,0.18230563335220074,0.1892900234248827,3,0.2712747894435428,2150,2150,0.5520500180722437,0.6878652298257876,0.4626595952154468,0.27682113678436954,0.5684051827810376,5,-0.0007249076184464576
4167,0.10714173015723959,836,836,0.40813021027149454,0.3719128388425994,0.38589102259575725,0.06601944866752223,0.3755289678599134,3,0.11088882929872977,1310,1310,0.44667981263938916,0.44050545048228573,0.38424391834277793,0.2624729881915778,0.32255374540905446,5,0.0037470991414901844
4168,7.379660120421896,1179,1179,0.11081322175619757,-0.048176026468936595,0.1610377335930996,0.10193203256840666,-0.015677962696572484,4,8.466615001327817,616,616,-0.312446442346197,-0.22826615285942808,-3.252229330498846,6.9538955968012655,-1.0458169979291037,5,1.086954880905921
4169,13.046554655303227,1022,1022,0.04655987278360374,0.2640491680938417,-1.65184358580027,4.135910452559193,-0.43953154539036,5,16.04929746281017,11,11,-0.38601303574418244,-0.5897342817702607,-0.38601303574418244,,-0.5897342817702607,1,3.0027428075069427
4170,0.3916896435745346,1121,1121,0.06430954675269218,0.3596094152082915,-0.6745240419942774,1.1883869304404187,-0.4335034291203389,4,0.5522664057085217,987,987,0.4525678544479562,0.560522478315739,0.33987256814443567,0.23620251098220435,0.36679664326507594,5,0.16057676213398708
4171,0.7084500415907409,2008,2008,0.38812724424892087,0.4013457190522117,0.2790269078159983,0.20798573843927856,0.3326998255135928,3,0.65400542883737,2122,2122,0.36920298196997337,0.4242073312389777,0.3258382679955849,0.06525841651842765,0.3253701559288986,5,-0.05444461275337087
4172,0.12271227875307301,451,451,0.093628757748075,0.41930031997115746,-11.475106543389645,19.81970194748715,-0.4584112484585119,3,0.1227590284720476,722,722,0.4841226463827135,0.6203812686790238,0.39268028485948214,0.22910413139926478,0.48478193534043285,5,4.674971897458691e-05
4173,0.48805139467597614,593,593,0.16616155046911973,0.6143878580262299,-0.4894478397834175,0.5956905476576166,0.21551288573027702,3,0.49216371652296775,621,621,-1.23050726906167,0.13295167990391799,-1.7405751941395189,3.18264996593854,-0.09831131750815629,5,0.004112321846991618
4174,0.35272752828831705,579,579,0.2926874933292012,0.1998971622547483,-2531.043187502822,4384.165722297213,-6.225215075735239,3,0.26234018735334025,999,999,0.08295448604003852,-0.04958301602509696,-0.01698703831689381,0.4311563057913567,0.20104879915541787,5,-0.0903873409349768
4175,0.5725065679567537,4286,4286,0.09922042597668634,0.041611243917041296,0.25697044066619357,0.3154561350904097,0.2486866170853924,5,0.81809719803339,3024,3024,0.4375085004116298,0.2722868499252834,0.4426876498333289,0.14421671949303322,0.3200508812624393,5,0.24559063007663628
4176,0.045216704349130964,4139,4139,0.39171456795236037,0.5347107779261101,0.31172787375855526,0.2315535299837095,0.46849728495586895,4,0.05173229449077793,3982,3982,0.6751273013705139,0.6953974966439609,0.6402470451860678,0.10714513804182921,0.6331376970017513,5,0.006515590141646967
4177,0.09819921585731209,40,40,-2.8169557904387315,-1.3903868025584258,-5.567694171709688,7.795030051902532,-1.6197899248739445,2,0.3667992595516961,703,703,-0.736579010380567,0.07009524570554593,-1.3624711464157677,1.8020168081694212,-0.1775539573163363,5,0.26860004369438406
4178,9.171952219513974,404,404,0.010994410642563568,-0.2701451510370978,-0.3352706669526709,0.7593790696550339,-0.05946024352731358,4,6.310485999186568,935,935,-4.663017139971809,-0.8176469074726862,-4.331104838035436,6.853816079973147,-0.8593291775616297,5,-2.861466220327406
4179,0.0630350552528842,3278,3278,0.37324723765108325,0.6603476718766133,0.2685818017799215,0.5055347165563984,0.49450378558396535,4,0.060624900659132744,3563,3563,0.6702351427808315,0.7972076721572264,0.642581946574337,0.043103195423403344,0.6983457729155976,5,-0.0024101545937514623
4180,0.12815460244833204,3396,3396,0.3197145034840865,0.5708343211379225,0.26180016521561456,0.3530370181451428,0.43940410329492685,4,0.13145901095406654,3142,3142,0.6505421579092321,0.6999778278335496,0.5501153815495822,0.19681365467070586,0.5529796955704684,5,0.0033044085057344907
4181,0.19632105777333833,3748,3748,0.14106830475834864,0.2896133885053769,-1.217288883550472,3.1069156888013656,0.06651041877512567,5,0.15667241174163105,838,838,0.5585068478004148,0.5697986464272229,0.4021912751205916,0.3120570201085941,0.43645461566385996,2,-0.039648646031707285
4182,0.16392281885623372,2767,2767,0.0291419423301037,-0.010667097350549382,0.03483950898960737,0.21661624819194966,0.0028238233816058277,5,0.20471934188324326,2476,2476,0.24680787963910045,0.44141334379038666,0.2081287303082892,0.22042414045302672,0.33393889137727556,5,0.040796523027009535
4183,0.07177146445504279,2711,2711,0.18874762547824286,0.5584141968480639,0.01564668660410215,0.3714855169385223,0.4180451046992072,4,0.07649645928961663,2782,2782,0.41270934558939953,0.5312502606267159,0.2387030124407314,0.3702370146692869,0.42510202075015097,5,0.004724994834573837
4184,0.05326410143395201,2404,2404,0.41564776025927175,0.34939199817910827,0.4009957270417675,0.06572657271683657,0.3553962267700455,3,0.05850741568188004,151,151,0.37408459346105594,0.2788376905723777,0.37408459346105594,,0.2788376905723777,1,0.005243314247928031
4185,0.05566595793272759,1928,1928,0.5055150359448106,0.5998348584452033,0.4851869393449562,0.25463492335272964,0.5697521525279424,3,0.05415743487459179,74,74,0.46680423708055874,0.4340278950645243,0.46680423708055874,,0.4340278950645243,1,-0.0015085230581357995
4186,0.05811520625614622,2666,2666,0.6245187081813757,0.5957110186787533,0.5913106820671518,0.08453342263028946,0.5871387046068013,3,0.06797165699211545,122,122,0.16692687469815948,0.08002590931268372,0.16692687469815948,,0.08002590931268372,1,0.009856450735969233
4187,0.058221685328194266,924,924,0.4113035219378677,0.6111574748805901,0.33791821442889197,0.24694930500029233,0.5169482891020687,3,0.058529380100722214,49,49,-0.45881681246340555,0.22714349487175312,-0.45881681246340555,,0.22714349487175312,1,0.0003076947725279486
4188,0.0942912474705615,3209,3209,0.06796016041268382,0.14318854188391295,0.06164039730474522,0.31455268624946986,0.2996935396080566,5,0.08768768905055964,2823,2823,0.4430220810853225,0.7136360516317564,0.33138170275450607,0.3078282248496921,0.4627342109521013,5,-0.006603558420001862
4189,0.1439176151302056,2512,2512,0.43582420121437626,0.5136798705015471,0.4015929996670655,0.2480455848396686,0.5065968619677008,3,0.16053352798996567,2718,2718,0.5413705002654796,0.7340039002519299,0.2534879172080358,0.5770224661544616,0.47131221587021743,5,0.01661591285976008
4190,0.058622221619198986,2103,2103,0.25403487636423894,0.48135324913306043,0.10567399392519779,0.35999758641477847,0.4904693917104255,3,0.05900416824106987,65,65,0.3880010741791915,0.512307075280156,0.3880010741791915,,0.512307075280156,1,0.00038194662187088224
4191,0.23060833638733552,3882,3882,0.36578220445895493,0.4505234075681782,0.30874357135750186,0.21556121030333078,0.40313154662871487,5,0.26837889037664053,3198,3198,0.22010220816824078,0.5162164254338326,0.14411178350768336,0.4889590144569044,0.3053310497621426,5,0.03777055398930501
4192,0.06305481997720945,3694,3694,0.4267167495054589,0.6715760635275061,0.2990885929150553,0.5257105666841336,0.49875603943411523,4,0.06626540971044148,1106,1106,0.6966512370785458,0.5978299279686263,0.6696623196989466,0.04267173706207362,0.5732908499596265,2,0.0032105897332320305
4193,0.04945319181755427,3698,3698,0.4466970524522056,0.6594964684413795,0.30688248283669767,0.29821500149099245,0.5355761229861112,5,0.052317637119808996,3169,3169,0.6092224002560278,0.62458981657601,0.6059704200920104,0.2150991136448078,0.6110813413413593,5,0.0028644453022547284
4194,0.06311146788699566,2079,2079,0.04036240371011224,0.4878165807508168,-1.0965842284776743,2.1358644150869153,0.2213720398902981,4,0.06279640789134218,2445,2445,0.5392771860926323,0.731037824539645,0.5032631974410893,0.14480135424848894,0.6344894063460911,5,-0.00031505999565348275
4195,0.07032912302747017,2076,2076,-0.5212918441159047,0.36061927616461364,-1.5118863222302361,2.271714238090727,0.114634828481464,4,0.06004504497382748,89,89,0.3944941526768583,0.6405298982935164,0.3944941526768583,,0.6405298982935164,1,-0.01028407805364269
4196,0.028928019253556383,3759,3759,0.3606776914114649,0.5527764799793393,0.20368939717840068,0.36045558018262025,0.4641717300121065,5,0.028474289365522085,2958,2958,0.6227255796515481,0.6090552939576217,0.5285047037368971,0.14167293784096324,0.5438109234169517,5,-0.0004537298880342988
4197,0.7681306335713755,2026,2026,0.43248504277658517,0.5750164114051213,0.3876006122322668,0.06493867480754749,0.4914365756383976,3,1.2311993560921375,3695,3695,0.1358601498766041,-0.06411054906777269,0.27740366198855515,0.25983850873351166,0.3003536807278699,5,0.46306872252076203
4198,1.1116021525454678,3003,3003,0.2954500856119143,0.3666381788596905,0.32699480684210425,0.17523302040068658,0.3555311672502099,4,1.5032896138634368,3394,3394,0.532329795658183,0.410082854294856,0.46270273624727604,0.18406476063512353,0.3745019518656701,5,0.39168746131796905
4199,0.3800818687114035,1513,1513,-0.02035951654798618,0.40610045620579427,-0.06486812599459343,0.5321838517684895,0.2567614566644044,4,0.34218703702624353,56,56,0.4144366547284595,0.634310990260736,0.4144366547284595,,0.634310990260736,1,-0.037894831685159946
4200,0.17317812802531438,4689,4689,0.2931955312826878,0.6422574111237249,0.1751254719936489,0.41403241051726924,0.5255557730150994,5,0.1756785049230296,3488,3488,0.45329889192105133,0.7127454346734255,0.22071434398355239,0.6979681210399694,0.5704219529130989,5,0.002500376897715234
4201,0.8248069841827842,3228,3228,0.11133933531920914,0.24197155513136925,0.09974225393313181,0.306247965564301,0.2736781171124044,5,0.8080223834677125,1866,1866,-0.11041585040984536,0.1676206297391153,-1.9354058174631086,3.1083357266636757,-0.4606984714972384,5,-0.016784600715071707
4202,0.7587766293151683,3665,3665,0.13510248570672245,0.19868200870612496,0.09498156227492008,0.20467926561195446,0.07857740184631809,5,0.3238784267373805,53,53,0.07677836924933357,0.13447692511962628,0.07677836924933357,,0.13447692511962628,1,-0.43489820257778783
4203,0.240188654451629,4646,4646,0.2542582707240011,0.550326506405809,0.2346575203770782,0.1391446195857033,0.49722792426936147,5,0.17101654129545613,3542,3542,0.5162909288283675,0.6237221599675384,0.42084882851927674,0.2644314698327193,0.5118459121381371,5,-0.06917211315617289
4204,0.09646702194505236,918,918,0.06129909402431433,-0.12275224270350327,0.06928353142979143,0.10247439160344295,-0.1209450887268595,4,0.07543799818116934,423,423,0.016014876101154374,-0.30700393699783657,-1.2921498046178825,2.2651216575075233,-0.4188403706778158,3,-0.02102902376388302
4205,0.07075000460753578,3620,3620,0.746219404576342,0.8596879844587919,0.7045281909618424,0.1653551214531651,0.7518799937274696,4,0.10459844777171777,296,296,0.5925277059185707,0.6268741949411472,0.5110202845986356,0.18499292794809793,0.5522102518837647,2,0.03384844316418199
4206,0.061788816336410916,1502,1502,0.1085370214369058,-0.06012342992036834,0.0694205350713826,0.13168814833640732,-0.07663265266358399,4,0.07173060929247489,360,360,0.21928233316652157,0.22576784663384453,0.2972482822929472,0.502794287098278,0.41747434201584827,3,0.009941792956063976
4207,0.06798710756890494,1584,1584,0.2793733756512712,0.5833812712116057,-40.049334841337796,90.13408145021381,0.16866550379598494,5,0.05492411315452285,1336,1336,-0.004573415067353537,-0.1205610404424935,-0.22262885095542706,0.40661578248168667,0.2208222255599562,3,-0.013062994414382093
4208,0.03935320410495519,2136,2136,0.8048433490932356,0.9018494614953265,0.818112730577974,0.08546198332884018,0.8764475605748342,3,0.03497097577274883,1264,1264,0.7792751550318168,0.7275955050818255,0.5942696931188922,0.36064582444846893,0.6767955138240845,3,-0.0043822283322063615
4209,0.06429503387352832,734,734,-1.791269401954874,0.03650456010719583,-1.6796076218950386,1.9844117741019869,0.29730534444799,3,0.05276192421757284,174,174,-12.925878450594725,0.11336379278872899,-26.12542464689632,22.718695386803482,-0.10980623588070222,3,-0.011533109655955477
4210,0.03137016928017356,1239,1239,0.09736329057691373,0.029946577459868284,-0.19144299487620528,0.5708705750267531,0.3718707332696691,4,0.026493445392220448,390,390,0.07703476011117572,0.11896043069805928,0.1408192929445359,0.2177300768260977,0.22066839130684257,3,-0.004876723887953113
4211,12.032103682494467,785,785,0.36894788155879543,0.48588506800434317,0.510425616608632,0.2633168204475855,0.446139713748923,3,,0,0,,,,,,0,
4212,8.182410231730818,1352,1352,0.12020976317350385,0.5765280545359377,-1.1639798516888828,3.021003197017813,-0.00562254042219501,4,,0,0,,,,,,0,
4213,0.3186631963947435,765,765,0.08353004850368151,-0.0786224051187907,0.12669339515361966,0.13767423868792006,0.1824815335526131,4,,0,0,,,,,,0,
4214,6.338868760417595,1944,1944,0.30578279010607934,0.44624976950534523,0.36318727394396855,0.18111101567712581,0.3822974515270112,3,,0,0,,,,,,0,
4215,3.157742745354088,2071,2071,0.30272017308358123,0.11137822832809463,0.29502703567649224,0.06601163022315218,0.12370885207510302,4,,0,0,,,,,,0,
4216,3.0916165246569918,2955,2955,0.15680689885473253,0.23680892668793985,0.2389157674596794,0.3315763341520013,0.2384041759124063,5,,0,0,,,,,,0,
4217,0.8215197499207461,1563,1563,0.4066310408504573,0.6381623766523845,0.44009292060920624,0.2226154062311956,0.4279994532274163,5,,0,0,,,,,,0,
4218,1.193541138608343,1237,1237,0.5487041421475625,0.7530542291692175,0.5199772414875374,0.10660711995400489,0.5330020213611062,2,,0,0,,,,,,0,
4219,1.6293961131005803,573,573,0.004537020306019102,-0.0844575367554059,-2.8658985195486517,4.100518106941237,-1.512206430668423,2,,0,0,,,,,,0,
4220,1.4173137879543538,1413,1413,0.25189895197984735,0.3399867604586807,0.1546162775073622,0.21139099745666176,0.056897113135337705,3,,0,0,,,,,,0,
4221,1.6962490759370366,1061,1061,0.14831081545810532,0.0285703211324847,0.20652494923673326,0.2238936386042191,0.07261747212060228,3,,0,0,,,,,,0,
4222,1.0504223653007612,3026,3026,0.41535234229870877,0.42120139377202903,0.4568211278623254,0.3076405506335015,0.4125597247698954,5,,0,0,,,,,,0,
4223,0.4192911971424186,1315,1315,0.5029822001530565,0.3258590198922885,0.5398459400231865,0.08936535464883104,0.3628958649708254,3,,0,0,,,,,,0,
4224,0.22861628975698783,547,547,0.3482777449610601,0.3541866554414712,-0.06149894041886572,0.6860061657705139,0.23628859407390995,2,,0,0,,,,,,0,
4225,0.14556640737529458,725,725,-0.01585932377693333,-0.3383265080443312,0.15415294176578223,0.21378948362225214,0.05755701027847023,3,,0,0,,,,,,0,
4226,0.04245534946867188,1342,1342,0.419237699023016,0.4312071823617547,0.3046978644007585,0.24643767888656587,0.30292551647420374,4,,0,0,,,,,,0,
4227,0.16451053661336318,1994,1994,0.25239646087349266,0.4063105815931838,0.13023653421499318,0.4017925269434914,0.222192156714568,4,,0,0,,,,,,0,
4228,0.03848749532822818,1237,1237,0.48976668980486016,0.5229186261550733,0.4753820233964836,0.07741027527587148,0.49633747261566885,3,,0,0,,,,,,0,
4229,0.6792693452621268,814,814,0.1520135990991628,0.48930012835125314,0.236039165413899,0.32478173143420347,0.2511582146929344,3,,0,0,,,,,,0,
4230,0.024939498333703902,1575,1575,0.5994696151476482,0.7414979133510085,0.41324676701557606,0.35183032514996754,0.5840544454375053,5,,0,0,,,,,,0,
4231,0.04820802375797476,786,786,0.3416836440642049,0.37011547935819367,0.10003063142266944,0.1171493332687421,0.2807213993242317,2,,0,0,,,,,,0,
4232,0.2804979195391449,480,480,0.1700343887470267,0.45063195556755864,0.0519373978978831,0.41812001009126026,0.41080282937097096,3,,0,0,,,,,,0,
4233,0.018033026886875983,1806,1806,0.10934752502386491,0.007918920381630778,0.3587730349325387,0.263595498018001,0.3439892798415209,3,,0,0,,,,,,0,
4234,1.7439867647724725,1723,1723,0.1779219182938988,0.3620465631620807,0.10020241140159897,0.25517424371172026,0.1169204135528211,4,,0,0,,,,,,0,
4235,1.1936554509128223,2735,2735,0.6078397633578204,0.6324674353594706,0.6704211229092775,0.1446408891075445,0.6563846434902179,4,,0,0,,,,,,0,
4236,1.526601632544448,2453,2453,0.43281858960032715,0.5182298875153182,0.4050851922178994,0.13457173052949217,0.46839428364086244,4,,0,0,,,,,,0,
4237,0.9521500827949883,2831,2831,0.5264174511409689,0.643933455203238,0.48659408504086066,0.09854107490568424,0.5070037514998702,4,,0,0,,,,,,0,
4238,1.306873794609869,1217,1217,0.22933427401898587,0.08065384289175115,0.3596474324082,0.3300668869250633,0.23030995345694413,3,,0,0,,,,,,0,
4239,5.270535802478471,949,949,0.36369493561543953,0.19956692738581105,0.29374663046752253,0.11066853752189082,0.24259924928680657,3,,0,0,,,,,,0,
4240,4.834461764167677,1456,1456,0.29142649328467474,0.14830706688960915,0.2600216991516624,0.11893952753566335,0.1381679169585993,4,,0,0,,,,,,0,
4241,1.4564080240206776,1009,1009,0.29193726418465726,0.19091078428687802,-28.144195403639745,56.835336096066676,-2.979754706817425,4,,0,0,,,,,,0,
4242,1.7344392871473007,835,835,-0.6748643702328572,-0.2865576757309123,-2.081598233567418,2.625234771688735,-0.8657114711480122,3,,0,0,,,,,,0,
4243,1.3175655496056078,706,706,0.0805070595566284,-0.10325746551005066,0.41841540744412903,0.3586284080683662,0.2559237415103187,3,,0,0,,,,,,0,
4244,2.389645890246922,1736,1736,0.3151706810209838,0.4099228165651433,-0.4257769791237359,1.081333323014997,-0.1560788218013393,5,,0,0,,,,,,0,
4245,2.4613197170797845,2838,2838,0.3212040058324048,0.14073805843428067,0.2926166590414664,0.18886782687201814,0.09297933535726825,5,,0,0,,,,,,0,
