GCIN,period,n_days,nse,kge,bias_ratio
1,pre,574,-6.5669791369453465,-1.1938760684642493,3.0694279075648154
2,post,3502,-0.1103223353328806,0.3807047422090766,0.7495649531255408
2,pre,1489,-0.4021530885379345,0.29435309522033337,0.7628299052601198
3,post,3010,0.3491322744124358,0.4721545384559592,0.8155612284763203
3,pre,2886,0.09509456322471621,0.3463683151853719,1.1931536760549795
4,post,2204,0.11567245526841308,0.4558830430621117,1.4035800291094356
4,pre,1547,-2.3339443794721966,-0.7481423139230354,2.5936131172983434
5,post,1882,-37.46444833068575,-4.265914130817685,5.66204441963417
5,pre,1083,-47.491666056065064,-5.335575398155779,6.869995732001648
6,post,1830,-1.0501237207399319,-0.040710818113357305,1.9196009005356183
6,pre,1613,-2.0677293619751613,-0.6297260159120359,2.5158527076015034
7,post,1862,0.09785465635311774,0.30465848844580656,0.6567688349960661
7,pre,1238,0.21279664084382532,0.36994023606547666,0.925849822365176
8,post,2919,-0.03692237919245711,0.4741250302388016,0.672878630879888
8,pre,3063,-0.8461945905117529,0.24071518043129625,0.5241805507769246
9,post,1001,-0.042953567501912815,0.11326288896479264,0.5021284026712463
9,pre,1114,-1.0065365545187435,-0.076679564712413,0.31351059454113667
10,post,1887,-5.730911624526674,-0.5469620595022726,2.458349420698706
10,pre,2402,-4.233447322589241,-0.201380812191563,2.0830083232341243
11,post,2632,0.356498996977365,0.314669072344565,1.1903817137187318
11,pre,1532,0.35652527033314974,0.42007811838829745,1.26979373808081
12,post,1915,0.34717037683853513,0.3955808536416062,0.8715500877779461
12,pre,1045,0.3080547404443522,0.35203451434631516,0.8258778466623456
13,post,2080,-0.240836276261289,-0.005567856945346117,1.8613285197118339
13,pre,1405,-1.8504095631624455,-1.2399205584775168,2.9039681806411233
14,post,2189,0.5353217941346768,0.606740872627046,1.1962239963127952
14,pre,1221,0.4902132930926347,0.5290119019608777,1.1365007894349919
15,post,3547,0.29993099651772626,-0.00967306082683983,0.34786601606626716
15,pre,3389,0.3462304668519901,0.04109858744532702,0.3376618246831264
16,post,2727,0.365562525174453,0.25254092906759995,0.6396219016862134
16,pre,2142,0.40342288339453836,0.2769644843138791,0.5869508024809188
17,post,2782,0.5757824649885882,0.5693627556222893,0.8748867811289651
17,pre,2267,0.5789085360077659,0.7866528126899178,0.9414571263193863
18,post,2908,0.3934956054863834,0.3128953203410775,0.6656888093818263
18,pre,2272,0.33646961108721263,0.25138660153677683,0.6279128819679249
19,post,2925,0.6750581470822179,0.7567331632850638,1.167411217739025
19,pre,2956,0.5644683759987669,0.67151992760012,1.256185586810189
20,post,2671,0.5511483491176479,0.6022089006453377,0.6905330371370121
20,pre,1301,0.48990191570561403,0.6346767267664168,0.7518718156410966
21,post,2262,0.4141169776085042,0.6200441944200071,1.1364427789479894
21,pre,2174,-0.1734964655877913,0.26954288972770546,1.3250614336259054
22,post,2834,-0.06950279254336555,-0.5890164890011225,0.06664990795459574
22,pre,2188,-0.010859601115847495,-0.47140878093236593,0.06199931469998776
23,post,2851,-0.2734673976513462,-1.7102916352529318,3.4156492149541737
23,pre,2091,-0.005919580012907266,-0.36089922753813464,1.4794572021226218
24,post,242,0.2789021024845274,0.3146365409790399,0.46777018952559457
24,pre,132,0.3078664917227436,0.30603319192502865,0.5060798450921471
25,post,3451,-6.82214927182133,-1.8007913574089929,3.0693133533234422
25,pre,5158,-2.914256852368635,-0.8958932543386431,2.3831785499709475
26,post,4010,0.5793432707010342,0.7576501375793359,1.139411335362614
26,pre,3368,0.5723400786737817,0.7185898220004261,1.191888590946343
27,post,1746,-12.248826631213296,-4.211951295690101,5.5562985733914925
27,pre,1310,-5.322150528010725,-3.149320861015915,4.858157828526563
28,post,4311,0.43054555096935376,0.714654541710597,1.0076740863258646
28,pre,6006,0.38684546134537157,0.7033178716961377,1.0328924494625251
29,post,4193,-0.6336920230007868,-0.060068977881753804,1.7695249866863998
29,pre,3931,-0.6466925982185652,-0.059748973130989036,1.744725363522574
30,post,4302,0.6510922381102207,0.7474540782226631,1.0680204884873967
30,pre,6100,0.5929366183190075,0.7617834520774873,1.090954532008027
31,post,3881,0.46446688370188616,0.6140954612377088,1.2966420276131603
31,pre,5391,0.5010826368719841,0.6154057480164442,1.3193287075913152
32,post,4285,0.5267954684430292,0.5069908100627962,0.7095778797221647
32,pre,6368,0.4507142850430772,0.48412394226314504,0.7105638436887118
33,post,4205,0.5633788349450846,0.7546080156893764,1.112759893369778
33,pre,2932,0.4827846264520348,0.5993573673848596,1.3021729424522217
34,post,3863,0.41562965903672044,0.7129988831992067,0.9557440464464095
34,pre,3463,0.5111440141804275,0.7611319651548868,0.9886951401398283
35,post,2820,0.6169259229492423,0.7548991771167923,0.8582419030196214
35,pre,1833,0.5689099650321195,0.7825846799026047,1.0205848292866557
36,post,3580,0.3392909420153215,0.6874533968421994,0.9846096847853277
36,pre,3015,0.5184129823696753,0.7554314455674092,1.0752510982235264
37,post,2755,0.1603350812550779,0.4426061914378412,1.3375578333727058
37,pre,2744,0.22670225583482828,0.46146031977839375,1.3275159693691967
38,post,3318,0.6038441236781682,0.4760730692412839,0.6384683398987983
38,pre,5850,0.5107229595664731,0.5528712623052692,0.6855894747867549
39,post,3604,0.644179716377634,0.7362757164995961,0.8431275144317584
39,pre,4295,0.5425382128712046,0.7573016352998254,0.9179031525510452
40,post,3378,0.23979574370025802,0.4739361464816184,1.2536417728483147
40,pre,3661,0.2941161276478236,0.48779266553011946,1.3202525696390257
41,post,4267,0.6037586824394529,0.67260112336496,0.9378371999900742
41,pre,3665,0.6370577085650948,0.7481313567041135,0.9105156997891993
42,post,3531,0.41981506545946556,0.6663499288364876,0.8474539224286683
42,pre,3806,0.47653792420807684,0.6502091985847441,0.8239661063846266
43,post,4443,0.6403347133627197,0.7568908842147818,0.9404617310487192
43,pre,4400,0.6215525762675241,0.783105937377024,1.0002577648236612
44,post,3016,0.5484310536590442,0.720594443526337,0.8222807629983366
44,pre,3110,0.5931456184222517,0.7512105322647973,0.8430463678457495
45,post,3198,0.5777563144257926,0.7109203067715624,0.9831406917503539
45,pre,2470,0.5261793958933492,0.7259681342007935,0.9647690959795082
46,post,3574,0.17136397729542518,0.2995445348669775,1.5791693736536527
46,pre,4538,0.039346201988271434,0.3883660718361337,1.426122030087876
47,post,3673,-9.014882007831577,-1.232479912720024,2.6202989430456065
47,pre,2172,-11.587417576167642,-1.3812648329473443,2.626616194967752
48,post,3581,0.30888693336625495,0.30692304825706895,0.5189522891543621
48,pre,2259,0.43073557019895536,0.4550189794919989,0.6257416248044955
49,post,4153,0.44226876878381993,0.6276509377797133,1.1505139221309602
49,pre,2609,0.36236166598064656,0.5355182380548883,1.255071655701629
50,post,3498,0.45094507611945767,0.7018511579793049,1.062823193195065
50,pre,2295,0.3639984071472655,0.6721061605715497,1.1068764531637856
51,post,4297,0.5211140108292083,0.7144571468075304,1.1461107689358663
51,pre,5097,0.5421598289256846,0.6943086882571943,1.1751140052980371
52,post,3802,0.6488367543894019,0.636946052715603,0.8307745998887639
52,pre,3645,0.6016262669111521,0.739106528571717,0.9074848749603946
53,post,3097,-0.3344423382141588,0.3202033745893942,1.14471603900651
53,pre,2123,-0.7119461063134211,0.2667154171268059,1.2484659560555198
54,post,3955,0.5892020362870163,0.7426102646356135,1.144335792169235
54,pre,3193,0.46314277052485486,0.6057035721474655,1.2420979802491166
55,post,2394,0.34519838118859225,0.45190856016180414,0.6052935730148364
55,pre,1924,0.3807503729463523,0.5824283257363728,0.7367048528565463
56,post,3047,-1.6909306096563053,-1.5219176920950481,3.3374988458529455
56,pre,2495,-1.2630623778797068,-1.1000364714124582,2.9521681202801493
57,post,1957,-0.5983945520109182,0.007002525871004139,1.7578521991884888
57,pre,2220,-0.2557908054143345,0.19243850180944366,1.6086279851442682
58,post,3465,-0.8304657182483697,-0.5737049638612026,2.4471321872491565
58,pre,2304,-1.3537752662738476,-0.5694674573240144,2.377396166800081
59,post,3506,0.6213661566561759,0.6467981880170486,0.8533546503818441
59,pre,2341,0.6415004147871994,0.7802406964538814,0.9739366166768316
60,post,3692,0.4705328023606693,0.3990527584709681,0.6026304831647297
60,pre,2303,0.5696388098375489,0.48563245976931657,0.6900150981703111
61,post,3627,0.16779238801508967,0.19176927712816239,1.7238918186224719
61,pre,1937,-0.056062829641560175,0.07978338696234522,1.8074299785532086
62,post,2523,0.40941943939726133,0.5542562607257902,0.9165614020333318
62,pre,4104,0.14923384073176205,0.15057085537623693,0.4981285261063935
63,post,2936,0.5221617894710388,0.5202387370868256,0.8915862426758193
63,pre,2045,0.592843141045788,0.6480248468411046,0.8873648897981803
64,post,2286,-0.3664038041616342,0.24200210685957513,1.4959754358384234
64,pre,2143,-0.07718268203251322,0.38709017551827385,1.3715279417811628
65,post,818,0.22899495937051317,0.15096196388652972,0.649937477866069
65,pre,832,-0.37759261897861385,0.2823393711977855,1.3342176620410462
66,post,2535,-0.8477483060401207,-0.4395703703168694,2.1808495260161456
66,pre,4112,-0.6270192296399284,0.2856807617099475,1.2809563990002868
67,post,2983,-0.30881370002736963,0.3019586204820002,1.4192441226272157
67,pre,2109,-1.476320918660984,-0.11015312544429845,1.5747597540889962
68,post,2003,0.06956107028491998,0.36319070080743476,0.7630057497778923
68,pre,2212,0.16373021488190553,0.3501236844417459,0.6574898706441338
69,post,2270,-0.31853681233166453,0.027393156200189783,1.7864008941938025
69,pre,2051,-0.44431183089093995,0.08288561864037325,1.7102938761982742
70,post,3304,-0.16124504634244996,0.24600714790193523,0.7086230786058291
70,pre,2550,0.041088233487350134,0.23095452817441953,0.7720694001994515
71,post,1951,-2.8467795496946056,-2.380132968940688,4.165701842311742
71,pre,3402,-9.938811250975622,-2.489492561709322,3.2703859353768174
72,post,2421,-0.47883530961507503,-0.005078344226554954,1.77630570962907
72,pre,3016,0.21033623044422867,0.5937143391961357,1.134604219448256
73,post,4489,0.4230576944048148,0.3583428899951461,0.5489572347227306
73,pre,5379,0.3456464589664482,0.339029469347607,0.5226784990017093
74,post,3559,-1.923304179019497,-0.545978368822118,2.1937108142424036
74,pre,4598,-0.9183814107630313,-0.056674415190908656,1.8284324891829233
75,post,3261,0.23854422707264022,0.35486838592680825,0.7156404246838675
75,pre,5068,0.409321611991608,0.3063034111446592,0.5971463762132622
76,post,4085,0.46206432187977964,0.4148229418398566,0.6322982058385213
76,pre,4136,0.4204920328023901,0.34153079134197906,0.564785912219705
77,post,3877,-1.1135810876235168,-0.8233535811871877,2.6659937644274483
77,pre,4073,0.30105781307601265,0.23908534709435614,1.7015648598900184
78,post,3752,-0.8008323740002075,-0.3941776743254528,2.230305283943237
78,pre,3729,0.42247743000580484,0.5395890351285639,1.3774650393830639
79,post,3432,0.5259619422972867,0.6080494807873106,1.2716532307887953
79,pre,2460,0.27744028985976865,0.5389963445307437,1.2376929148436489
80,post,3900,0.23138999535506344,0.5696109113869681,1.2028306573604028
80,pre,5950,0.3963653546061242,0.5460830888126128,0.856463944362156
81,post,3674,0.4943645043772741,0.7136564642951913,0.9807322733299925
81,pre,3302,0.052889344265416804,0.5129378848582883,1.243417350817421
82,post,4236,0.07188072896698772,0.5148689282835384,0.9818335493478658
82,pre,4719,0.31879690316651854,0.623378905688015,0.9084757612162192
83,post,2711,-1.1747838978581653,-1.0089073471080474,2.8550461192206384
83,pre,3771,-0.42231983187488376,0.02364088300067202,1.7934249872931287
84,post,546,0.03531708320400695,0.29074667050893876,0.6857704383110362
84,pre,1039,0.044117702289002914,-0.2208683498666093,0.2829830453651793
85,post,1633,-0.103768936480239,0.4819538310534842,1.005372914240973
85,pre,1309,0.03560288734330985,0.4314060109449509,0.7714462062779878
86,post,3576,-0.6788311308397634,0.016526583341268886,1.7318499574866346
86,pre,2014,-0.4722368566766011,0.2786763175802828,1.397607665621876
87,post,3607,0.2344249546699192,0.4121035705134659,0.8520080618209073
87,pre,2819,0.07846370425694138,0.33646002982270995,0.8704419701195999
88,post,3774,0.07701299321297927,0.3655207919857333,1.4828283215310545
88,pre,3265,0.19132446317728802,0.4509039662513856,1.249535616758026
89,post,3739,0.22747568871046198,0.49287681419452556,1.1396021547037414
89,pre,3012,0.09579680276130154,0.4925523678663829,1.1554041562411947
90,post,3561,-0.013724828379890752,0.2852051676808969,1.272770213379571
90,pre,5365,0.314901326960656,0.4646512158907531,0.8477538905785958
91,post,1789,-0.14003613029065942,-0.061343685606775056,0.41093623135940244
91,pre,2113,0.05887457239171556,-0.26479952678526697,0.27266323725698577
92,post,2312,0.25177868571249074,0.18746914111336255,1.2406203070838464
92,pre,2632,0.2634601749575113,0.3616729425562184,0.9668144998762642
93,post,2629,0.25823400397263707,0.18063975505803886,0.8641906194503874
93,pre,2118,0.2464348113743463,0.26027080302968997,0.8971875395134034
94,post,1925,0.02855348714284045,0.38360052256174093,1.4328628805140504
94,pre,2216,0.18214558716632867,0.18334908955315365,1.6403720389097225
95,post,2419,0.20379797647391562,0.0006265800616637174,1.889976591747674
95,pre,1624,0.40161724124695963,0.3851307464986886,1.5539758465403473
96,post,2182,-0.6232839364656364,0.213489277759648,1.2184326971987718
96,pre,1657,0.3150799420721083,0.45992588254312017,1.1153407763223384
97,post,3234,0.5395610492595371,0.44540514038928525,0.7958847791730866
97,pre,2455,0.42462494036332366,0.6372665054471154,0.8698149816969177
98,post,2927,-0.030279455837967317,-0.5217515804132495,0.03650706695470152
98,pre,2172,-0.1399375576881592,-0.10300382093433691,0.15906094171411445
99,post,3043,0.3457061242699241,0.447595003914365,1.451344945247491
99,pre,2638,0.26566719466496946,0.33463823405927684,1.2511977544590063
100,post,2287,0.34308421008300716,0.49455436777582507,1.0767174510678017
100,pre,1496,0.39711787695838974,0.47866705878705484,0.8871189455839973
101,post,3189,0.28692618601847675,0.33964278485629684,1.3039051899961027
101,pre,2613,0.39614606362249016,0.4706168966899007,1.1734085687222484
102,post,2267,0.07798128222415524,-0.1163011984568405,1.9620505070663519
102,pre,1957,0.020072329616972473,-0.10371284049666762,2.023143201401533
103,post,3246,-0.1467773793152254,-0.18624620911203826,2.0716153226740293
103,pre,2467,0.18603621980832075,0.13976504015272195,1.7641824637582144
104,post,3167,0.4616451536687095,0.48714509212572776,0.7221039445350298
104,pre,2570,0.3304297154479361,0.28991661666708346,0.550185715929871
105,post,3487,0.34346506953849654,0.44262734831574313,1.415525416168417
105,pre,2754,0.34657856521554575,0.4572699722179181,1.2628963170194483
106,post,4218,0.26340788521351977,0.19102971025974458,0.6514920157590238
106,pre,3267,0.2928710496997202,0.23661227543624552,0.5822268163849312
107,post,3725,0.3151811864816636,0.2641049850405187,0.7361269061273058
107,pre,2131,0.07612458088557106,-0.024739246430237838,0.5372653575718026
108,post,3566,0.4070888016754102,0.36624624883919654,1.102760069850537
108,pre,2231,0.3558290860840704,0.3044231692160977,1.0897228381841022
109,post,4066,0.48386813762144143,0.4244867968920203,0.6805676447690924
109,pre,3109,0.39024290675557605,0.3255887251942231,0.6073151490209875
110,post,3913,0.46612622679577653,0.2663457646935544,0.5453538002554915
110,pre,2888,0.37711180623252694,0.2742097096440922,0.5532533645323748
111,post,3920,0.5483095338720594,0.5954263331133615,1.0033685467284714
111,pre,4464,0.45759012962491497,0.5195924922559487,1.099708634661342
112,post,3163,0.28327930100592313,0.4034432567133611,1.0087194545967775
112,pre,3136,0.3763935362419999,0.45905506674303664,0.9705014253683233
113,post,4250,0.4055648268922857,0.3458573380709601,0.7988011059084686
113,pre,4599,0.40171613853624166,0.35543422308694417,0.863041017247319
114,post,3319,0.383695232439039,0.45172944059580333,0.964931842288563
114,pre,3292,0.38916143780246937,0.36558722706885527,0.9058873589943254
115,post,3338,0.4863548300482753,0.3989790532655566,1.4604359307011756
115,pre,3956,0.4076524267968882,0.394188146620867,1.3733560630792674
116,post,3653,0.4287578168545808,0.43968882102893647,0.7212517295459311
116,pre,2553,0.2774497941669224,0.2392467857148246,0.6627199516393659
117,post,2236,0.15925534162424992,0.40525107618982825,1.3665635528234679
117,pre,2957,0.12854304233853842,0.21054385775717077,1.5403098937995747
118,post,2681,0.19519654484285254,0.1774242711678372,0.9955337402931579
118,pre,1565,0.2757404450383505,0.21223820501269564,0.8092855225506032
119,post,2151,0.2601756682448927,0.3523938978571396,1.2715277767243192
119,pre,1349,0.23994840776497817,0.23438170990890417,1.176505130782603
120,post,2584,0.3311763753176046,0.39934966806246375,1.0947401232139145
120,pre,3404,0.34700200683225735,0.3735924375747681,0.9153551498164267
121,post,1379,0.468092466917155,0.5622660112747349,0.7849166147892833
121,pre,2978,0.17896326053828515,0.4700265866616602,0.8521954073648764
122,post,2032,0.5318471183396225,0.4735918721288713,1.2351820072124822
122,pre,2577,0.07728673683971066,0.2688450117876683,1.0850936226775538
123,post,2199,0.18269450956969324,-0.022145100681249197,0.5302702150221184
123,pre,2438,0.20942463913214882,-0.021141727410397326,0.4466934838653992
124,post,2224,0.12079244170608794,0.0682802762678919,0.6426901361054967
124,pre,2801,0.11720314108536167,-0.08016967348112791,0.5134428237230668
125,post,2941,0.24091725137289777,0.09746584742110653,0.6817088363585921
125,pre,1836,-0.01873409005192528,0.14972365500096663,0.8262350774129377
126,post,3208,0.19420924139076012,0.11642172506865667,0.8222509250628326
126,pre,2149,0.27900724347596173,0.3922033166144884,0.8143181374787549
127,post,1585,0.2958600328546349,0.24266565611652868,1.663807933232541
127,pre,1246,-0.08309307610818473,0.19888493847523003,1.6034745175216285
128,post,2866,0.2323166609378392,0.2502822308466526,1.3889865058310045
128,pre,2049,0.2855897083971012,0.23009839397409182,1.2805655594307583
129,post,3136,0.029395411018229067,0.12913908975656307,1.7543775656187641
129,pre,4131,0.25783256537445665,0.527868162973697,1.1568190828745457
130,post,1538,0.3316287448750186,0.3124420773778518,1.4130581238102862
130,pre,1931,0.21659131279128474,0.19038721287789417,1.1865723316963783
131,post,3594,0.27843160204238204,0.20072854051247546,0.5570779560198618
131,pre,4612,0.19837416620445303,-0.004448601025862198,0.43288639005041707
132,post,2613,0.501957185308888,0.6559524628490894,1.1533766485813441
132,pre,2694,0.4741318513015417,0.5069089581990092,0.8548936412394211
133,post,2450,0.1098443466524347,0.19855097031599378,1.7051206260893412
133,pre,2599,0.27559678826972533,0.3272675884610564,1.0051461173664367
134,post,2749,0.5245148887077034,0.7327625305918413,0.913505887751568
134,pre,2120,0.5434413669367797,0.5925246915402324,0.7659424798528295
135,post,2779,0.08911951002045693,0.38086612083526183,1.4680911522673883
135,pre,3549,0.37223270479938875,0.5790211101625196,1.0114232056170869
136,post,3211,0.4437704076323,0.5026750132006441,1.0531166103116634
136,pre,1969,0.38757783340472685,0.36922488331567793,0.9209376407413137
137,post,3080,0.2879522462807361,0.27714060235772586,1.1037656328888188
137,pre,3275,0.30362619221904075,0.315611685312675,0.9219229952214328
138,post,4127,0.4437188459256999,0.5323994464376989,0.9633315149893866
138,pre,2408,0.38283437627004135,0.3846061570901823,0.8632827581792489
139,post,2656,0.15588433416553327,0.07123199100116906,0.8632019211794716
139,pre,1150,0.40390336390903503,0.31962107386117666,0.7463179072426952
140,post,3721,0.34828643055229047,0.24675588820009486,0.5719496326085713
140,pre,2300,0.2508784902994292,0.08113930704722727,0.49861058740792624
141,post,2526,0.18722010947423817,0.0602656151184332,0.31861840679042275
141,pre,2148,0.20837632320046107,0.1630731795059841,0.4523907657861716
142,post,1630,0.3942883222693909,0.5162047503812968,1.3092835385004156
142,pre,1335,0.5304751360066949,0.5942941087887587,1.0558686474267127
143,post,2899,0.1588230277938053,0.5475822289077206,1.2491855615346867
143,pre,1293,0.07781860200646085,0.5485226479723642,1.141107389756178
144,post,1550,-0.09510706307292316,0.21225876321824644,1.5950746629321142
144,pre,1152,-0.1360638175007498,0.30426441514202374,1.5125729828104062
145,post,2852,0.29737798410958927,0.09715379163287918,0.2741556974693365
145,pre,1962,0.136936369097568,0.5026275985096778,0.6982065235135159
146,post,4349,0.23190608921191602,-0.6934035765558422,2.6270503405629873
146,pre,3012,-0.04471506334196862,-0.4176428310451159,2.359806166150293
147,post,3877,0.3056290770464354,0.4866511578578946,0.9529897782660011
147,pre,5867,0.16088650179673747,0.4420040713465172,1.012449070073871
148,post,3682,-0.8135329706743804,-0.35709323310368557,2.176007241020591
148,pre,4893,-0.09265524848879814,0.1256510718739966,1.709286651226059
149,post,3837,-2.18728873677065,-1.70564964266678,3.637303944303527
149,pre,3947,-1.3278646411249624,-0.8745125546503574,2.800764277811793
150,post,4114,0.5020709332434156,0.5355017430310045,0.9062440413021549
150,pre,3488,0.38422609319188217,0.3724839144534,0.6995609565925184
151,post,2880,-0.4862493123702549,-0.8064206825351574,2.7103010041417037
151,pre,3477,-1.1518583024777032,-0.4503248645264495,2.2462942518193523
152,post,4087,0.28615201453486294,0.5045297237856639,1.2639877351831632
152,pre,4493,0.30213033086303553,0.45175946710210824,1.0681577433008795
153,post,2725,-1.3554958255618574,-2.7258821820883883,4.659007214693229
153,pre,2594,-0.9089233968435637,-1.3540376585156255,3.26774024613292
154,post,2612,0.07625971255277397,0.010429750043036257,0.38796852176808655
154,pre,2800,0.24211883787753863,0.25046263428998605,0.5065144612653392
155,post,4036,0.3945913512683765,0.704351178344061,1.041863916721304
155,pre,3307,0.3942707104309693,0.48058041733740364,0.7861731214311973
156,post,3844,0.35266824180343836,0.46945856275174724,1.4273364860737798
156,pre,3142,0.2701804989263964,0.2812037342780277,0.8553387623127704
157,post,4576,0.3262180738394267,0.3607173125434463,0.7662103661347235
157,pre,6300,0.2589472935509135,0.1374898433821079,0.5840219591266155
158,post,4158,0.12869913365440877,0.36391661289010024,1.485777002637941
158,pre,2259,0.31846011061124524,0.4377968935352897,1.1351514141716277
159,post,4586,0.3939173097596723,0.397541874674298,0.7420877409691079
159,pre,4718,0.25897367150530504,0.15995182964193044,0.5565050295481031
160,post,2897,-0.35470546815136106,-1.3834740337687168,3.335597979521169
160,pre,2682,-1.1791854076201864,-0.5218390514934781,2.3035530990329804
161,post,3772,0.38071711523920815,0.3114248154135226,0.5335718403185727
161,pre,2923,0.40950882693111557,0.25755397132979563,0.5365214788402809
162,post,3573,0.5155122434671187,0.5160779678576475,0.8066745165906971
162,pre,5483,0.26167578419821946,0.17604560176293915,0.5339852909995763
163,post,3717,0.1621656304916046,0.050040901028349793,0.4873658397377081
163,pre,3423,0.15532994443250703,0.062265466579523476,0.4561481849270031
164,post,3915,0.3003910410874051,0.35838638870882644,1.551879842810458
164,pre,2932,0.4604249260791934,0.5915819913704569,1.1342339361231177
165,post,3954,0.07822683560372234,0.4696720502588959,1.338090725725081
165,pre,5424,0.3389837265218959,0.6674324887852268,1.0338339003848203
166,post,3807,-0.21004551686055972,0.16641584669739695,1.5239113696878313
166,pre,5043,-0.05456241039549514,0.331609519648283,1.4650242927057726
167,post,3750,-3.3935376118840193,-1.2352956124830992,2.7754167504612615
167,pre,4922,-0.8745341433169578,-0.22344343108539677,1.9872986373472097
168,post,4136,0.3545020908115719,0.6930261528499406,1.0038556874252984
168,pre,5181,0.3704261386250587,0.693445283828902,1.0657449149731122
169,post,4123,0.296574281621819,0.6393335811494827,0.8431234551917185
169,pre,2895,0.048688432401997495,0.5221902089602213,1.1072702988825274
170,post,3645,0.0017086073233935073,-0.32199577345653085,2.2854587557930826
170,pre,2422,-0.15304848880348598,-0.3123809305414258,2.2546036449465263
171,post,3282,-0.31508962329543966,0.06257153776445279,0.38764470026283765
171,pre,2990,-0.1726713508731128,0.11849978434096697,0.4152151263521047
172,post,3395,-0.10749839112571813,0.25902434267034957,1.5917243555986915
172,pre,1639,-1.6138801954433855,-0.4324416697164404,2.0345588038776237
173,post,4313,0.49504950812514914,0.713383444529176,1.1524583464838896
173,pre,3967,0.4206547375227634,0.6870232532969449,1.1534011039729026
174,post,2797,-5.0875438642479685,-0.7502276879464629,2.4838836245809732
174,pre,4163,-7.059153376182756,-0.8512902154133886,2.446255467219111
175,post,3077,-16.651345432470524,-1.3738831280663413,2.8426106528186303
175,pre,2240,-22.984215268426368,-1.5777131705233352,2.80234023151727
176,post,3521,0.133064225668166,0.32731086276939514,1.2799461760185908
176,pre,2252,-0.029836345638327266,0.3634825954514679,1.4876244477392915
177,post,3622,0.06751343861648884,-0.07632299787963825,0.4260259386541029
177,pre,3227,-1.971844166948067e-05,-0.09860070105932195,0.3931215626497321
178,post,4098,0.28182681821322075,0.5545984465516716,1.2477913947779502
178,pre,3342,0.1112800595414889,0.443537843650177,1.4007098338960502
179,post,4118,0.04526313038312135,0.35280952193967063,1.2702623296658577
179,pre,2824,0.15273968523042103,0.41092765640445006,1.4621041610351646
180,post,3124,-2.426573290778583,-0.6902845293118558,2.264823773012297
180,pre,1217,-4.716837842445306,-1.2457407455847798,2.6628227424053765
181,post,1854,-0.4373833016115882,-1.0078824482225484,2.900061558283988
181,pre,3004,-0.007659064842890251,0.1875623867834314,1.654325348530821
182,post,2820,0.31890443869504403,0.5221883308103719,0.9592007389681908
182,pre,4379,0.28166874558760846,0.34185915185731375,0.6439239578929895
183,post,3298,0.4846428787484576,0.7382778222537055,1.0884505305676608
183,pre,3526,0.3618858068094536,0.6724668609839455,1.1418328408574776
184,post,1807,-1.6634499204992377,-1.6002572055894877,3.4670321559447017
184,pre,1701,-2.4024338975604795,-0.8764232575313067,2.534467368301576
185,post,2396,-1.2345796299041414,-0.5776268786140843,2.4418865067069206
185,pre,3914,-0.1051961470231928,0.3320435686551052,1.5138285887365317
186,post,1345,-1.8523281000468574,-0.2618445466507846,1.8216400185118595
186,pre,1676,-3.35315377979936,-0.6479968106064933,1.8655477519771162
187,post,1690,-447.9993322113513,-27.429330280328685,24.516186684995812
187,pre,1267,-358.8384627185432,-21.982541983162097,19.612354312585914
188,post,3053,-0.5265549522888187,0.3000505372121536,1.3184661635701664
188,pre,4267,-0.0737240754309163,0.48763224288335705,0.9815137911124584
189,post,2446,-2.5674881491351687,-0.860189432086901,2.419247906638565
189,pre,1577,-2.973508614546811,-0.7134833797431679,2.105437106664296
191,post,1556,0.47493063523436063,0.6972962329351224,1.008991743401535
191,pre,3434,0.4837247817741904,0.5637193323953065,0.7496068493554494
192,post,1883,0.2505985962526789,0.07426502722702011,0.33502090426181247
192,pre,4159,0.19149817535860048,0.04692252201028757,0.3047816314736449
193,post,3349,0.2914842722421025,0.34668471014538527,0.485418044424432
193,pre,1989,0.16954341688705765,0.28438784488084945,0.4022552613410518
194,post,2560,0.07303824642698842,0.3131725760935069,1.5273736388873478
194,pre,3741,0.10126423112061145,0.43270954792756233,1.1810382778221598
195,post,2327,-55.47116166789783,-8.15424618663943,8.144711755509752
195,pre,1611,-26.49495178250381,-6.460722549620427,7.3820360095953275
196,post,1210,-17.274096557734932,-3.9001123854759605,4.691584658649371
196,pre,3400,-7.385653603974893,-1.9756169162893684,3.0427421213328563
197,post,3595,0.3891110293365593,0.2270288739562294,0.5282222288593893
197,pre,2276,0.4053167532933437,0.3597468036553785,0.7354094229430664
198,post,1862,0.4497418299342907,0.5131274090036357,0.9327886191439195
198,pre,1706,0.29666766701473457,0.4449908395983422,1.1400125528672858
199,post,2204,-0.6383829199952786,-1.0529933759840109,2.9631489512122973
199,pre,1341,-8.507119372584567,-3.660216247832283,5.153305331288741
200,post,2729,0.5194558813988776,0.5787833517660779,0.9188772961830411
200,pre,3446,0.5442026020315704,0.6316723460676528,1.2892247221941222
201,post,2990,-0.40782496541800217,0.21518737466048798,1.4715157312222167
201,pre,1913,-2.7021207533855947,-1.4628101565727079,3.1166088651269357
202,post,1625,0.31925954670092416,0.38585194495915665,1.3454567353382887
202,pre,1520,0.3052119734352279,0.3320859631640848,1.6002841896730693
203,post,3100,0.38938974607975374,0.5129063470891142,1.0400849649691186
203,pre,3482,0.3794374766771986,0.44503463548208033,1.3387029340036916
204,post,1435,0.3104017096026196,0.29699288373536714,0.8169662814795121
204,pre,884,0.378900254502892,0.36342393621279223,0.802975605394423
205,post,2462,0.5481661464856638,0.696036857866567,0.9690136192582484
205,pre,4149,0.41066910174397775,0.5751632674216044,1.1356176652529337
206,post,2395,0.36966821950361306,0.4066463570640866,0.8553025783644714
206,pre,2081,0.4900755182740997,0.5096536069255049,0.9457351294261076
207,post,3457,0.2583999046510641,0.41679170118296094,1.2668497025539853
207,pre,1814,0.43093346733094295,0.5292457122328363,1.1349153219889243
208,post,3421,0.071440209858326,0.11030074605487694,0.3464257761883026
208,pre,2927,0.06615573977599654,0.15598650530647862,0.3781670887693347
209,post,3745,0.34515601848482613,0.5828328608310253,1.2861107894467874
209,pre,3679,0.2637349380733678,0.5714863306740205,1.2732799207804755
210,post,3831,0.23590075766177387,0.2602404388385442,1.5935433383595607
210,pre,2432,0.22594418249878623,0.28177381600009277,1.4910613505080046
211,post,3624,0.156073467657742,0.48256378579519377,1.2153210553317442
211,pre,3895,0.11147843225020015,0.4729165524304808,1.2553716272057318
212,post,3766,-0.2087031230109886,0.37196046641713876,1.4264063544316006
212,pre,5943,-0.21787229480652792,0.3569042901760916,1.4495838852995315
214,post,4009,0.5699699431285292,0.6850494861019653,0.9132700296652364
214,pre,5501,0.4099370481506326,0.6584359613111543,0.9160893516930038
215,post,3987,-0.05766530554016125,0.3442431699651153,1.4132035959269438
215,pre,4245,-0.013080844285383586,0.41424177948064533,1.3287859402536093
216,post,4177,0.08467141230080277,0.4014393512875223,1.3898549297053837
216,pre,3475,0.09120933885859606,0.4818606568845448,1.290073504589199
217,post,4095,0.5086362639978057,0.7006915183193254,1.0318418936344276
217,pre,4472,0.471840296386255,0.7050910756122208,1.0537660833684719
218,post,4279,0.38179675815621916,0.5806673736150889,1.3221227883914923
218,pre,6470,0.46653209500831005,0.7165945923181456,1.077860187193334
704,post,2324,-0.617583682816071,0.23180803758645552,1.5439814350122336
704,pre,1562,-1.249981742948973,0.1241842082080904,1.6101753245470474
712,post,2072,0.32341077439036714,0.513566635208568,1.3442251219448595
712,pre,1143,0.3578777671847606,0.5046057820118873,1.3776803808500486
715,post,1893,0.6148845060067604,0.6463462234477342,1.2723463897194172
715,pre,2040,0.4980217761818717,0.5809070413503863,1.3578654531556467
717,post,2112,0.07009053398240861,0.4017921553271444,1.4259598981624217
717,pre,2122,0.024266535384726118,0.4300364542947075,1.3875108163064271
719,post,2318,-0.6396304059477718,-0.12814871832827035,1.9298869529273222
719,pre,2122,-0.5267250685550926,-0.03201060658820243,1.877060379443674
720,post,702,-1.9359906245153908,0.35546691854230983,1.4775071814198142
720,pre,823,-1.8126878954542822,0.37608919016469144,1.447801417423737
722,post,1314,0.33410651681037695,0.33928272434059725,0.5093888415533986
722,pre,1531,0.19640464709933314,0.28352808544498553,0.5152156988163415
723,post,1402,0.34901954304105565,0.4314846698468434,0.5879217647719517
723,pre,713,0.41689493791360066,0.439660284761517,0.6136333577302615
729,post,978,0.22038324794774944,0.45581289625021737,1.420294168917493
729,pre,561,0.10057922191147917,0.47368678392673313,1.4293062579338152
732,post,2001,0.02560713352623445,0.15243948086358217,0.3934481037260571
732,pre,1270,-0.09375612884400097,0.06699739331891685,0.3517430889374016
733,post,1147,0.3387123436545765,0.5796170881859183,0.9237876142756988
733,pre,490,-0.32419414224526766,0.37609226919267913,0.8494730916875627
735,post,1593,0.4053741285576894,0.3928146613901212,0.6105447390331623
735,pre,1303,0.39075776994039246,0.41862064918654973,0.6215636574931335
736,post,715,-0.012053506890737253,0.5588514131963993,1.205519213683558
736,pre,279,-0.09710540118501987,0.6260441566336563,1.1898226764663198
737,post,1808,0.3566734829445426,0.3780191068542361,0.6270687177832301
737,pre,653,-0.0509481745233793,0.21347392576410373,0.5385087173758539
738,post,1175,-7.10951552768203,-1.8015944085613378,3.234973529663817
738,pre,696,-12.185290971024092,-2.7051369731422787,4.248081982576566
739,post,1149,-0.6771660245761528,0.42536909374300313,1.3482489653824916
739,pre,670,0.2186768674431504,0.6362529708065021,1.2919717943556701
740,post,1681,-0.474878698231362,0.11893359722525676,1.7039296573576506
740,pre,1824,0.3425217857275723,0.5697479979522816,1.3522736951127339
741,post,1204,0.566470979900704,0.754992463820323,1.0577798850989222
741,pre,1658,0.5714381383362137,0.73161221527765,0.9484690528564079
742,post,1004,-0.46266220335173136,-0.028593527763782767,1.894350893645113
742,pre,746,0.37497054309821565,0.5270895002546623,1.3978050970516103
743,post,1272,0.4781593018443534,0.7001287835920266,1.0067657051226229
743,pre,1379,0.6127614153323089,0.6943304417496157,0.8725990791624166
744,post,655,0.2966701696209404,0.4596864031054888,1.065028971443887
744,pre,513,0.2962538632481114,0.43501636077727646,1.113718939867027
745,post,1154,0.4987937843194741,0.6653342464286844,1.1745095811554895
745,pre,1449,0.5556475369416285,0.7399722200126266,1.066843357758592
746,post,443,0.3704469480454814,0.46210962446824566,0.8511514822191834
746,pre,789,0.5164566139658221,0.47388804316713784,0.8504752279160852
747,post,464,-0.03562619946130474,0.40973970265645754,0.7920600237253118
747,pre,285,-0.11355731827702775,0.26030454517297563,0.7041189549489982
748,post,1084,0.3049498971136577,0.5714665666060375,1.1536381295564035
748,pre,1412,0.610307806778127,0.6733733217898252,1.021894902642276
749,post,1275,0.8033100427951729,0.8347546154728562,0.9372495379572758
749,pre,980,0.7375404773553152,0.6225549811480282,0.7994221604783509
750,post,943,0.5095382925039792,0.4014952641907711,0.8934680466793643
750,pre,887,0.580293303259692,0.5181699289342792,0.9489392690855286
751,post,811,0.6234092118868307,0.6838866979637445,1.1724337280720079
751,pre,936,0.6293554306959772,0.6493649019646496,1.1042015158576475
752,post,1140,0.6638544401418452,0.6007779377849465,0.9228442073220103
752,pre,1478,0.5453002855690847,0.4335066550982223,0.7730296510956469
753,post,1577,-0.31544622462889693,0.4490995859991098,0.6705655843841181
753,pre,1007,-0.1464096937581194,0.5563444939850767,0.714575297551094
754,post,1142,0.42972794087206356,0.5616948414005843,0.8433195937217927
754,pre,689,0.6786493396490851,0.727551477883247,1.0016738403328742
755,post,1340,0.5670389604271617,0.6544088265798036,1.2815730582604599
755,pre,1537,0.6698915292318186,0.767033855086361,1.1520676147224826
757,post,1643,0.5963341243245449,0.7774173999375633,0.9904324226780735
757,pre,1487,0.6165071999979232,0.7995748672994495,0.9885437002132532
759,pre,1369,0.1517891026498973,0.23853034963802655,0.5318236128760457
760,post,1191,-0.7198351355773485,0.02485996581166372,1.7685798364102985
760,pre,1086,0.5016957967975392,0.635188229945123,0.9744871141977544
761,post,1039,0.45197026680473684,0.691531468278541,1.1928592408529957
761,pre,922,0.5845793668993268,0.6715222789665063,1.2847151901203029
762,post,1807,0.6195186172527503,0.6263441132990509,0.8497179027906924
762,pre,1432,0.49265316324492026,0.46477720723266125,0.7787048575858515
763,post,1889,0.3109334174321162,0.49160200578455815,1.3140780659792275
763,pre,1689,0.6407663237343885,0.734800482872236,1.216274000315011
766,post,1549,0.5667473542219776,0.7253570738996306,1.1963308609527155
766,pre,899,0.46441737164402996,0.678141747657145,1.214271439480897
768,post,992,0.06500717561556779,0.24394509672427367,0.36751836324812437
768,pre,395,-0.1952895671827406,0.1962265193628041,0.39103517068718535
769,post,1436,0.7042660382304773,0.5936570223365151,0.683092825367821
769,pre,952,0.5569697842125088,0.4855334424687945,0.6727663769479839
770,post,1546,0.44651782595104916,0.6849820504735785,1.218274878486417
770,pre,2713,0.46541723660512535,0.6913908622521513,1.1916706647096618
771,post,1635,0.6915841864208776,0.8089846607241906,1.1027597462160466
771,pre,2213,0.7297819739976016,0.8518494105276719,1.0535394967953904
772,post,832,0.12800579278625768,0.57538801115005,1.188326508380725
772,pre,927,0.659099995628849,0.8303364439156109,1.0245476980969024
773,post,1149,-0.6391056579631911,0.16409055083563373,1.6257482233397815
773,pre,1444,-0.06757654348885178,0.3351163750408582,1.3674984859569028
776,post,2068,0.05441099378270997,0.5178455414711439,1.337411631370875
776,pre,1464,0.36137263446077494,0.5864098915874483,1.3386302167715312
779,post,836,0.3157241188221708,0.6847140391068202,1.1289923243046425
779,pre,782,0.39389289227114854,0.6933446881937664,1.1413876270399594
780,post,1282,0.49424035572221103,0.7415821865901671,0.9981775976304555
780,pre,950,0.7495291087866385,0.8472167895438081,0.9645927292250374
781,post,941,0.0062425674684390975,0.6055127379231583,1.2073926018106194
781,pre,931,0.2808236930119873,0.6724538341237882,1.1650342526130737
783,post,971,-1.343617970466831,0.31271878826066546,1.331584743061711
783,pre,1120,-1.7868760639107109,0.3433925091176274,1.4086816422225625
785,post,630,0.2546950143284368,0.5555813844354884,0.9086132723699832
785,pre,690,0.5115930942621287,0.667272923468399,0.9973185231408694
790,pre,856,-1.2922325987736167,-0.007393622533678368,1.791576014520402
791,post,814,-0.4355495884801963,0.31536992419216525,1.2992055509019265
791,pre,1386,0.0011451130434518841,0.3983029260715705,1.426289111778171
792,post,1029,0.49411936416656554,0.6817060741579013,1.1040551085108108
792,pre,1141,0.3086150636101793,0.6535897447264083,1.14524971567196
793,post,445,0.035939188781094145,0.5608537001541238,0.7913958336089072
793,pre,1060,0.22290615115385293,0.5089605195529505,0.7961353137219909
794,post,626,0.4023699237461352,0.7385259222682332,0.8990266784091946
794,pre,1271,0.42190711516944857,0.6767879348788961,0.8493732095063461
795,post,1337,0.605965809948975,0.5958683482483633,0.859169318792411
795,pre,1736,0.5662077398145613,0.6705891408155016,0.9626589022511627
796,post,1108,0.10172091585442644,0.35486056521129783,0.8391455637585534
796,pre,1688,0.2579232560252622,0.42063678540767047,0.9962275706168113
797,pre,983,-40.79216505121196,-1.777066729487915,2.50194620058779
798,post,571,0.22838387751854206,0.2856994397253655,0.6114067655728239
798,pre,268,0.20486777748891583,0.20504331463996883,0.5258760251562571
800,post,604,-0.34048488031473023,0.38745173900467744,1.4623193958648033
800,pre,954,0.06122476014047906,0.5288952006321976,1.3160211868940552
801,post,677,0.07440077221835706,0.5672316695615749,1.3027689665944475
801,pre,1896,0.31823433944117574,0.5995358923179622,1.137279444411848
802,post,848,0.16080060996874224,0.41589576884433566,1.4092826263273692
802,pre,438,0.1427075366858367,0.11592319868356193,1.4263284469282833
803,post,748,-1.0058142860340182,0.1715087913068153,1.5270861525264308
803,pre,1062,-0.26042965473716095,0.42133117650225216,1.401387222683391
804,post,898,-2.1029081141040313,0.009563163608701464,1.5096501390037855
804,pre,72,-1.262227446058521,0.4536243384356967,1.3374973470067848
805,post,1520,-0.8082568446442917,0.1980121553438544,1.614841793479189
805,pre,1766,-1.022954052734144,0.166535001247213,1.6582318923656036
806,post,1500,0.46234742074573065,0.7368282737811622,0.9290821924109394
806,pre,1499,0.2999045878476114,0.6595363734735066,1.0699071604189252
809,post,1030,-0.5370069145919885,0.28306453588525293,1.0309984992347325
809,pre,503,0.3388994200418657,0.562355169063996,1.1298452471329397
812,post,1051,-1.8437379817410955,-0.29676144660198966,1.0556600868239971
812,pre,1851,0.450567632757784,0.733277804764074,0.9599905863588079
813,post,195,-0.17040350659707681,0.026768271165977242,0.6886108887217852
813,pre,529,-3.3157963972101037,-1.2109372377082268,2.8498794265706047
814,post,3713,0.36998289031718423,0.2024579299935899,0.5196334128292558
814,pre,1359,0.3593891116715293,0.1934274150248506,0.5282567404913383
815,post,3974,0.6115627155913219,0.6807760978935107,0.8781818113768615
815,pre,1293,0.5456854322229433,0.6053534530808077,0.8452418670912499
816,post,3697,0.60004377330035,0.6004780630511575,0.9349469451168203
816,pre,873,0.44267719533377525,0.41792432970842686,0.8972076924243232
817,post,3555,0.5462176164689077,0.4933610086891297,0.8236045157107533
817,pre,1063,0.6637048842476332,0.5907345558813888,0.8799653416469847
818,post,2569,0.5342386417157601,0.5660686172440673,1.354638308277691
818,pre,508,0.46486621274379003,0.6325955527038881,1.2708622482469711
820,post,4496,0.515312219905041,0.4398922797912119,0.7623930779070593
820,pre,1521,0.36459929406801295,0.2681865998089755,0.6661271934530804
822,post,3659,0.4087780016673327,0.42445665618982253,1.0655737730550154
822,pre,1377,0.32788660925697466,0.3113124452989623,0.9717825148109128
827,post,3253,0.28220361707908415,0.3407572633999063,1.595380304525231
827,pre,1243,0.25390662472904246,0.33991018982697074,1.5628736619431034
828,post,3065,-0.2898023416086708,0.276812835821278,1.4941843181229
828,pre,1297,-0.36493427596599926,0.17643546548318845,1.6105382572559346
829,post,3611,0.181092915695376,0.24179771418315155,1.7128349402920244
829,pre,1406,0.24325780117317897,0.34754402531286643,1.600793057024141
831,post,3811,0.5468809313936935,0.616543927852139,1.0174666232608536
831,pre,1134,0.5217492376655917,0.5978899797014177,1.0768589032327118
832,post,2398,0.018856219922459005,0.30868140001008915,0.5356993246837761
832,pre,761,0.34291224940444,0.2870930025071945,0.6568103658646208
833,post,3560,0.22506296948450655,0.3655795848776022,1.5844735634739215
833,pre,1115,0.3442432390858594,0.43378356796992235,1.475228793677147
834,post,570,0.2194379200641291,0.04486058844337737,0.3986758206125698
834,pre,1049,0.07610924689655885,-0.021662140946991926,0.35563719635747926
836,post,1501,0.6149251061885002,0.7015903670517727,1.0895999402707341
836,pre,360,0.6422147333740061,0.7589613391324384,1.1230106087549716
839,post,3464,0.4258395026366031,0.6162590311840928,1.2877370611376655
839,pre,1215,0.48372116087360595,0.5565593830665521,1.090832163708419
840,post,470,0.5476519899445687,0.6628546288017858,0.91988035283097
840,pre,944,0.505799185749261,0.5156841450839766,0.721331096146136
841,post,3628,0.6120450854960259,0.6728174760008839,0.9050199080191857
841,pre,1180,0.7144772761660317,0.7759403488001273,0.919380146658366
842,post,2436,0.21049116128776135,0.49816348307683256,1.2947183763405927
842,pre,779,0.3326768486109257,0.3845855548117252,1.1544558111619412
843,post,2240,0.14570290773868844,0.461220717341407,1.418688197303472
843,pre,1137,0.22997668468335386,0.452944214782912,1.4164431933421666
845,post,692,0.6369998873789859,0.6800525869249584,0.8496603804169788
845,pre,774,0.6227035562211889,0.5779679915209639,0.7766321495264101
848,post,2543,0.46504495306578797,0.6798778214437919,1.2206097429376324
848,pre,791,0.17843618086172042,0.5001568045196882,1.4019192277818824
849,post,2937,0.25863925409479116,0.18074780052878636,0.4479816092054155
849,pre,896,0.4196837887166619,0.2851852004844908,0.5218424846671255
850,post,2933,-0.16145177971923563,0.06565373790013618,1.8713978508940388
850,pre,992,-0.9952071930668103,-0.8526127506333079,2.802631344217433
855,post,2966,0.400883365835925,0.36435540812204925,0.6991655314971577
855,pre,1067,0.2828040813345424,0.24582305652700964,0.6714044551900219
857,post,2775,0.5259954637143109,0.6070699607393681,1.0832682166375098
857,pre,1040,0.41456998360282127,0.542800726829181,1.1664479850824945
859,post,1642,0.6111308437264742,0.6532930462256736,1.095326857201326
859,pre,1085,0.6116043528069308,0.6984409253429713,1.023030453821656
860,post,567,0.48273302031820076,0.5686706249571561,1.3742083999087558
860,pre,1156,0.41796977152542747,0.5370427100629882,1.4179358270845248
861,pre,446,-1.9037543734943978,-1.004056673556482,2.8507806477352062
863,post,2943,0.5413862627815209,0.7301751163368934,1.071795167536827
863,pre,2661,0.5049946935603209,0.7296957934805072,1.0663413410991354
864,pre,2586,0.43426607892629965,0.6305887722151032,0.8611098504611631
865,post,3800,0.4513599962473437,0.45770666320569,0.7009192485350763
865,pre,2303,0.5268252341844906,0.5773431823393191,0.7649988168114403
866,post,3168,0.44108872775427166,0.6956478626680792,1.1095599566484038
866,pre,2036,0.4904156831338151,0.7063165735906547,1.0631097963893719
867,post,3996,0.6494971014215585,0.7422236176403327,0.8633957873978526
867,pre,4365,0.6102059667054445,0.7150786696253699,0.8386558677971729
868,post,326,0.04495211387437337,0.5487189932641121,1.296315212788589
868,pre,2877,0.4952660121944392,0.6047870604438118,1.0654910813462668
869,post,2149,0.015905762659194744,0.5286832099604799,1.2169410230743571
869,pre,2101,-0.289354686589244,0.3906140998753601,1.3628683451817871
870,post,554,-0.6317823296888225,0.07438476439774133,1.7215900206081312
870,pre,1399,-1.8128789100924494,-0.35427925548797656,2.1112100060272865
873,post,403,0.11333315147394007,0.18982552287631027,0.920506869034289
873,pre,164,-0.1536967546704704,-0.001982919863855903,0.5734254199264153
874,post,635,-0.09523573796933715,-0.09770604404604044,0.28850284309723967
874,pre,190,-0.23162321977953448,-0.2547084730607656,0.21184583857615533
875,post,546,0.06422794193204595,0.30023541635576223,1.5388532981776073
875,pre,311,-0.15183581152989012,0.3415458384630712,1.3446435675592627
878,post,978,-10.079329296922761,-1.836227237173039,2.9580084878567745
878,pre,360,-4.91583670383906,-0.787246040511902,1.9848276872973893
879,post,288,-0.11171435135623442,0.2615332736731131,1.112722148102335
879,pre,123,0.16687970568357702,0.3621929638873289,0.9617238313840922
880,post,967,-13.421300371109409,-3.0706587232873686,4.662428893086925
880,pre,308,-7.637676606509123,-2.4049079237608644,4.048856548665183
881,post,366,-2.8322329377964977,-0.9459894565001952,2.6888479970689327
881,pre,164,-0.5990787284939458,-0.0842521753856127,0.6215441356975776
884,post,1061,-1.5856297081052504,-0.04869650476204512,1.8262785258157315
884,pre,419,-5.0580518836896085,-0.44447833258194347,1.9416521159024454
885,post,3194,0.5149337580443699,0.4193513043169528,0.6790836082882268
885,pre,1541,0.5771520082674655,0.5122866083227255,0.7056652437785181
887,post,1987,0.5675799585916215,0.5930079403320032,0.7682102118359893
887,pre,505,0.48375894362878114,0.7048275132580255,0.8887672164484559
888,post,1298,0.5052867677942219,0.43430611720632994,0.8737251433501252
888,pre,1344,0.4319534340532175,0.40382291432479944,0.8616348020919451
889,post,3305,0.5649350412505831,0.5000576604648694,0.8406190352899832
889,pre,1455,0.6274587794014199,0.5271657316900182,0.8162710629764153
890,post,2085,0.7250860130544254,0.7114173156030359,0.9842853787056501
890,pre,1118,0.7644597640009907,0.8351250758414113,1.0364841152565478
891,post,2052,0.6238832465660488,0.6680891049464937,1.2994535058178023
891,pre,1345,0.6202472855110077,0.6987203514799039,1.262366762984397
894,post,1307,0.6208251891506065,0.593726162504252,0.7384847760900926
894,pre,977,0.6200718692747562,0.6128044964493393,0.7626757412165195
895,post,2317,0.04270816053650184,0.048936236107520625,0.34643419548670223
895,pre,831,0.20008392329690716,0.12726166579967135,0.38547415500217336
896,post,1410,0.30872152716014556,0.5061505256038261,0.633715582404807
896,pre,633,0.13113413906231575,0.38118656047252053,0.5664691787728762
898,post,1240,0.4770516417501527,0.6478157763847037,0.7650786355278707
898,pre,802,0.1662053326603351,0.5820590166189993,0.8481893865533828
909,post,234,0.2609144683374972,0.04998961743753849,0.3961140742878617
909,pre,2070,0.20863555787678878,0.13226145982834303,0.4706988961607133
910,post,644,0.16633384140003482,0.46902707414393086,0.8092798584561007
910,pre,1480,0.2704974967598597,0.17950747634757003,0.5812113012963608
911,post,756,-3.9772628027835903,-0.5129770525514512,1.7434605054321335
911,pre,996,-3.7516169422141763,-0.5513173081510427,1.9387417429160458
912,post,327,0.5618183398169807,0.7546752174658595,0.9330289050356174
912,pre,1192,0.4129487892404563,0.5025985107219649,0.8053491737879988
913,post,1949,0.00734715870321867,0.22798725871281733,0.8113554841118825
913,pre,1358,-0.30803865285641896,0.09422108412629793,0.7574780500110937
914,post,286,-0.5391208119117201,0.3804850170229922,1.5587452384200198
914,pre,1641,-0.11314912593075244,0.4983113672367956,1.3672375732404156
915,post,1122,-160.26687395994693,-7.322955677831281,8.453326731400995
915,pre,2032,-17.764378774523635,-3.0737095360864055,4.970074123653664
916,post,3026,-3.4965550683994,-0.34721764142399913,2.2016937212336964
916,pre,1593,-9.501866544921317,-1.0642763465528131,2.9131413061315468
917,post,620,0.10501935934545215,0.21724394702307592,1.0836645624709373
917,pre,1300,-0.09312809723317317,0.12945921660209458,0.8962209243355317
918,post,1783,-0.46267413577965777,0.1931005346508644,1.391071896977846
918,pre,1850,-0.801127705168204,0.06153797376509662,1.4265231309649358
919,post,1750,0.000148889966940291,0.21119853736491678,0.8400168632930123
919,pre,1460,0.21647266047607971,0.33026807602479236,0.9184211593968828
920,pre,142,-0.5063744157423926,0.10735277965995904,1.8269677655131527
921,post,552,-1.8572083828973907,-0.4976766582788408,0.022894984556697397
921,pre,1445,-1.5046933543050818,-0.5657756628645347,0.03348691781416895
922,pre,591,-3.5453939271569865,0.006117763058624326,1.7361927238754291
923,pre,450,-8.029802474786392,-0.15529660404000056,1.9925387348669084
924,pre,389,-0.8794525723818536,-0.015274952854213097,1.2900143822834518
925,post,1917,-0.21550975495578872,-0.19123024802256516,0.740534692349182
925,pre,680,-0.08130983593968,-0.05766127465657034,0.778099619322308
926,post,2858,-3.2619604785633234,-0.6872452760867493,2.5946937124598346
926,pre,2417,-1.3590706393417915,-0.4564683444136459,2.2167309932473973
927,post,1443,0.43842123022515567,0.524349247559871,0.8316990510624732
927,pre,1162,0.4194011123543939,0.7120298361660814,1.0417462063211593
928,post,1393,0.27864034184906883,0.33583070382249125,0.7884724123207886
928,pre,1162,0.22632860712787417,0.3494580593003531,0.818768570287839
929,post,2583,-8.624835776203694,-1.7910927715985032,3.757882350805678
929,pre,1262,-11.187588246990027,-1.9144465193400042,3.8741807066383642
930,pre,420,-0.1528643544443664,0.1477879531666091,1.0150982662691264
931,post,1190,-5.634095641569902,-0.4599501909288306,2.091399050192748
931,pre,1489,-7.548045060400131,-0.8102048495919916,2.4369435641645114
932,post,1937,0.006257696207574326,0.06081121470778994,0.7713935387679255
932,pre,1078,-0.13327649691055132,-0.08991811188188725,0.7022896528477875
933,post,1985,0.16678919345002274,0.31775184060000394,1.091629526020084
933,pre,1303,0.21131192195708703,0.3839775325725039,1.1520763323372416
934,pre,428,-0.009951678240674555,0.24955109233057715,0.9804432463556423
935,post,1325,-0.2506476931473647,-0.06751269107176316,0.7130191283696065
935,pre,1043,-0.30476330163311816,-0.05327275924258523,0.6801901547681783
936,post,1759,-4.640374303133468,-0.3393739379665859,2.0672759682820447
936,pre,1626,-0.8345879880020359,-0.01624840149767315,1.6145414200924026
937,post,1849,-0.0656462444744188,0.1854514778999674,0.9649999878040304
937,pre,2040,-0.22746006066558833,0.048751183405418286,1.0142202903218425
938,post,135,-2.5602454786715216,-0.13637697342715605,0.23565458022834512
938,pre,203,-0.42977231325707543,-0.12189109923559571,0.32188485366959374
939,post,83,0.32998338872472177,0.4438735278614322,0.8535753989135846
939,pre,166,0.20102072971879947,0.13256234218324248,0.9377619939931601
940,post,154,0.39884882799786514,0.5552379978093687,0.9658877103378696
940,pre,626,0.33091653479532757,0.4959489250886445,1.0845300007921364
941,post,135,-0.8882261800198019,0.27247339077311183,1.5974378244312473
941,pre,536,0.3576671598322001,0.5059232637712986,1.3678622025664047
942,post,68,-0.6706442358627462,0.22984445159800448,0.9436575865560647
942,pre,133,0.1760183564931297,0.2681721231525924,0.9823674545868538
943,post,94,0.16157669498066318,0.45195984851017423,0.9318180503519329
943,pre,174,0.26308612807919785,0.2790366579306264,0.9858877563365179
944,post,96,-2.584577096231331,0.07630529100863592,0.42438661521409543
944,pre,154,-0.11887354856565224,0.5549678860873059,0.7390196382902832
945,post,114,-3.2881065089691495,0.07576968046167643,1.823912300105205
945,pre,208,-0.785064269572834,0.11730653959888138,1.6689892298055602
946,post,120,0.1437981987707747,0.3023016671391784,1.1782364905315958
946,pre,230,-2.092306248528567,-0.03702577858719902,1.7850778266494172
947,post,188,-0.10000774521753586,0.2472561263135552,1.3826998521486777
947,pre,315,-0.7540264037935214,0.34949009056737756,1.5554082875850546
948,post,339,0.5129168934639502,0.4909769658096742,0.6926463268299922
948,pre,1031,0.5930656547482953,0.5465549094140203,0.7204233441156337
949,post,177,-33.756287619992335,-7.522904812980244,8.300834090410357
949,pre,977,-1.4620175601882495,-1.072418808448945,2.801946749858754
950,post,656,-0.059955078304584575,0.5019325061190414,1.0143773733950576
950,pre,1309,0.25527181726704007,0.45743626789733494,0.8427224838802518
951,post,479,0.5402093123307321,0.579174220163231,0.654010660917468
951,pre,1330,0.6459046401969821,0.8056955897918836,1.0529439345899814
952,post,430,0.44631477318652046,0.5726687058332669,0.9210780995659407
952,pre,1092,0.19425665780707346,0.3428308331696155,1.5732902262675952
953,post,551,0.11806305445916099,0.1751287793720555,1.743738600596991
953,pre,1275,-0.8820267802745347,-0.09280412843118357,1.7766709554673106
954,post,616,0.5023490302735591,0.388608292206422,0.6795342982732525
954,pre,1411,0.4884307000873407,0.4064306465535682,0.7373793775333733
955,post,262,-210.27718143303062,-15.272903514766824,12.785360051390969
955,pre,830,-0.9430093255371745,-0.31627128318627484,2.133549248677087
956,post,343,0.14080734960255825,0.30278723648683004,1.6089342411604308
956,pre,733,-0.7102235927415144,-0.7357397706108428,2.662763393134232
957,post,346,0.08096224989725553,0.5667735942204926,0.9841353860841734
957,pre,695,-0.27239924986771547,0.29423419608808565,1.473107603637342
958,post,1840,0.6248919633489884,0.8166235001699321,1.0601704061142814
958,pre,987,0.6267808479289256,0.7356012389521489,1.0293867787960842
959,post,1578,-0.4038748413098119,0.5612408774672561,1.2515339373134424
959,pre,1051,-0.02169567385365312,0.676071958021413,1.1598708183820512
960,post,2383,-0.373983947441908,0.5554412107100138,1.3988297510066607
960,pre,1857,-0.18310116710247581,0.5657332122899651,1.3302187040701843
961,post,689,0.5343575717946221,0.7204219125445147,1.1916704529478346
961,pre,1013,0.06067525402337037,0.5294356482006226,1.2479158414063092
962,post,1511,0.6890354610662401,0.5604189329262825,0.7920446978866595
962,pre,1526,0.6481358488231309,0.5543278588008982,0.762584807716679
963,post,3521,0.7243788045005994,0.6914802685788094,0.8673143254175675
963,pre,3759,0.6937869484403425,0.6981292508895383,0.903505506546172
964,post,3127,0.6721955365288196,0.7052032086424594,0.9245631275501484
964,pre,3223,0.6414955619563025,0.7096258437231346,0.9523327746217018
965,post,2701,0.394291483693039,0.6548193307244463,1.2859323927876951
965,pre,2411,-0.05231420825350286,0.5308867732785496,1.320707453368554
966,post,2714,0.7537437956602827,0.7873459999909589,1.1156395577936735
966,pre,1415,0.6820675895991054,0.7276961113400366,1.178565887729451
967,post,3484,0.8355161726138942,0.8468216398992547,0.9630291381196049
967,pre,3818,0.7297815789357445,0.8067173488371016,1.0163585439135356
968,post,1719,0.6638784099743109,0.7733800221228048,0.9351282436209624
968,pre,1483,0.5771646999804662,0.7091337311985502,0.8872160113962305
969,post,1665,0.7412921964522057,0.7846841794628543,0.8747697089871748
969,pre,848,0.4527387122771819,0.4983457525983759,0.7814223740030855
970,post,2341,0.5287892950176813,0.6924506014929028,1.204707822482693
970,pre,1872,0.5663763151553409,0.7378177584729466,1.0983548414292355
971,post,2627,0.5944212846216675,0.6076927123445022,0.9820273559583327
971,pre,1951,0.5097579670672874,0.600698995454086,0.9314123656699025
972,post,1303,0.7393605500499821,0.7901005426884649,1.1747579688422172
972,pre,866,0.5321954988333397,0.7585000190539088,1.143838949256735
973,post,1668,0.015340278490259984,0.4941616812266215,1.3424872827220113
973,pre,1886,-0.08474557111502046,0.5192173819236938,1.3681202864782585
974,post,3382,0.415969503559119,0.6049646369421248,1.196690966017371
974,pre,3455,0.49042686776803,0.7462573686115433,1.0592960898308035
975,post,2220,0.8030788972047268,0.8793594437757946,1.0723356560683703
975,pre,1623,0.7014968218241154,0.8341875688962445,1.0038822834214507
976,post,2461,0.5928740966095872,0.5103537592662984,0.7079831465388864
976,pre,1979,0.5696011051817922,0.6154341555750225,0.7956791560717219
977,post,2541,0.7094790588790784,0.836449273337488,1.0098033694311597
977,pre,2399,0.6894026148410672,0.8077608401956649,1.040320211072703
978,post,2846,-0.17691413237026254,0.24178264706244723,1.587035167314919
978,pre,2306,-0.13150082917822226,0.3525163403334215,1.5268799696811992
979,post,2017,0.10600919826248312,0.5362841867045278,1.3766455739532424
979,pre,896,0.08191192074894416,0.531200878727616,1.366025599526819
980,post,2574,0.7201778125588418,0.8275217530675196,1.0783187574418744
980,pre,2872,0.35808079659862446,0.6025897876395633,1.1959236112772242
981,post,2842,0.6434437932798427,0.7807969992140252,1.1179424110089873
981,pre,2854,0.5968876485664381,0.7364480980833684,1.143980841130095
982,post,2777,0.7580322945602672,0.7601280256590348,0.9274530212385824
982,pre,2101,0.632061540578948,0.6475350569719195,0.9361548935860682
983,post,2756,0.747944123599384,0.7653473204856869,1.0342511720114802
983,pre,2260,0.6252278898601155,0.703741755140485,1.0618898136788923
984,post,636,0.6740420764635443,0.8140676403353926,1.0943242665474058
984,pre,583,0.23196868114546887,0.5197340874188839,0.9753659863449429
986,post,2720,0.6712485264254606,0.8330077627485655,1.0220650500341288
986,pre,2553,0.6207281079217449,0.8038282643532921,1.0187067064073132
987,post,3116,0.8329814187976968,0.8662839985404235,1.0280785467581743
987,pre,3809,0.6809424027641755,0.8332088533660436,1.0545324500026105
988,post,2558,0.5881144485297243,0.5816103596351219,1.391284280646806
988,pre,2975,0.32229127049016104,0.48930584453859627,1.4710332674891333
989,post,3062,0.6222390009930167,0.7241150733307606,1.2078303773236616
989,pre,2454,0.6428005724116963,0.7917707694988576,1.126300704164476
990,post,2637,0.7779825723405135,0.8848047403851921,1.0089184231835766
990,pre,2530,0.6160533573274621,0.7955180208934862,1.0955386117281234
991,post,3054,0.42442607827638446,0.532601124782921,0.7038543485292769
991,pre,1807,0.38321272691552855,0.4856360916679823,0.7248375222868695
993,post,2750,0.7257528203295387,0.7180274482564648,0.8505047599919974
993,pre,2691,0.5685590078358439,0.7090419088232673,0.8648888904782416
994,post,373,0.47664844696306696,0.6207941298585349,1.2950946735427484
994,pre,1041,0.04953219776623685,0.32784797409259103,1.498449462221506
995,post,2873,0.6803906226529829,0.7947680323047943,1.14110601148119
995,pre,2657,0.6273032438423631,0.805969394222124,1.0516641013407058
997,post,1594,0.5822851090488319,0.5120521724941657,0.8958012709333019
997,pre,1302,0.4073596956869552,0.5874161489913221,0.7522993074762937
999,post,1006,0.14303736877301243,0.5112129814433677,1.4619218598019628
999,pre,614,0.29337238996013726,0.5932723596510205,1.347492830553298
1000,post,655,0.6933759745095655,0.7201729943972187,1.026689605674526
1000,pre,411,0.7078626593262547,0.804764480967546,1.1153551936758843
1001,post,2091,0.50499952168065,0.5268735323152787,0.7251366354896664
1001,pre,1344,0.4001628715336607,0.4971215071879709,0.7174123235592851
1002,post,3236,0.6866518114424607,0.6729414020091078,0.8713078261625822
1002,pre,3241,0.585958840623801,0.5833557896437762,0.7669702413165211
1003,post,2949,0.5179732199730476,0.6375482290951144,1.3003244421000582
1003,pre,2154,0.2638252268807382,0.43280283441015976,1.4768924192700608
1004,post,1753,0.6983978745563472,0.7285711735033187,1.2077628811140078
1004,pre,750,0.7148937108638254,0.7439231245750038,1.0439225657225804
1005,post,1916,0.6699870372397875,0.7391037983719875,0.8046944403334833
1005,pre,1063,0.5546102222709994,0.7334732194394797,0.8554279389614916
1006,post,3372,-3.024894469654263,-0.2117719485010654,1.5073725179085324
1006,pre,3537,-3.407132267127966,-0.2657798198966952,1.5948170079045305
1008,post,2862,0.6731743049499458,0.752951650391422,1.1812890093703943
1008,pre,2681,0.579115884007514,0.7750710118505287,1.103322185592328
1009,post,173,0.488889683233492,0.543704936282897,1.3446547296852835
1009,pre,2139,0.6692449497551112,0.7458600189269604,1.0988924802171292
1010,post,400,0.5625861154768361,0.7793802236962994,1.0371050492233371
1010,pre,290,0.705589726359158,0.81675330734876,1.0933433742269152
1011,post,1160,0.6549130112773041,0.7919084582056568,0.9054481754590629
1011,pre,574,0.519262527554583,0.75416488600034,1.0276703170219694
1012,post,1937,0.598643407589822,0.7101876786622141,1.2237321363602938
1012,pre,1729,0.16959496316165845,0.5117332389583964,1.337553041324139
1014,post,2088,0.6050454661070983,0.7796321649881692,1.121033330171759
1014,pre,2148,0.4949187021664846,0.6989687088493151,1.2080881407464328
1015,post,2795,-0.6024392102564196,0.22204357631206684,1.4738101140570443
1015,pre,2252,-0.4133716551184863,0.27216164556307587,1.496688543987916
1016,post,2504,0.4294118078419954,0.6915432786644224,1.1135694448545046
1016,pre,2635,0.3457933803715121,0.6583410967863186,1.1624508601401455
1017,post,3023,0.6724693521208526,0.6942842678179764,0.8793927272934069
1017,pre,3116,0.6086952924985332,0.6335411830385097,0.7931864409141375
1018,post,2973,0.37862375125416514,0.5102992645216279,0.6764758777667625
1018,pre,1787,0.5359267149840383,0.6130637132598171,0.833371550961717
1020,post,2534,0.7133709059790951,0.7698095753913596,1.0182930329278215
1020,pre,2630,0.6076229689476425,0.7526109900314234,1.120915274895764
1021,post,1109,0.7175561598654419,0.6347221599926072,0.8760755165138537
1021,pre,850,0.5946108461115112,0.5474847820514315,0.8067476151225137
1022,post,1147,0.1315281724795384,0.40380413594434816,0.5587788692876244
1022,pre,985,0.1761001979004846,0.3594930909437182,0.566750122282758
1023,post,2088,0.12761198037797072,0.5454256995631814,1.294189791718824
1023,pre,1260,0.2048609640395055,0.5142447672055228,1.3557680699202406
1024,post,1557,0.18804243751823013,0.5149889695352843,1.3718674869756848
1024,pre,964,0.31544544239557726,0.4946112750533157,1.2673920820883178
1026,post,2116,0.6098421025817972,0.7970651529137829,1.0516601534944907
1026,pre,1914,0.5600473765227786,0.7754957345811261,0.9480443816384856
1027,post,1393,0.5597478758329428,0.6496530781520681,1.0624454037344555
1027,pre,1050,0.35656214647857587,0.604128920662204,1.1351968743519762
1031,post,2701,0.7173322172150995,0.7654706507409785,0.9630979195893667
1031,pre,1081,0.6726706522472947,0.6676844257565195,0.9281409231609401
1032,post,1119,-4.472363710353324,-0.6573697798673908,2.3098628660127414
1032,pre,892,-0.438827795605214,0.004965576931924343,1.9124329784163856
1033,post,2308,0.64352372406672,0.6254298930904596,0.8162982333391584
1033,pre,696,0.7233320241470877,0.710777352538307,0.9754358058889493
1052,post,1858,0.43069382980749327,0.6731191895772568,1.1910637223277145
1052,pre,1189,-0.1183853910483772,0.16451480950992092,1.7194968644083273
1054,post,2293,0.3228879266974408,0.5835236608074257,1.2682804358514617
1054,pre,1029,0.3837443507062869,0.5732859417550373,1.1029681725353855
1055,post,1161,0.3061700231959613,0.44886919486388055,0.7119413164012224
1055,pre,1433,0.12645542594477455,0.417874463723116,0.6851212606134522
1056,post,1595,0.5269636258965558,0.729410794479401,1.1626701907090322
1056,pre,1038,0.5420666042116118,0.6287961817631287,1.130357983738458
1057,post,1533,0.4692610919040393,0.6305662601163649,1.3007587561695166
1057,pre,1762,0.2100782038052469,0.5172269562888898,1.3982933050095427
1058,post,1360,0.2678293636083974,0.4944156657039087,1.4322340587118392
1058,pre,456,0.10318310872467806,0.3987061833623995,1.51305960840321
1060,post,1428,0.49916414930347097,0.6845179461084401,1.212409140649305
1060,pre,718,-0.24174849325396686,0.3135885378701049,1.488083724671831
1061,post,1176,0.5910704662900657,0.6670288268221444,1.0897133531243854
1061,pre,847,0.43836573858544514,0.6830046830568551,1.2176297055667693
1062,post,1162,0.6007581371735236,0.6275085073498148,1.041586240794494
1062,pre,702,0.5210707511003619,0.7308423430990865,1.1684341488693233
1064,post,1325,0.6447217526795337,0.7208005711990706,1.0538565926201324
1064,pre,765,0.3633677655115555,0.6133966637907797,1.2661848317285558
1065,post,1568,0.5347232247685447,0.7163630271063289,1.190843158743791
1065,pre,855,0.11946835887764717,0.44232506329167365,1.4642288103523664
1066,post,1466,0.5313389833451019,0.6308567737789399,1.0675453161716264
1066,pre,1408,0.43738849657498846,0.6640844285758756,1.2076961331416232
1067,post,1555,0.523419807179331,0.5566454017134442,1.1017944351457523
1067,pre,744,-0.03176883611107151,0.4718368636589244,1.3732899551097115
1068,post,1827,0.31644319221789874,0.589176362431697,1.2313369834025063
1068,pre,1183,-0.38547575175196247,0.3103458805589472,1.3684709795312442
1069,post,1146,0.597368499995484,0.6362933319008042,1.0592418463675692
1069,pre,779,0.4406761118629198,0.6695833076171053,1.2275530760619688
1070,post,1489,0.5328491747862484,0.5314402878672907,1.3555342078892474
1070,pre,908,0.18146149932460687,0.3687603416382035,1.591442189310199
1072,post,1412,0.5203549266670208,0.6843244395569179,1.2230176836499458
1072,pre,1171,-0.08534627871642209,0.3995105581837354,1.4419973353196813
1073,post,1588,0.5880391024011057,0.7272111391297413,1.1264293882606675
1073,pre,1016,0.3884500010028812,0.6070837638543123,1.3156865124792956
1074,post,1634,0.6234256588693334,0.706375165455958,1.0614505711862812
1074,pre,1656,0.5724540209341994,0.6264655739844776,1.0911773632020128
1076,post,1593,0.47051422767920636,0.6027366262538733,1.0792927633602218
1076,pre,463,0.35096313316514216,0.531424321118035,1.2223197864742348
1077,post,1346,0.6202553356601523,0.7418235489854004,1.1903305619446578
1077,pre,1585,0.39851819094642593,0.5473876865746834,1.409183262612686
1079,post,1753,0.6735609530145029,0.7144279011005488,0.972802606138721
1079,pre,1293,0.5973498799595578,0.6571289592779116,1.0223353839541542
1080,post,1647,0.7478885048849446,0.8084017315476936,1.0430515191083063
1080,pre,586,0.6124530781748699,0.7966651319009083,1.0543806718228907
1081,post,1433,0.46403617602986014,0.46239349203328917,0.8666699636006537
1081,pre,879,0.4345225877062999,0.46091923367547905,0.8893751159383118
1082,post,1357,0.5134211449202182,0.6575302183631648,0.9605163639269884
1082,pre,1133,0.5476619652355004,0.7431270289269323,1.0568413593167214
1084,post,1332,0.40147943143555265,0.3759381752976986,0.8613815304585114
1084,pre,746,0.19192797649536475,0.17206701527849633,0.8801043428075497
1085,post,917,-0.09133183533972478,0.42142826294185276,1.1735623783400115
1085,pre,413,-0.34245363796519057,0.3131684203140598,1.3403756687951502
1086,post,997,-0.13429623337947305,0.3916435916658615,1.5292688096298388
1086,pre,408,-0.7122205459488304,0.2650827525160213,1.663369313373608
1087,post,1017,0.17839151341812953,0.5813819920477308,1.3391709634312579
1087,pre,449,-0.052416609006595394,0.4962634947137373,1.3142540830937754
1088,post,1559,0.49776226174631566,0.4515175085848909,0.6664986997645369
1088,pre,1412,0.4296996489480497,0.5054404193276467,0.6566316642116744
1089,post,1330,0.7065562046794327,0.8219664181510491,1.0078605781080463
1089,pre,813,0.664492804976402,0.8115967066199382,1.002153622113253
1091,post,1576,0.5510506780138962,0.6053483118375942,1.1209495289102247
1091,pre,1540,0.4903655321278194,0.6445184990557662,1.2207542190812029
1092,post,1560,-0.47824138750133693,0.08726776646881174,1.5445610577753708
1092,pre,1050,-1.425841359130239,-0.16997550811967632,1.7591122088957598
1093,post,1571,0.6308259424675446,0.6497197071233377,0.8844760475376595
1093,pre,1400,0.6287873374648287,0.7435878595690488,1.0104988937204953
1094,post,2038,0.7318599247931363,0.7908147591711399,1.050069766206126
1094,pre,2027,0.6686116753633704,0.7648223207620912,1.0478150922029608
1096,post,1333,0.7026125303430708,0.7432104345108503,0.9042603481907717
1096,pre,1011,0.5367830660061669,0.5677329195010014,0.8147129560459766
1097,post,2015,0.5346090750825268,0.7401591347619447,1.0849931717948675
1097,pre,1836,0.554178322332328,0.7625335173021539,0.9911813294669556
1100,post,132,-4.277109728589863,-0.5516490119085953,1.2084194064677634
1100,pre,24,-1.769440746100725,-0.15807378327283672,0.8343531728348492
1101,post,307,0.37190723946994075,0.6513922742371452,1.159339625481101
1101,pre,219,0.2627182451824094,0.5742239205694161,1.1841576599101928
1103,post,324,-0.973188294636723,0.28723483756365353,0.5684343028646195
1103,pre,237,-4.928247909929165,0.09098691519534152,0.35289507020860017
1106,post,595,-0.6508035189279733,0.23228116612733896,1.4216663464306594
1106,pre,932,-0.0030285456411525136,0.48409893331609777,1.184742380491817
1108,post,415,0.5514994752933486,0.7230311030998493,1.192627098108438
1108,pre,202,-0.21655023997358835,0.30781388324005876,1.5070651682330143
1109,post,423,-3.20037067240024,-0.48248973736919365,1.2355900495571495
1109,pre,359,-1.0679555465424464,0.07283967952706372,1.1891424846264733
1110,post,78,-2.9125176680186686,-0.28638141596620237,1.7755365390736626
1110,pre,58,-11.156807517685243,-1.4882866788314981,2.174702775099233
1112,post,212,-5.422759183519583,-0.26895119147891644,1.766892306229166
1112,pre,144,-1.8865154437539071,0.11418831870484325,1.4534782149271908
1113,post,113,0.2537601629079521,0.6056749769435888,1.241764133036689
1113,pre,65,-3.192373633897186,-0.41232718394040035,1.7122545910726255
1114,post,277,-10.283887032526358,-1.1952225476795526,2.2035072259455837
1114,pre,408,-5.451088588854905,-0.6588808362024963,1.7404303216002128
1117,post,79,-19.822965752153404,-2.530923486895382,1.8456783022169103
1117,pre,65,-3.925701240316691,-0.39523082166774315,1.4656643234687525
1120,post,266,-0.5770246927188445,0.32034321077726324,1.2793265577390813
1120,pre,385,0.059979624216384475,0.4416608901775756,1.0640185882899995
1121,post,459,-0.43885340512390725,0.3130858928487775,1.1075173581226831
1121,pre,314,0.18392966080768092,0.6035365195104614,0.8704097608562074
1122,post,249,0.203337792019058,0.6577569400592016,0.8180262131476637
1122,pre,421,0.09520597755058469,0.575910685498835,0.6793602554007577
1124,post,118,-15.298921855995467,-0.3413239367312806,2.2780086304412164
1124,pre,186,-13.982044239711538,-0.04748643220998017,1.7823455853604442
1125,post,314,-1.554188728267965,0.17684637261241676,1.382612860873223
1125,pre,374,-0.9534436480156372,0.2009399216443889,1.2401570772396622
1126,post,323,-0.9404886918377617,0.37561205452874213,1.3525911379355617
1126,pre,282,-0.3570783201285095,0.452228035867589,1.2277068479156696
1127,post,36,-333.22058278086735,-4.335799202023775,2.819859596819986
1127,pre,134,-202.2106072209917,-3.5378391449892543,2.38766252894342
1128,post,201,-17.605611725089744,-2.3128274344455155,1.8179506543843917
1128,pre,314,-3.6210215847376936,-0.3873924233468573,1.5010424779230482
1131,post,161,-1.9550879305422804,0.0068149172151315,1.4591829950537132
1131,pre,430,-1.522927392257476,0.0942361430468881,1.318030551184478
1132,post,254,-3.8718771334251807,-0.2553515988858841,1.7736104269170951
1132,pre,437,-4.564697161443759,-0.3418309350592681,1.629437443541392
1136,post,377,0.11030224002001754,0.5171780264665511,1.2364625983715565
1136,pre,102,0.3808776164555735,0.643030179897095,1.1173895494606279
1142,post,519,-1.032640280561914,0.02402555175274146,1.4301755736752144
1142,pre,183,-1.4141178173374556,0.04022030796442555,1.36425185442255
1144,post,1207,0.6523387053982562,0.7047450413067282,0.9905276907191102
1144,pre,433,0.5155235073057793,0.5753568955671319,0.8467554535465067
1147,post,477,0.2797500742370792,0.5405864356150085,1.2321275515018302
1147,pre,100,0.6392840438857414,0.8200884223146759,0.9811855372932367
1151,post,820,-1.0540629454865416,0.1501322095848424,1.5649434389235062
1151,pre,1002,-0.39794850165871987,0.3363615048269396,1.3908542282838552
1152,post,512,0.26625044080160387,0.5734336287061789,0.9852430853594428
1152,pre,219,0.17382634892427085,0.459469175463739,0.8244022589817772
1155,post,250,0.16366494350838878,0.6011893503141865,1.0971748155125978
1155,pre,214,-0.04664410616192516,0.4276780880746519,0.9185320541126187
1160,post,2121,0.5329426317207204,0.6185885871239771,1.1180458594737244
1160,pre,1246,0.5100717384161966,0.608034084024471,1.0756334744395475
1161,post,1589,0.5220022539675975,0.5426180767420412,0.908508141994373
1161,pre,698,0.4393215857446918,0.4894986952639474,0.8578205965742475
1163,post,1889,0.7361703131843654,0.8527489241113544,0.9500080089829654
1163,pre,1001,0.6975712851866045,0.8305063994240189,0.9174711706326925
1164,post,1462,0.6809966244700318,0.7575359066215976,0.9467890788884423
1164,pre,1071,0.585630502049953,0.6879266922020039,0.9291295276827777
1165,post,1838,0.723734031656075,0.8021522330993976,0.9940381346993201
1165,pre,842,0.48132878086584296,0.6389627870143177,0.8328497167724548
1166,post,975,-0.5457753058231192,0.3828926659656948,1.5398768418294047
1166,pre,364,-0.13136508330913133,0.46784238290020164,1.4491205458064262
1167,post,2220,0.659405487971431,0.819603867461287,1.074669289922667
1167,pre,1598,0.6466503168771451,0.816686352579599,1.0336399126045164
1168,post,2251,0.6114259434341163,0.7338028792588231,1.1770856066508308
1168,pre,1201,0.5903928761809574,0.7869252794979475,1.0229405917382943
1169,post,2395,0.7025215840985792,0.8381532130045846,0.9672983172920016
1169,pre,2091,0.4818350545400806,0.6549373662641838,0.9196008604367955
1170,post,2238,0.5588920499160084,0.6348401050363872,1.288573824595265
1170,pre,1628,0.6335391036603608,0.7918756284722828,1.114406444132256
1171,post,2126,0.5452797559339511,0.7758369563769726,1.018407557522128
1171,pre,1329,0.5359465158302787,0.7650754450765522,0.9260978886158061
1172,post,1386,0.7034315035111585,0.7421955595056355,0.8985527690817978
1172,pre,940,0.5461688781195002,0.5927921488234157,0.7926181059402799
1173,post,1760,0.7459991215458964,0.7893811885521429,0.9265211572728289
1173,pre,555,0.5576357699156873,0.5887075869380973,0.8041956463115656
1174,post,2145,0.5375618038977352,0.5745456818553805,1.3348882282896266
1174,pre,1598,0.6231723668508948,0.7864669923165117,1.110230032362076
1175,post,1653,0.028299323118078812,0.3534011057399191,1.4023736323010387
1175,pre,1074,0.368765009603663,0.6249118935762168,1.2128307659367583
1176,post,2084,0.6135411994805011,0.7852366637206225,1.0817909546013649
1176,pre,1311,0.48985446302010427,0.7346363304305484,1.0814148222603697
1177,post,1105,-0.3575013525129318,0.31217883358387066,1.5765763017037993
1177,pre,386,0.47532317131254853,0.6129593171026216,1.3351087486309035
1178,post,1204,0.6362445017923051,0.7295178218347761,0.9043798985019398
1178,pre,391,0.2615770531507897,0.48339087110683265,0.7734404429594209
1180,post,1212,0.662106072548975,0.7847801107620634,1.0055434656150763
1180,pre,509,0.8077153055346218,0.8454226264551326,1.0421435044240681
1181,post,1751,-0.47371851885306193,0.11412817395841979,1.6729712368066976
1181,pre,1162,-0.0746004533189264,0.3855343377952486,1.444831652507426
1183,post,1940,0.4333307224136663,0.6169942339114081,1.2748402251177382
1183,pre,1466,0.49073186604207253,0.6546734062966258,1.2214091595994818
1185,post,2174,0.6420577543571606,0.7864920564504406,1.1255337783697412
1185,pre,1790,0.6034946149103337,0.7212799533529288,1.0026836400182217
1186,post,1865,0.3880538584729081,0.6077924713323339,1.3163499487501935
1186,pre,1370,0.4133626964120365,0.6851832328261351,1.2011620181253067
1187,post,1763,0.4775327306679692,0.7301319535666451,1.120428150839364
1187,pre,1162,0.36297273531596885,0.5752555283258044,1.0502871297737097
1189,post,1756,0.29515878500845383,0.5058792011900157,1.4526262423645175
1189,pre,1018,0.47196079433702043,0.5869719021409698,1.3701514989801717
1191,post,2398,0.650881897839896,0.7299592592952808,0.9396834503555542
1191,pre,2263,0.5972438764580368,0.6939031708256986,0.9105569716019719
1192,post,1602,0.39892030895648833,0.6479926384211261,1.2133706216167877
1192,pre,1222,0.28404217298740575,0.6456002817989731,1.1376042853385908
1193,post,2096,0.5960254026962972,0.743615898139755,0.8829863344440188
1193,pre,1121,0.41044800172092566,0.6237804469219523,0.7835721056543932
1194,post,1658,-0.5549169565222549,0.11207877566318492,1.6819561885637706
1194,pre,675,-0.2509071274654562,0.3230781820711972,1.4768364443455637
1195,post,2054,0.6136457034872682,0.7841581827547575,1.074286055237696
1195,pre,1404,0.6264328268625401,0.8040685351255314,1.084819474906563
1196,post,2218,0.6670391525472508,0.6748247795948383,0.7570225621991586
1196,pre,1245,0.619405861729857,0.6409836414087954,0.7468436922147562
1197,post,2318,0.7418090336818783,0.7631262658816174,0.9226544198034786
1197,pre,1201,0.6924378845890629,0.6593419831677074,0.8566382161682485
1198,post,1386,0.607173449594113,0.7414456364779934,1.0577051492578786
1198,pre,347,0.5429530233205062,0.5654385859407326,0.8298672325031272
1199,post,1147,0.5554776156391958,0.7483381083589238,1.167816156111859
1199,pre,325,0.5550136294337753,0.740254260958395,1.1310395307324141
1200,post,768,0.6762042534248712,0.7150702887781011,1.0438718544816448
1201,post,1245,0.6090834904716063,0.5792668724926473,0.8975719518886572
1201,pre,362,0.3282074396054112,0.40609073024464215,0.8012142153913742
1202,post,1012,0.543667827935352,0.47956003244180845,0.9797891983268088
1202,pre,45,0.06427842635579517,0.16584382055397173,0.6411506891828705
1203,pre,96,-1.2479390613139754,0.009448133872763775,0.3889393926903559
1205,post,1347,0.6528569985778352,0.6931851931677409,0.9867843490936451
1205,pre,252,0.5235491109884924,0.59307089525682,0.8424369724788835
1206,post,1278,0.5084117960203254,0.6935133689829293,1.2235491009117465
1208,pre,152,-0.6127676226331773,-0.16015366292976108,0.23184005044687994
1209,post,361,0.5730583067974955,0.6507695332130405,1.0160017519451816
1209,pre,34,0.32106957599083696,0.3939548487152764,0.8686159190449733
1212,post,193,0.6177631787003899,0.7759304106405193,0.8382137347383537
1212,pre,488,0.4219034175187488,0.5716776220619835,0.7140416981652172
1213,post,868,0.38204665460510767,0.614822206628469,1.3044538616820773
1217,post,260,0.5269724033090087,0.7524525713672581,1.1928686995128945
1217,pre,354,0.6117906478818435,0.7244324454647768,1.2262926040624194
1218,post,426,0.650032650223457,0.8041135353267351,1.1380259656160479
1218,pre,380,0.666436196779354,0.7801021626357341,1.1729209241698786
1219,pre,107,0.40026068412080473,0.5855223811455839,1.3943338968549
1220,post,312,0.06801115286725834,0.6101278846714335,1.3087448701952418
1220,pre,363,0.4690452778643883,0.7191835393724881,1.216922263902614
1221,post,384,-0.28227537343465614,0.47845895890621903,1.446927734498
1221,pre,283,0.21450067667817074,0.6007531519415088,1.3300436882266176
1222,post,706,-3.196481583794724,-0.5132088434098243,2.032357861188021
1222,pre,321,-3.7445343369024924,-0.5966185042546881,2.1579529736399663
1225,post,1366,0.6435025655801208,0.7615328940640415,1.0392224547250204
1225,pre,528,0.5684361488088355,0.7865576315789335,1.0299018843069805
1228,post,618,-0.023505956402700257,0.4143349468714488,1.387613263825534
1228,pre,288,-0.337550492129149,0.3126196034948022,1.2862369365286683
1229,post,189,0.2810191804920549,0.6625984542937517,1.0169659651814813
1229,pre,150,0.4823275261668072,0.7323883085973639,0.9455022411895506
1230,post,277,-0.19077370068671473,0.3657584827371724,0.735194833134287
1230,pre,47,-1.8779234053425022,0.07906974008681833,0.6166438498783621
1232,post,327,0.35716207923163723,0.6284140426496729,1.052787107048405
1232,pre,159,-0.49499554028122805,0.32876421064585015,1.1438833534679311
1233,post,316,0.6148298325166974,0.7549727682891628,1.1058894116473263
1233,pre,322,0.43366372471862125,0.6171427283678312,0.9751348686476359
1234,post,222,0.31333132311213574,0.6623556905975102,1.1937515452513912
1234,pre,299,-0.6452172022483522,0.2962957509890566,1.491087138805152
1235,post,180,-0.20145321268067407,0.44659750389184316,1.092256859470642
1235,pre,71,-0.9903055906752398,0.25219842563518713,1.2685245516322703
1236,post,467,0.35296080767691007,0.6630875856190146,1.0045172227115393
1236,pre,343,0.46286459216976616,0.6537547761506682,1.2309139681740278
1237,pre,229,0.34003951282685096,0.6825462774215096,0.9431883077609197
1240,pre,148,0.4149555170006791,0.6822453545432181,1.1618432722166314
1241,post,102,0.2175944683694533,0.539507689539583,1.005675244663968
1241,pre,252,0.6285153870412429,0.7450414683877453,1.182254110909503
1242,post,707,0.32498280792975964,0.5883813191533549,1.261517385199274
1242,pre,252,0.6838857753268417,0.716692894688749,1.0267885795074854
1243,pre,185,0.32001644500181425,0.5824153994288912,1.1063138485810884
1250,post,265,0.5707228366885151,0.7543083324274813,1.1325567857767032
1250,pre,216,0.2051841800573866,0.5795322884130025,1.0331240712429055
1251,post,1042,0.3890300571422606,0.6733316198464835,1.1757134204383168
1251,pre,583,0.230620119457146,0.5954895431724929,1.2438867415586201
1253,post,240,-2.3830529399741787,-0.1736870778193358,1.64481689818962
1253,pre,338,-0.5851935802696566,0.284357282294897,1.4301843918297072
1254,post,1076,0.11798238422145069,0.5627598446473097,1.284595763005655
1254,pre,338,-0.006923502517714564,0.5182744162679751,1.2389192340396358
1257,pre,133,0.4828326279563173,0.6998401306021604,1.2548294675520804
1258,post,307,0.2779000015717624,0.672612240151415,1.1519255586170993
1258,pre,190,0.5275041253554971,0.7422006474631728,1.1363926261730855
1259,post,268,0.40782793549898266,0.5894026365212148,0.8512591414311177
1259,pre,186,0.24272437345574238,0.4656884748808062,1.0131995039594905
1260,post,373,0.4858207958973081,0.6890673443296422,0.9909357235849612
1260,pre,186,0.14577802025505593,0.5011446144180641,1.2160032051147318
1261,post,570,0.11229169412514872,0.5190459722383545,1.296160533688032
1261,pre,241,-0.40109875514842863,0.38619218222445517,1.297876529175133
1262,pre,90,0.7306777997874636,0.8402187527908311,1.0817253217029972
1264,pre,361,-0.037543066282422544,0.47427013930202766,1.2787753927168166
1269,pre,218,0.5719463077532966,0.7618776681540016,1.1599503394638926
1270,post,368,0.6271365335866435,0.780892477868858,1.0921149717284637
1270,pre,145,0.45655841108542294,0.712220704475977,1.1908419710318607
1271,post,335,-0.02893167441868627,0.5609709448601652,1.3957493851071558
1271,pre,453,0.11194863981107772,0.5498641106284237,1.394988387790943
1272,post,85,-25.875135282130458,-2.849811944866136,3.4468964891110287
1272,pre,6,-3.10590946807877,0.4052939671376832,1.5014738135331849
1276,post,95,0.5474085343990229,0.6133461365471387,1.3396320909787913
1276,pre,505,0.39325919560255307,0.7041998095632174,1.0515892082701757
1278,post,53,-0.6841342294902277,0.2258492870920804,1.5027274431143245
1278,pre,69,0.7477133571173107,0.8239597733995985,1.0268096639118478
1279,post,362,0.13758308606123826,0.553233646814222,1.2510998263320716
1279,pre,69,0.8153210148817556,0.8680480956324436,1.000406863225586
1281,post,845,0.3901842571841908,0.6335265698786399,1.0321962945036238
1281,pre,354,0.33033961487262664,0.6695200939208077,1.1099918156808326
1283,post,237,0.402877989441078,0.6735515325139843,1.1722321066479875
1283,pre,374,0.4584424142181771,0.6889722547846165,1.0612642354514936
1284,post,339,0.6085450212017289,0.6245238550529993,1.0738044955479278
1284,pre,356,0.5243787689209537,0.5721327305187536,0.9756315761075954
1285,post,3,-47.871873988381374,-1.026777080611077,1.1657971098931237
1285,pre,3,-158.0376480633136,-0.4409470862846816,0.7870234769036761
1286,post,78,-0.8214103771874128,0.21813042889930256,0.987741502964185
1286,pre,3,-498.7837545724215,-0.8523530147695593,0.6205313124930384
1296,post,757,0.5400032597722324,0.7181186187183257,1.2154793494265792
1296,pre,210,-0.16277224857619954,0.4836332164064362,1.2974916030879744
1297,post,994,0.6768743917513982,0.7949212116638689,0.9243752767097454
1297,pre,829,0.6062840337542579,0.7738088029585648,1.0131454643521978
1298,post,1046,0.21485830899318292,0.5382412005951779,0.6453988549185886
1298,pre,723,0.10025635492766394,0.4239327891616357,0.6724347062490595
1300,post,979,0.6130380556188808,0.8019619345734514,1.0791915898042
1300,pre,220,0.6613827016992544,0.779782731695518,1.0936621229674086
1304,post,1703,-0.1696524030293607,-0.05354921831609727,0.2589147224429911
1304,pre,1689,-0.287407027568503,-0.05845354757821797,0.26811153069174015
1305,post,1110,-4.6236672460659145,-1.051716811685723,2.477165477535541
1305,pre,1173,-2.796694552183224,-0.4828783823370293,2.0876042113009348
1306,post,1644,0.2426305066422607,0.5396891814091648,1.3067941417994187
1306,pre,584,0.34826667335657857,0.599379925215327,1.3406268634308676
1307,post,1565,-7.302742751886569,-1.4957659729573964,2.8314645073748856
1307,pre,1410,-18.293046595365805,-2.230874669196795,3.4545792680549203
1310,post,1961,0.7370184297690237,0.7632913126596717,0.9281055410774818
1310,pre,1564,0.676536035621673,0.7084113864950704,0.9037785947154277
1311,post,1864,0.7491949530879729,0.8477978781790848,1.0859224704320045
1311,pre,1936,0.5297916857389597,0.6916666490155265,1.1742873532900922
1312,post,342,0.5169336244900604,0.6171376504768711,1.1526345210517859
1312,pre,823,0.21509022051710702,0.47544849668423816,1.176786892283485
1314,post,1201,0.36541780321996387,0.6955332245631537,1.1053093495508035
1314,pre,981,0.35468357192964484,0.6037720194329819,0.9566553897678605
1315,post,946,0.5423793056921646,0.630144283613513,0.9541429415471946
1315,pre,571,0.3986237807137334,0.49998807794423183,0.854469400209133
1316,post,1007,-3.65025579914726,-0.30379056004832994,2.1677471742987997
1316,pre,270,-14.516844882351828,-0.7824871668278373,2.2256171051154734
1317,post,1532,0.21367918378173267,0.44063234953815433,0.617341506489275
1317,pre,663,-0.052738194592225174,0.4036483477947712,0.6296339733183103
1318,post,785,0.7595737825421246,0.8753731419492526,1.039975006026159
1318,pre,576,0.41903703161035677,0.716889218573258,1.1295316224333563
1319,post,1189,0.36306145274846224,0.6731783921942776,1.2678228235503266
1319,pre,500,-0.13360627424638305,0.5706142832148755,1.3216941484082483
1322,post,1652,0.10181075351356816,0.28661147250443364,1.6102002807115465
1322,pre,728,0.16368092897203346,0.40084754700368175,1.5072429483734338
1324,post,1094,0.40370041808029056,0.6667953677217782,1.2542579844217094
1324,pre,301,0.37619927705589706,0.631273214495921,1.1860432798637017
1325,post,1165,0.1015304892133786,0.2961454597958405,0.5588347408348978
1325,pre,708,-0.01797243278843408,0.23890717695032215,0.5165302093973003
1327,post,1639,0.48383286896570865,0.4643216698816126,0.7356599231001713
1327,pre,1233,0.42244419885130424,0.42309981038425004,0.7143376918292398
1328,post,197,0.5086778772080967,0.594288890329036,0.8376167609860343
1328,pre,359,0.6573488471716317,0.5831336756049732,0.7811734964344562
1330,post,1823,0.6612802812015783,0.7807545938453317,0.9404887293619317
1330,pre,1575,0.5677189208969762,0.7057797997387466,0.8815722626407546
1331,post,1595,0.4346476535029201,0.6674855273674443,1.2324804606188526
1331,pre,546,0.5209205622295877,0.7329636636689575,1.1426858017430888
1332,post,1704,0.6284624624649582,0.6441464619491251,0.8462326190794237
1332,pre,1423,0.6732524722869666,0.7219142350341916,0.8773667149616794
1333,post,1128,-1.0590337696583632,-0.10955558906207186,1.6606171084931305
1333,pre,1027,-2.551649837162524,-0.4363078471712458,2.0642120841632794
1334,post,631,0.5652412560841404,0.6130410103449073,0.7078946605027734
1334,pre,1657,0.5569074607350697,0.5445836949639984,0.6749489668705247
1335,post,1415,0.2930574527308031,0.5886443233784862,1.1252666126325
1335,pre,803,0.2836405198958184,0.5911692677075764,1.256189276828336
1336,post,1447,0.6234646584033975,0.8023585371041688,0.9652117728077348
1336,pre,942,0.5124137559328756,0.7606085015281607,1.0348382484659848
1337,post,1547,0.5196502522984512,0.7405532524036063,1.1479011340200092
1337,pre,562,0.5682796399355539,0.7324883893034339,1.2110869161947597
1339,post,777,0.38117549027267505,0.6452464919999397,1.2463687526775584
1339,pre,791,0.2735746490005784,0.6324031380639826,1.1598856301001228
1340,post,466,-14.51291111892353,-1.8821440265888527,2.2834392586005303
1340,pre,383,-7.688849610256739,-1.0085005267222615,2.232028948230312
1341,post,348,-43.68374046391911,-4.6228219270876645,4.799982731127433
1341,pre,399,-37.20830786501683,-4.453655288943276,4.467777867139133
1343,post,1601,0.402613142196681,0.43254521543524627,0.7266458688255764
1343,pre,1064,0.24891289180820586,0.396231952612603,0.6802136447534605
1344,post,888,0.17721805346138564,0.4901540549938501,1.4012081887254453
1344,pre,848,0.025671718549468925,0.43639602409603584,1.4059644932108766
1345,post,220,-0.015056650992819831,0.4662734882896047,1.3799879090077456
1345,pre,296,-0.045501913354176526,0.4547264563814343,1.3521275488311444
1346,post,1314,0.5725895988012814,0.7197318992009145,1.0865683197314417
1346,pre,664,0.5184121444971037,0.7365436619168713,1.0560378791589666
1347,post,356,0.6491593945849714,0.8085156618902865,1.09210909251704
1347,pre,837,0.5916495905387992,0.7299014554196421,1.026281255578361
1348,post,764,0.5151082003129475,0.7321187649730608,0.9067306744844258
1348,pre,258,0.40905153091409885,0.6859795114828815,1.026633505185731
1351,post,1405,0.47859957113910345,0.7201396348642467,1.1490762401644392
1351,pre,1363,0.3810581594326994,0.7017919665260579,1.018406869361242
1354,post,1357,-0.1946056209429361,0.5840901868857238,1.387114729177219
1354,pre,1406,-0.34253999127400925,0.5813314463940336,1.3189618580572247
1355,post,1111,0.38300329238815256,0.5858232212930152,1.3204980636340087
1355,pre,620,0.30362429417917725,0.598064959758617,1.149376014357793
1356,post,357,-2.966019149426209,-0.45637346888314245,2.1839152156520334
1356,pre,250,-1.0530548677664795,0.1340044468333571,1.4234902505048266
1358,post,982,0.01131801831688306,0.3723677334621551,1.3650503495444182
1358,pre,746,0.5175124089604335,0.6906662056198896,1.2199099221823302
1359,post,240,-3.535026538699248,-0.2753580727700362,2.0202491740257305
1359,pre,388,-0.4892052408301828,0.2790441770601493,1.6131840292316746
1360,post,2078,0.4415017636858456,0.7251160539151102,0.9412252733077989
1360,pre,2162,0.2069552740102003,0.5873860257476518,0.7619908067196042
1361,post,820,-3.4447627670680028,-0.23277190573853668,1.934569413057756
1361,pre,472,-1.186436894180142,0.08037340345523791,1.75268648645664
1363,post,231,0.39685654041011764,0.44366418720688916,0.7703162332105759
1363,pre,300,0.3015114045667856,0.3516808120020809,0.5998122754142426
1364,post,55,0.3148515114862176,0.6650004576811961,0.9513633736728343
1364,pre,350,0.5122515343843475,0.6055785912528817,0.7104336696680605
1365,post,1402,0.461779891744182,0.40554036410298766,0.6611860727255785
1365,pre,1017,0.32534936700890404,0.3922257797898405,0.6178774410066042
1366,post,1241,0.43556190281305607,0.5730490948934948,1.249011918700954
1366,pre,884,0.46291349453341135,0.6795681394230596,1.2174227829547277
1367,post,1201,0.3880516654151691,0.6310448102960456,1.283453806334787
1367,pre,1100,0.4942301975024309,0.7122803952443297,1.162729244800027
1368,post,341,0.6165945200938644,0.7216322774491966,0.865915400734696
1368,pre,504,0.4371836261763893,0.6065552114976049,0.8190181052785472
1369,post,1592,0.5805219129474637,0.7611757733353879,1.0653288894848716
1369,pre,1303,0.6217394948957613,0.7668333897844812,0.9708585935939202
1370,post,1481,0.650922172091654,0.687853828187887,0.9685718719006419
1370,pre,881,0.6034242422145089,0.6437710966279826,0.8875370250366448
1372,post,1742,0.6286769116036943,0.7004843232182916,0.970966066351572
1372,pre,995,0.5843527419010406,0.777048414655417,0.9441815749263895
1373,post,327,0.13615956292720954,0.5168529121173355,1.3585869244772781
1373,pre,529,0.051333264406498325,0.3792875131092155,1.4365607181836082
1374,post,1330,0.017441993283594415,0.34876522942045984,1.527718327305593
1374,pre,796,-0.06734618634798095,0.2990928374275694,1.526450137433883
1375,post,209,-0.12424604075450918,0.40343759173196625,1.4711302808197884
1375,pre,353,0.3843809821578249,0.6151825501718481,1.28809493871792
1376,post,1018,0.26146939708444317,0.46466375040605146,1.4324218934835455
1376,pre,935,0.40409763068737403,0.5959246681337063,1.1073910598669994
1377,post,1642,0.5811501833170191,0.5855137401688644,0.7798311190234262
1377,pre,1063,0.5223428572013138,0.5366157265613387,0.808943656665846
1380,post,1395,0.6348943624913981,0.6207082757706261,0.9131017730966142
1380,pre,1081,0.40843553372717045,0.48696360317437926,0.8551810778773284
1381,post,1651,0.05619967676196991,0.6413206618084841,1.2928941630147561
1381,pre,865,-0.0012919308890744219,0.6442303013324381,1.256657043810781
1382,post,1067,0.14308448957851183,0.5053403501245467,1.3271084062366805
1382,pre,835,0.262163603617267,0.6487992024427212,1.178328802940839
1383,post,1131,0.4680820521325151,0.5537453758704949,0.9145543811921377
1383,pre,405,0.46837053960616026,0.5924390400889326,1.023999010252293
1384,post,136,-2.3780726081897536,0.2275178405024172,1.686737773494013
1384,pre,273,-1.0531983758213666,0.31917347097587123,1.6038063852588278
1386,post,1530,0.7099864312857993,0.7229599360948517,0.910780969338946
1386,pre,908,0.620713589592213,0.6584158743850037,0.9997470268213405
1387,post,1731,0.6666113464549699,0.6153973875349612,0.8865147983112838
1387,pre,1186,0.604475232023522,0.6671903411722855,0.9611135747336252
1388,post,2043,0.4065695255069963,0.5768877201136127,1.324619857341905
1388,pre,1415,-0.6425035069071037,0.25850326222674735,1.4694306911971815
1390,post,1856,0.7230054319684844,0.750882875698965,0.9069144384783269
1390,pre,1294,0.6152125962366373,0.6920698982309335,0.9643264305792325
1394,post,611,0.556411793257493,0.6166081887540654,1.2185549991026703
1394,pre,900,0.195380323649051,0.5919035363617255,1.2362565840448307
1396,post,2029,0.7451837713734326,0.8038575422997412,0.9933976969799687
1396,pre,1832,0.6091288368279849,0.6819430937499598,1.0132136971671697
1397,post,1992,0.5964899890705888,0.7674421178826282,1.145209389177686
1397,pre,1226,0.38696478620498975,0.6537052862841616,1.2155678393936091
1399,post,1789,0.5909724712848909,0.6868101126337648,0.8551696516803174
1399,pre,1091,0.40081825290738493,0.6837718491049116,1.0450301178261403
1400,post,1848,0.4196844853975923,0.6071579467333958,1.3321170702109273
1400,pre,1072,0.05759599822058026,0.5350278782987661,1.3306464389185588
1401,post,1773,0.3027477699051603,0.4964165979816283,1.3096138978749643
1401,pre,789,-0.20501482010792005,0.32480385933083444,1.469959225642759
1402,post,818,0.4744067691592352,0.7055175948623398,1.0042826820845991
1402,pre,387,0.0334220802827353,0.4884292941745363,1.0164105803789314
1403,post,1378,-0.12499138977708157,0.2782718902344252,1.6105798452662468
1403,pre,709,-1.295244373517872,0.052394874815860804,1.676114744121693
1404,post,918,0.6467421568469152,0.7312604468800128,1.0900288104523232
1404,pre,925,0.3798897951608483,0.6652355457046736,1.1179941250821006
1405,post,688,0.10396998338049224,0.4345093806167817,0.8250613160255975
1405,pre,372,-0.023544956777654447,0.09521000782636524,0.6682726451084436
1406,post,1196,0.6235543241379917,0.7677520189107141,1.1725950580454334
1406,pre,1159,0.1486665343084571,0.6281701163160524,1.246813680725295
1407,post,768,0.5033388169468143,0.6890404906180383,1.183367999709383
1407,pre,527,0.3707256188537834,0.6048851266477502,1.1714290352070977
1409,post,1181,0.37464299946082336,0.5788853377084537,1.3545174345377702
1409,pre,531,-0.3786328403367467,0.29768786018119964,1.593410333281577
1410,post,2132,0.5640178526815344,0.6991765286155762,1.1950562626722774
1410,pre,723,0.5181461542506389,0.6209539158749513,1.2220417082650188
1412,post,1448,0.4880305712564469,0.6034300198439149,1.0445798849009822
1412,pre,658,0.3884806408198418,0.5569822653201966,1.085939213355213
1416,post,892,0.5617362845111411,0.7556592801644048,1.166023006007657
1416,pre,374,0.6025351400894454,0.7913145547630012,1.0435299850111717
1417,post,1087,0.4771055496456388,0.5369355828407992,0.8316570606060599
1417,pre,380,0.24941142142631667,0.5169432486626838,0.794588799839119
1418,post,1084,-0.7771702824128124,0.515190713321608,1.4082086015074813
1418,pre,472,-2.048015504293041,0.4085673174196329,1.4773052474271917
1419,post,624,-4.25643468858989,0.36157833167745057,1.4101274289857777
1419,pre,573,-0.6141839197082304,0.5763733755462612,1.208228044973456
1420,post,467,-24.713284617311047,-2.043669092278427,3.359727709974972
1420,pre,207,-42.96115624451995,-2.5804856775830407,3.622598306807838
1421,post,168,-6.357541301650162,-0.8826323887337844,2.671990848212713
1421,pre,181,-4.171114763893304,-0.5443101119078264,2.4867052785142953
1422,post,1185,0.5826660880472077,0.784446978951701,1.0737941986524315
1422,pre,1260,0.30234421501305375,0.6627688326582477,1.084491771311501
1424,post,560,-3.6572685362853843,0.1403991462734835,1.5355164890654085
1424,pre,245,-1.2010693722342944,0.38483391318856697,1.3127224589950681
1425,post,936,-7.372005477199236,0.32232857954029714,1.4654578569390586
1425,pre,274,-1.2020761772039235,0.5235796998631398,1.3161599447370131
1426,post,1211,0.6425539862317473,0.7846994024394567,0.9828935211652744
1426,pre,1065,0.46676667594033217,0.6256699568983998,0.9155013099726402
1427,post,1307,0.02129738284908933,0.6664092649811489,1.2443242805812802
1427,pre,885,-0.1368628172487536,0.6760992615807524,1.236869703045695
1429,post,778,0.4678414438438949,0.6925197791809772,1.1703603382735202
1429,pre,827,0.5426217941200588,0.71102761098296,1.2003035022874038
1430,post,1924,0.6190477747898759,0.7248806520712641,1.0269398552650086
1430,pre,745,0.43991884584709373,0.7196644892080342,1.114589606044164
1432,post,2024,0.5546311567053611,0.6088095615836553,0.7607457398440588
1432,pre,1885,0.522049142442617,0.600211501020135,0.8106752214816194
1433,post,2170,0.6295105209197105,0.6974656071757748,1.0225265754395036
1433,pre,748,0.5978702524192735,0.7915819795294576,1.0953255367240582
1435,post,473,0.7134505452586637,0.8437171987749498,0.9338113087537189
1435,pre,528,0.6347058209688425,0.7823165215413974,0.9056079105618131
1436,post,2067,0.7292966302699609,0.7993786386261963,1.0173085683948224
1436,pre,1996,0.6238589622356157,0.7679117099068116,1.052486650759102
1438,post,1263,0.434951729089894,0.6683715448285298,1.1773585938720401
1438,pre,372,0.5202152369878568,0.5504686988899401,1.1431597165258884
1439,post,2161,0.6996796835112695,0.8425175256849909,1.0558979275319709
1439,pre,984,0.5930940508193987,0.7615546072969288,1.125535303745028
1443,post,2874,0.4279621266944962,0.5508799510935414,1.3379529070085168
1443,pre,2619,0.4330649380937104,0.665499814550282,1.1836127602439288
1444,post,3100,0.7103160689187866,0.738279678124836,0.8555888251709334
1444,pre,1598,0.6986341881759809,0.6865590637892274,0.812391888517361
1445,post,3251,0.6837335232289978,0.8428654963991998,1.0090244997945113
1445,pre,1895,0.6940763949062116,0.8378213022667217,1.0297889956756658
1446,post,2774,-0.6820615185048033,0.07566445653123677,1.6352804635466798
1446,pre,1098,-0.20618963491920028,0.33996726317702,1.4858166262342014
1447,post,2758,0.49958234919230493,0.6599780356533522,1.125825429455959
1447,pre,1452,0.6580430099144599,0.6293487777646954,0.8180229989612059
1448,post,1530,-1.7583220570994396,-0.13170530794172253,1.7728709555596252
1448,pre,831,0.07626398355206576,0.46159191157913726,1.4261069916348803
1449,post,1229,-0.1620848736214342,0.46611450499787244,1.387532305129918
1449,pre,542,0.3877451882660782,0.6912079129977333,1.1687505585540914
1451,post,1983,0.5940811595039177,0.7878626457651845,1.0527690719340308
1451,pre,656,0.5209565593311882,0.6914146592499067,1.0307338292113828
1452,post,2559,0.642351087128725,0.817714130858888,1.017994016481074
1452,pre,1949,0.4997500477349759,0.7580436822832087,1.0105755277638953
1453,post,467,-329.9054021737265,-10.583316861187095,6.915404447601944
1453,pre,106,-809.921694237204,-18.95177808491723,11.867434426054709
1456,post,1862,0.38005001085245305,0.6167037096686806,0.7403829619904893
1456,pre,1157,0.5296244079416482,0.6745072847035496,0.8623848598575017
1457,post,2058,0.572089272202134,0.7464185903782801,0.8779643755027984
1457,pre,2053,0.48297743937310034,0.6588320437458772,0.8168765751807694
1458,post,1498,-0.10780457705376545,0.3590214547349033,1.4885847447602438
1458,pre,1364,0.5337187693282837,0.7405651856558606,1.1392557895804607
1459,post,1537,0.057567332644368974,0.35492070908545936,1.534607267265401
1459,pre,934,0.4808229507469314,0.6371852606196117,1.2990920101728978
1460,post,2192,0.3656090236887499,0.5802493474091122,1.2850100469955572
1460,pre,1423,0.5202467617377866,0.7300565520965634,1.1399855880038463
1462,post,1503,0.48462201368118796,0.5416861394027744,0.6709939554204537
1462,pre,589,0.45164801017151956,0.5394252003811331,0.7876351522515258
1463,post,1968,0.4931079264274636,0.7496351121780493,0.9805007036852358
1463,pre,1298,0.5757760577079691,0.7159155838421232,0.8557158127183394
1464,post,2361,0.6363523170348543,0.7387911155698812,1.0517257092511714
1464,pre,1064,0.5050206980361418,0.6360225082059461,0.87545301981574
1465,post,2486,0.6790420661220081,0.8239410822391059,1.0224125686031877
1465,pre,2372,0.5397388703884483,0.7371067348000226,0.9576989338469996
1470,post,2208,0.6574538534968595,0.6986477939622027,0.8107917312799007
1470,pre,775,0.6550401612788661,0.6780359390576869,0.7990543707513721
1478,post,2168,0.1761814292147541,0.400135241948791,1.4086103782162946
1478,pre,1819,0.0729354471161624,0.44395796760346795,1.4319228981110854
1479,post,2278,0.6894522426701697,0.8415405881720683,1.0442570853388926
1479,pre,977,0.5364974825369202,0.7173176080793331,1.1943148353928925
1480,post,2350,0.6324814801747973,0.8044641026824513,1.0756414152098888
1480,pre,1785,0.6123577591185305,0.804248292582854,1.0502220733084635
1481,post,2163,0.546181080834922,0.7143654414748368,1.203020588387867
1481,pre,680,0.3875226819153825,0.5873566517483629,1.3119218203266878
1482,post,1950,0.7192061993660728,0.8543094599138841,1.0294637690652366
1482,pre,1009,0.5841383461056289,0.7719957918847682,1.1156530804531954
1483,post,1946,0.6616787033096916,0.7770687726095623,0.8989988559475031
1483,pre,809,0.6088259558937166,0.7775037508239607,0.987431984849571
1484,post,1899,0.4800974281285527,0.6534828620711197,1.2341086674520303
1484,pre,1163,0.3492006289543307,0.6021551681881239,1.3056637737764365
1485,post,1905,0.5875047320405816,0.7170786386994482,1.1226252788066557
1485,pre,903,0.5518112157170079,0.6613014073333688,1.279681775156398
1486,post,1456,0.5730432174097106,0.683760906426413,1.1811504613095067
1486,pre,744,0.5059176287272151,0.6134491456878738,1.3326567121268384
1487,post,1884,0.5078793612439803,0.4371693977974347,0.7324720932323436
1487,pre,1472,0.44976134939965495,0.4443405039182816,0.7545575814542749
1488,post,2022,0.5060842336562783,0.6825950635060111,1.2353855672494503
1488,pre,1844,0.4403852662486103,0.5783623638184945,1.364140302855492
1489,post,1441,-0.3005860241127065,0.1700336029172127,1.5933582542118623
1489,pre,741,-0.5759950606452027,0.06082024878108849,1.7261709790231246
1490,post,1054,0.4218983481043479,0.6588820530479653,1.2177203959082104
1490,pre,718,0.5738386334911354,0.7597120300105427,1.030689042308112
1491,post,1333,0.5048755133489793,0.7658882379623179,1.1624249157858912
1491,pre,610,0.5430277791235523,0.7026974254734264,1.060859861742828
1492,post,1583,0.009220598286974524,0.3880501991494225,1.2158558145676046
1492,pre,1200,0.18000306657251586,0.6088407170476859,1.1637638456016874
1493,post,1472,0.5827109783842643,0.7016260258259317,1.2456680632141384
1493,pre,383,0.6402995638049428,0.743350378627131,1.150726634826812
1494,post,1870,0.8056573450418032,0.8169578811910276,0.9322003337986308
1494,pre,1009,0.6462482725431893,0.668286465606721,0.8365472925270471
1495,post,2131,0.613018946515282,0.70102617755197,1.1909050805556425
1495,pre,851,0.649658643973219,0.8010825804950358,1.0486984900077652
1496,post,1878,0.7618821159062322,0.8801421215678932,0.9793880139806187
1496,pre,527,0.6155009756611488,0.7739750365284579,1.045480576658045
1497,post,2407,0.6441171975676516,0.6765069379489831,1.263090131287949
1497,pre,1083,0.5149663184505939,0.664977048418461,1.2544382178383309
1498,post,1558,0.4732894999729773,0.4438695580924039,0.6823941167709778
1498,pre,1154,0.41295851825452,0.5537021291642923,0.8739002555942424
1499,post,2270,0.3172048086778969,0.46475977079204245,1.3770387942366842
1499,pre,2401,0.19643165112838135,0.4319954813022644,1.4361266601209806
1501,post,1630,0.6037953718227131,0.7894750090637181,0.9442698331872406
1501,pre,1457,0.6111485626059909,0.8054664370525378,0.9730409806830492
1502,post,1777,-0.2953071398384912,0.15290426510328126,1.5353927123543918
1502,pre,1775,0.41567084636786533,0.6611999682281693,1.2123000915433275
1503,post,2411,0.7186427020728348,0.8075888879136219,0.9593916262454916
1503,pre,1641,0.5927108208428238,0.5954502009249113,0.8114324214485189
1504,post,1678,0.707403271487614,0.7865544947863347,0.9178691685491348
1504,pre,477,0.5979288002703507,0.6460085121258381,0.8431504447146777
1505,post,1787,0.502882632767494,0.6903876241309571,1.1652625507087295
1505,pre,1544,0.4810540884003752,0.6992207673340278,1.1632529312999655
1506,post,1171,-0.21303105410362044,0.2540580621633778,1.4914366580246885
1506,pre,278,-0.09389413073426822,0.4579489696130282,1.3161710489670548
1507,post,1664,0.4829709246558701,0.6523672062655156,1.250793772736397
1507,pre,672,0.4425195478351721,0.7122993018104171,1.0897629273071938
1508,post,2013,0.545970190546678,0.7554893732464524,0.9574178027472103
1508,pre,846,0.4017637763673718,0.6332256180752216,0.8850094490734172
1509,post,2551,0.13154378438998282,0.34820575065563353,1.5252964433412506
1509,pre,1120,0.44030417345896355,0.5948206757407938,1.3335036597907473
1510,post,1904,0.36886864994883495,0.5874458113417296,1.010047158628801
1510,pre,629,-0.16373217429431075,0.453269787526145,1.1258662330366072
1511,post,1736,-0.0023379612992013854,0.4347204273963553,1.3523374870924987
1511,pre,759,0.19981176515396126,0.5964341057320355,1.1840924697088482
1512,post,2000,0.3979965968204978,0.6138841363338658,1.2576946790501489
1512,pre,676,0.4590658532166647,0.7212765822683505,1.0649461518264844
1513,post,1816,0.09269671158485582,0.4807464248852973,1.317534506092397
1513,pre,675,0.13482951249080855,0.573104559024478,1.2183043501005664
1514,post,995,0.4624666269727663,0.566924633768815,0.731065934318977
1514,pre,216,0.34360707798000356,0.5379115623634032,0.6441779632505131
1515,post,1657,-0.373261298511002,0.2035154729992098,1.5602242070314793
1515,pre,391,-0.13198795148442333,0.4010552973300475,1.3681323606865228
1516,post,1667,0.5354686597560178,0.7636410631282603,1.008475737058272
1516,pre,660,0.41894792084450694,0.5343753020143986,0.8097618107618364
1519,post,2891,0.18496129580529463,0.4315689225942948,1.3624655097099452
1519,pre,3012,0.34892315889336845,0.6376222613011796,1.2260246778642174
1520,post,2326,0.6055502140081097,0.757045632197497,1.1212722532453012
1520,pre,835,0.6012723635184068,0.7802014348356732,1.005532017625751
1521,post,2150,-0.265865104110667,0.21591744941204005,1.5570851044186744
1521,pre,598,0.19570813096997153,0.5439500846351781,1.3065115020961424
1522,post,911,0.5058571035982944,0.7310200203060071,1.0728463077504193
1522,pre,124,0.4522831790615899,0.6300224500041147,0.8815768960110504
1523,post,1625,0.1310737069697967,0.4491645005839916,1.4367089167517584
1523,pre,635,0.2272064221852702,0.558115544557156,1.3557196093755615
1524,post,1366,0.6001850257849042,0.7951550505632382,0.9294250591030506
1524,pre,1177,0.5833887855981643,0.7816331601536471,1.0052152880394398
1526,post,770,-1.146423378531793,0.009064350473662719,1.834420165580475
1526,pre,495,-0.3913121907534942,0.36395514958111086,1.4270005616248023
1527,post,1292,-0.8250536387012481,-0.010631129978485365,1.7037676703099505
1527,pre,1476,-0.8131001896987429,0.1174652552333384,1.6527078107028097
1528,post,1067,-0.23262857905657341,0.2965048822883656,1.5916524377076182
1528,pre,1158,-0.07436744766214254,0.3462820819617972,1.5676811398424528
1529,post,1043,-1.2446726968715214,-0.22247846721294517,1.8550058492685084
1529,pre,1056,-1.968067379517362,-0.21257152110595312,1.927242696253366
1530,post,346,-6.319110762249991,-1.0876513451239709,2.8468979133342924
1530,pre,269,-2.4413715766915964,-0.26063770755214977,1.7602362619105574
1531,post,1554,0.536524874621018,0.7171499494094502,0.8886293987481966
1531,pre,979,0.42608371413582424,0.6467315834077219,0.7924182857524995
1532,post,1661,-0.09837292090552463,0.24537706045931007,1.4844981680935272
1532,pre,1259,0.34786545660076884,0.5929052119493716,1.2541969975925509
1533,post,939,-0.7654092368929653,0.1216200216038813,1.8210950088949585
1533,pre,319,-0.1644237157323083,0.29051828192279894,1.670312116817345
1534,post,1301,0.7689816467102206,0.6777825978027312,0.9969433426524027
1534,pre,798,0.6623438001997095,0.6531070787290388,0.8985369080894606
1535,post,706,0.24033306058017578,0.617541523043773,1.2487636762174157
1535,pre,377,0.4756792516686069,0.46679054244524587,0.9976499797233355
1536,post,455,-46.86054959905249,-3.741354324170202,3.78127863394297
1536,pre,289,-8.490646566073364,-1.203892827961662,2.7066641471884743
1537,post,2560,0.4322907773832223,0.6309940726509682,1.176720736469909
1537,pre,755,0.4414429331186418,0.6862956081529051,1.1210523931463736
1538,post,2456,0.6481381396327818,0.8268011336926344,0.9932608235235306
1538,pre,798,0.7058379247859018,0.8501974629107846,0.9722186640572191
1539,post,2860,0.40728277031073146,0.4824222716020885,1.4057511518598
1539,pre,1513,0.24163776935626036,0.40972638399873884,1.4603725807882246
1540,post,2302,-0.42813805104382885,-0.006079165001911413,1.7309170749676157
1540,pre,707,0.05746020698996068,0.37749968048546456,1.4945078784969867
1541,post,1720,0.6239617153755376,0.8100909643110527,0.9861965111450324
1541,pre,1674,0.5379529127829892,0.7404240641667338,1.016874805792835
1542,post,1881,0.4708222860109009,0.6948693898233202,1.202402511818336
1542,pre,646,0.5059772469560125,0.7268309431002524,1.1319664037441015
1543,post,2270,0.6131903973776406,0.7552967832815514,1.1720928011419656
1543,pre,1582,0.6220219629414854,0.7504636761671316,1.0608455841125521
1544,post,1028,-12.927315723783297,-2.5046176291117432,4.0252409948808054
1544,pre,242,-15.551638110452988,-2.3328661412156615,3.91480165152464
1545,post,2328,0.6011059894282361,0.6365751095002354,1.2521231775947468
1545,pre,1050,0.645973768183036,0.7713957273847036,1.1612121391873933
1546,post,1636,0.7129707811512505,0.7437235096815737,0.827527476384519
1546,pre,403,0.6935166456547941,0.7245790694997731,0.8766032569963551
1547,post,2001,0.5114984578540165,0.6791674342014549,1.2385455282435582
1547,pre,939,0.5693269392676047,0.7390385758842444,1.1290711314107331
1548,post,1950,0.5770115705342074,0.75949199289316,1.0414757462391555
1548,pre,692,0.5872184272330572,0.7575812530442914,0.9994406542052404
1549,post,2029,0.5200588495478771,0.5861377903924299,0.9606358881993587
1549,pre,722,0.6084518487809314,0.6795192325870154,0.8420834517565466
1550,post,2408,0.7643257781658076,0.8130827018583195,1.0305398302668318
1550,pre,927,0.7389493129110166,0.820340531795559,1.0402223198632174
1551,post,2356,0.7239589524454628,0.703226555718115,1.2311260149385614
1551,pre,1521,0.6105243071184283,0.7760855700689926,1.1313903291466274
1552,post,2307,0.8344649805792461,0.8979575627281685,1.0317191871253835
1552,pre,693,0.5727916648099525,0.7292957730801077,1.0354788788349976
1553,post,2036,0.38049752171768336,0.5219340637103416,1.405615686004265
1553,pre,652,0.3080700271731749,0.4464727185730505,1.4694667035866817
1555,post,2705,0.5636482964784659,0.6640428206666744,1.258793349112083
1555,pre,1266,0.5138353119501846,0.6138456185427081,1.322888664975763
1557,post,2068,0.5869904072634837,0.5181069117409687,0.7219981134141499
1557,pre,881,0.5281357168031635,0.5813247310095979,0.78951475480812
1558,post,1666,0.6526143193607323,0.8138680788882323,1.034955005833257
1558,pre,808,0.4331833834109873,0.7045920318101396,1.0638766917856053
1559,post,1655,0.800434728153525,0.8133469684816262,1.0162623432049238
1559,pre,838,0.6495771813024245,0.7598464800895119,1.0018532920761836
1560,post,2354,0.7311012786786018,0.6839921385501886,0.7998906015323616
1560,pre,1525,0.6682794567359666,0.6831007905662156,0.7718097227795055
1561,post,1277,0.7628069226036469,0.8577061861904601,0.923537196275245
1561,pre,359,0.5141463246754908,0.732441371654708,1.1432200293979697
1562,post,2498,0.7695410158367215,0.8004439518975283,0.9719848548638141
1562,pre,2042,0.6709281836368008,0.7542778587956952,0.9502811903712254
1564,post,2422,0.7770605550133363,0.8194884333667956,0.9394602035941397
1564,pre,1596,0.6994521519495855,0.8157618462800463,0.9561878030861429
1566,post,1306,0.5336469174192109,0.46992983544425615,0.7478049932637929
1566,pre,743,0.22203950429638042,0.45369071175907816,0.6736919391921571
1567,post,1133,0.5816392790345863,0.7074578464045944,1.0410456493254403
1567,pre,784,0.26218758233316364,0.6012432398912414,1.1556266777403355
1572,post,969,-0.7726677811680824,-0.004554025592100608,1.8261224595062786
1572,pre,248,-3.2956912556392632,-0.6074007863342807,2.354289416153881
1573,post,1150,0.2166922964785537,0.3967636571565426,0.9448461317637531
1573,pre,485,0.08090773846964827,0.45989227584075676,0.8580578845345691
1575,post,813,0.3333619761192431,0.5573906701176612,1.3007329941877255
1575,pre,411,-0.6238620552658378,0.21312004022490583,1.3355368021987903
1576,post,263,0.6826578932647316,0.7594814946591395,1.0458544180749958
1576,pre,134,0.21976484662840057,0.6352262532853845,1.0651679012305852
1577,post,642,0.6984583045696382,0.7297870914804412,1.214599584756461
1577,pre,352,0.43223570053818317,0.6522266118837643,1.268043718612247
1580,post,1273,0.5532688742016418,0.6694606389203579,1.0330992023487875
1580,pre,1319,0.2857826396741834,0.6473985214293819,1.0099971836438377
1583,post,384,-0.810481765246204,0.0137725744558157,1.444475292242071
1583,pre,191,-0.65505888737256,0.16344599176232188,1.521261169238717
1584,post,489,0.535181978545016,0.5346146477662446,0.9886194730732543
1584,pre,179,-0.045525509797522234,-0.07051730121159361,0.5424460274724655
1585,post,758,0.6634199498323933,0.6293686678369148,0.949726269773595
1585,pre,364,0.26735293843902086,0.5205480701234819,0.7725413666255347
1586,post,441,-11.69331324585199,-1.6336433320757289,2.901769051152057
1586,pre,247,-9.270811748323323,-1.313404236933979,1.967829992677206
1589,post,276,-0.20802923688005914,0.30537372357279724,1.6413966936995787
1589,pre,170,-0.2564310122460989,0.31286109067284285,1.5884584385235911
1590,post,254,-10.93024111102301,-1.140269167441558,2.856226301170839
1590,pre,168,-4.574104761861336,-0.7895238248687586,2.675705896265189
1591,post,796,0.6098694078467697,0.5476551367015691,0.7909007670556351
1591,pre,276,0.4929965386729356,0.5151749339170985,0.7642275331341679
1592,post,586,0.39306696530583507,0.3374136023814377,0.6908614181274003
1592,pre,503,0.10466491278260637,0.29733455138402387,0.5901025926664546
1593,post,268,0.16306457893059623,0.49555554262207124,1.4355830288541982
1593,pre,110,-2.34548895353543,0.09775918881844237,1.6128310775891475
1595,post,287,-4.202068419206496,-1.115638463985976,2.479463317893425
1595,pre,135,-15.97222906047574,-1.9743131140189019,2.4242165033414604
1597,post,329,0.6445805943393844,0.6768422916700487,0.9610069900550071
1597,pre,219,0.1744948877372442,0.4350887404616216,0.8053908124176257
1599,post,437,0.527690020373685,0.5620895747488814,1.0813979093828845
1599,pre,220,0.24471828150700303,0.5570855245999795,0.8725035053713247
1603,post,549,0.09430432176312975,0.607305174986555,1.2918291103837525
1603,pre,180,-0.060426732464698985,0.5244628554923259,1.2576742312698486
1607,post,164,-6.927759395715182,-0.8739875465762232,2.6942858856902636
1607,pre,133,-1.363221978980305,-0.09559696141955198,2.0580766277970706
1608,post,444,-0.34704493410618764,0.3540816899018724,1.3129994516799308
1608,pre,166,-0.08111423208934965,0.4183728361105944,1.146879935996486
1609,post,631,0.5142509932684874,0.7540886402190851,1.0134111956399663
1609,pre,344,0.1911953171122186,0.5829533922136707,1.047697174772864
1610,post,567,-6.455605010891403,-0.9539533150439417,2.3336047145233763
1610,pre,94,-2.4965610733843673,-0.26521904603375823,1.8891883149882416
1615,post,574,-0.39418939150492527,0.2709875729627975,1.2828901426793127
1615,pre,319,-0.22915638746245914,0.3048140724284438,1.3112962883081056
1616,post,468,0.5607514564588828,0.6157317152329274,1.1507416956783867
1616,pre,119,0.20122477917255754,0.5201049142067309,0.9984879447948694
1624,post,633,0.6598790789873168,0.774938227068503,0.9338221834744999
1624,pre,270,0.594457559021316,0.6794883034732935,0.8836469955676521
1625,post,659,0.6188511471714315,0.7462051704218353,0.9000476846051026
1625,pre,250,0.3183661353140418,0.6992302142902771,0.8283148570321254
1628,post,1037,0.0735311411517825,0.5274909057541675,1.4244962214612757
1628,pre,138,-0.24738685470688848,0.48953573236326353,1.4159852744610117
1727,post,608,0.6720419034017346,0.8201069053198369,0.9452942908636643
1727,pre,475,0.03791347312173765,0.3640214745430578,0.7935084250172519
1728,post,710,-0.2525458783041341,0.10754620798173331,0.5314888515846633
1728,pre,914,-0.3401452114233132,0.05108113038653006,0.5201929157987032
1730,post,2695,0.732845358283583,0.7614645604455305,1.0003089945494392
1730,pre,2024,0.6560309955623316,0.7604108081472392,1.0562335480229101
1731,post,1865,0.7522581450176445,0.84468669918849,0.9391660875131678
1731,pre,1393,0.7101650131603918,0.8554186036268027,1.0112356059956513
1732,post,3214,0.5822421522879992,0.6847146716548012,0.8347292228674605
1732,pre,3209,0.540349223966766,0.699697199788534,0.9462021979273754
1733,post,3073,0.7071172107277215,0.7694887706699861,0.86018246653434
1733,pre,2448,0.6428107202001151,0.7810891879532849,0.9414601592033152
1734,post,1890,0.5960404348207518,0.7623943900252307,0.9772414185692878
1734,pre,1282,0.42277843947881855,0.7095259945022405,1.0662492145661095
1735,post,3264,0.7342128899603769,0.8094517631966033,0.920244280483493
1735,pre,3170,0.6774973651950211,0.8191093372826435,1.0351945260364817
1976,post,770,0.566822907625457,0.5422000511875327,0.9142944849204311
1976,pre,704,0.75044726303147,0.6280849607757039,0.9071514018525921
1977,post,512,-0.8889979808779502,-0.23094628000728457,0.5453982161764906
1977,pre,1571,-0.2745645605534859,0.06492465170056638,0.8042383294680979
1978,post,169,-1.4903183342643183,0.0014768659176537247,1.4151104383719042
1978,pre,1181,-0.775130771515399,-0.05910253781566399,1.434089628084589
1979,pre,635,-0.1741920997478621,0.05172798826453073,0.7890113981285428
1981,post,1492,-0.6594164699167631,0.17137853843791329,1.35423905176587
1981,pre,1190,-2.026633359409581,-0.13027160483236644,1.7753000917032333
1982,post,486,-2.9850302227072913,-0.19604744273888053,1.9508016682218
1982,pre,779,-2.881878101454478,0.06591623712554362,1.7230597631204758
1983,post,94,-14.040889335060244,-1.4345479760687905,3.374350255552982
1983,pre,1003,-30.60989643329573,-2.433014665801731,3.8239512763155763
1984,post,445,-17.187773136584177,-1.903508239910836,3.868689171472566
1984,pre,1236,-6.166580782092242,-0.9088490296420724,2.8744756877666773
1985,post,972,0.012336739950363773,-0.23517951881536292,1.4634922029117128
1985,pre,1953,-0.6753369377925802,0.20942874750912688,1.4473054776251804
1986,post,811,-0.4578678704221064,0.06278084561160857,1.6976449668968259
1986,pre,1905,-0.3275326905043221,0.13713179035498857,1.5406672122308733
1987,post,951,0.46059858515843277,0.6121605665284798,1.318015846399605
1987,pre,1275,0.33841224180770746,0.6781412847698916,1.0989028618931107
1988,post,1194,0.3996860585151699,0.5221124923605656,1.418793713632973
1988,pre,1745,0.3943667727416218,0.6312476988092661,1.2571725323692335
1990,post,639,-1.7314680526848445,-1.0907619762988188,3.017168546735459
1990,pre,742,-21.694215166150055,-3.4587973159988783,5.003038161621552
1992,post,1293,0.5247229651768683,0.4419482508710765,0.8956758157965324
1992,pre,95,0.6293074236765099,0.5978926886970186,1.0086768268233637
1993,post,2222,0.024498107873107133,0.44403830429736035,1.3110024272842584
1993,pre,2246,-0.5269926310166761,0.17692982080107267,1.5109361894834963
1994,post,2062,0.3882798024166525,0.6158552760219289,0.7671342295380897
1994,pre,2112,0.45000007281609955,0.6358921266273666,0.7767663299158938
1995,post,1486,0.5663783442885921,0.5669467739342297,0.7773941717940301
1995,pre,1470,0.5141034210151842,0.5688663060212108,0.8941157655911197
1996,post,6,0.5473620821978922,0.4880245507408434,1.0611742214781927
1996,pre,1311,0.6635171941502762,0.7681062111900161,1.0388148031869242
1997,post,2419,0.10516671229549568,-0.11059679468504457,0.27714373931753644
1997,pre,2332,0.09463975119021173,-0.05720488186749173,0.3038252056397454
1998,post,2340,0.5445322725396771,0.6997556211352398,0.9393081401071833
1998,pre,2837,0.5253824206244156,0.6335524703613062,0.9052873031992598
1999,post,1053,0.6195883172065761,0.5973061941825597,0.7179674345572821
1999,pre,3140,0.5479909853681224,0.6449010778065127,0.7609120398304499
2000,post,1977,0.29349227454372884,0.23595835809038535,0.613827535893864
2000,pre,2291,0.5222239887490614,0.5590000665143591,0.8159536872255232
2001,post,2533,0.5803946405889522,0.7832617503299875,1.0713158364285822
2001,pre,2493,0.05482480313030336,0.4066311717086195,1.3490002665423337
2002,post,2343,0.09538939519192724,0.5103852655599086,1.1860326218590294
2002,pre,2118,0.23053845155331898,0.6117370295054392,1.163881773683634
2003,post,234,0.5752243592785082,0.6427832185256683,1.0559482144860897
2003,pre,2293,0.2858483378287735,0.5598483174231028,1.3027686650998798
2004,post,2408,0.41482373236903614,0.6810417247741027,1.1598659960560203
2004,pre,2974,0.4337924686243052,0.6652868667822573,1.0684735842153839
2005,post,2950,0.5638077553318821,0.5299863388764186,0.7876182170897861
2005,pre,4508,0.6216052701615308,0.5601534428964161,0.7625786349160809
2006,post,103,0.07154420690113705,0.4209242590414237,0.8556100178921462
2006,pre,1471,-0.3773825250083591,0.1889544560090749,1.6420779847333598
2007,post,2710,0.5961571324629558,0.7208636455574482,1.1994242644914674
2007,pre,1608,0.464865642725361,0.6345952562868468,1.281010989658646
2008,post,2902,0.6712920036514264,0.8104825009105399,1.059071447367748
2008,pre,2234,0.30510624012958176,0.5398164861057071,1.3340179521722957
2009,post,2903,0.5874300327510674,0.6713939626760215,0.8976296087179221
2009,pre,2376,0.6299289786861563,0.7675188495538705,0.9586383467370885
2010,post,3059,0.649261047850626,0.8109907817497506,1.0815013122876986
2010,pre,2710,0.4621876785415596,0.6551814535405158,1.1877381966530012
2011,post,1993,0.6194840482593558,0.6872247222416673,0.8415993018278057
2011,pre,1712,0.5836104968510336,0.6913029839136785,0.8958578663515068
2012,post,2330,0.4871938434193952,0.749366493074746,1.03059887816963
2012,pre,2128,0.07228276129767985,0.4567038713279714,1.2952275097798758
2013,post,2228,0.6492715795358102,0.7915500787240652,0.8732808606209215
2013,pre,2282,0.6559736774286175,0.8251475305608985,0.9496392714396125
2014,post,2775,0.6974285287622968,0.812517747731482,1.1201924590882382
2014,pre,2409,0.7097566375431862,0.8321480258228504,1.082041432819037
2015,post,2697,0.7260170291329416,0.8585960608359253,0.9622049007049085
2015,pre,2414,0.718254038655695,0.8573774544495101,1.0246037808160509
2016,post,1931,-4.621185980308327,-2.291807861781397,3.9772934878109583
2016,pre,3219,-9.511909991772121,-3.1983050322693742,4.605934127126249
2017,post,2345,0.43028338324540705,0.35627569221191024,0.7110361103064367
2017,pre,2504,0.5326358086532281,0.4610065427099427,0.7418953615951727
2018,post,2460,0.5055797302566831,0.5189348097796969,0.8445542336470151
2018,pre,3168,0.4920282374549938,0.48279719089119166,0.7931485670100372
2019,post,2405,0.14638240657339807,0.5102581672738582,1.3536449888426332
2019,pre,2885,-0.20547242134897936,0.3851622871380249,1.4252943782135765
2020,post,2130,0.5282288624887863,0.5295639638854556,0.802621190348974
2020,pre,2666,0.546433000714103,0.5570897805645276,0.8103121337449855
2021,post,2821,0.6593784722235403,0.8003744265200514,1.1116912582468341
2021,pre,2735,0.6599207408962954,0.7782578748023321,1.1542734235631542
2022,post,1678,-0.19320873387707382,0.341058100082517,1.162512827305676
2022,pre,1719,-0.4262047442484369,0.25407374048859754,1.2036931864104348
2023,post,2435,0.7555132442598026,0.805152856708336,0.9189834193786852
2023,pre,2257,0.7376471076782452,0.8049179413533265,0.9792544609561761
2024,post,3227,0.5392532586538824,0.7276210561243195,1.149119758374954
2024,pre,2926,0.30899753663490637,0.4912254065231799,1.4241953214546161
2025,post,2690,0.4357251765834639,0.47480125521635475,0.7261156353394191
2025,pre,2738,0.5297944165898065,0.6030801045898022,0.8583066927278791
2026,post,2676,0.6522471862524856,0.6755685722645239,0.8299601558467156
2026,pre,2491,0.5642657570907603,0.7661046577638249,1.0528443276329098
2027,post,2557,0.6676555124443201,0.7679331626940427,0.9052740291104543
2027,pre,2513,0.7459876892734891,0.8351290373403542,0.9242970111252469
2028,post,2051,-0.29406328153251127,0.1681812653475796,1.5940720270464457
2028,pre,2574,-0.03867199819509559,0.24494553917754514,1.6532809012579393
2029,post,1398,0.6800173830771886,0.7282968364534397,0.8200855274177882
2029,pre,910,0.6323655837756077,0.7431802903232911,0.878414130794571
2030,post,1672,-0.37268687443237414,-0.22950959142840088,0.18249449531467607
2030,pre,2097,-0.14071411788873323,-0.21961067218137797,0.2191295114992014
2031,post,2565,0.7453528892694454,0.8602775362514131,0.9766443878007646
2031,pre,2311,0.622623548487228,0.8016318063903912,1.067477350681015
2032,post,927,-0.11567191271179045,0.16035534454317224,1.6368429554917265
2032,pre,1206,-0.23519233621221503,0.2089026412279632,1.6208350055506007
2033,post,2325,0.7348028104678781,0.6841015306839129,0.8350882844007618
2033,pre,1992,0.6692137328403965,0.7243169180752741,0.9816648470812945
2034,post,2277,0.6489853516445269,0.81818227077601,0.9541701265045336
2034,pre,2373,0.5978265567450498,0.6980672117909994,1.1516490731641007
2035,post,2465,0.8406689599426749,0.8976058325403325,1.0274206326605873
2035,pre,2234,0.7712652131915301,0.8507195687422064,1.0986949012886955
2036,post,1940,0.610508000937908,0.6501891539860524,1.1990173003427038
2036,pre,1119,-0.1548785797323542,0.2705000467900134,1.5816363241673843
2037,post,2103,0.7167208022707342,0.723032420294508,0.8201685582281344
2037,pre,1975,0.7245998907934268,0.781010203230472,0.8585976365612359
2038,post,1933,0.8129125331951754,0.8961466721872429,0.9857765589550226
2038,pre,1800,0.7158950091664176,0.8314876415967947,1.101997250758945
2039,post,2344,0.6624781196207077,0.7415895778625801,1.163257914478258
2039,pre,2070,0.6581710762040663,0.622555291236226,1.2756392274697208
2040,post,919,0.3427126540031121,0.3222342462935748,1.541212203983854
2040,pre,1693,0.046285804463392366,0.14633855835880094,1.6424800784950662
2041,post,2253,0.7228831657687775,0.8617205910534246,0.9856464552391956
2041,pre,2129,0.5687511099756353,0.6290974128083793,1.172048743967072
2042,post,1863,0.6079683284248001,0.7552066082557019,1.1388514084245254
2042,pre,1780,0.6044745539002745,0.7128945619947293,1.1914580563347754
2043,post,2024,0.2423185232769708,0.3836272237023356,1.498093242022653
2043,pre,1970,0.3587120425898873,0.3049703309538767,1.6183799151083431
2044,post,1896,0.534649028172336,0.6384569017669582,1.2441033983576688
2044,pre,1244,0.43007020895072323,0.688600038600184,1.1611728197695008
2045,post,1595,0.21362407741373157,0.3293776726226687,1.5462483270558243
2045,pre,1267,0.2640864992468006,0.2327830105599752,1.7002869756451173
2046,post,80,0.09090415495655346,-0.0657615714187465,0.5281528645361023
2046,pre,1617,0.5787499633703928,0.44517168080957936,0.6925133251995863
2047,post,2165,0.6199391882465899,0.7608023505890583,0.98730641531598
2047,pre,2939,0.6679474744041207,0.829103321155029,1.0019420622552053
2048,post,2008,0.7065564950667832,0.6488126179420222,0.8107048677794257
2048,pre,3801,0.7435338696837812,0.8270800081605436,0.9236930625403099
2049,post,2225,0.7476698000283581,0.7596638111690256,0.919697645051282
2049,pre,3177,0.6454792759259321,0.7012045912246786,0.9776542890625792
2050,post,1938,-1.9279171324405873,-0.5790478979695861,2.222340266530786
2050,pre,1817,-1.3627546938338058,-0.49533566049076416,2.214621003370938
2051,post,2002,0.633948246220783,0.7700597108937492,1.1285980341387867
2051,pre,2141,0.7058976005554383,0.7853293966588036,1.1040758365840027
2052,post,2776,0.4550631128610755,0.6684509252389752,1.1928987001752158
2052,pre,2065,0.5015423002506791,0.6160527520033277,1.294873621448144
2053,post,2578,0.6958538402864464,0.8099787812707812,1.0940777906871348
2053,pre,2063,0.6185119819965551,0.7395872379896906,1.2016789886365316
2054,post,2271,0.6185451202793726,0.6424093635012202,0.7673554351167907
2054,pre,3092,0.6672126334126738,0.7422946815021402,0.885446596130341
2055,post,1315,0.3870397362634904,0.5122106321031987,1.2369934704641756
2055,pre,1576,0.2113995642367188,0.32662048584329983,1.1810303619538842
2056,post,2561,0.48278284057803833,0.6457896867283537,1.2508352353085048
2056,pre,3634,0.6540336704324967,0.7903768921853612,1.129167350420188
2057,post,2085,0.40667637366079323,0.49380347461792795,0.7992603493607401
2057,pre,1957,0.37727277796227665,0.4843176386282577,0.7902194566367438
2058,post,2499,0.7013927041258936,0.7859145941664715,0.8997951532953922
2058,pre,2149,0.6298374452311444,0.815449435450347,0.9848932579953286
2059,post,1423,0.3666487398043291,0.6824065472902234,1.1130799134243399
2059,pre,1431,0.15238697677593505,0.546606916658751,1.2565576919297952
2060,post,1529,0.6582445522775471,0.7774716513084541,1.1051705586815457
2060,pre,1557,0.6321717103184077,0.7718877184308577,1.0906599167837583
2061,post,2028,0.6038877004768163,0.7354706162824806,1.0427363672853867
2061,pre,2804,0.37640934262509596,0.6400502182915315,1.158025959524539
2062,post,1520,-2.7599419227917528,-0.8170491927355126,2.484827077301388
2062,pre,1788,-2.405709094204865,-0.7356449148148023,2.5025452996205986
2063,post,1883,0.58781879373782,0.7297601067724224,1.1233728809447734
2063,pre,1907,0.43842820862817744,0.6571971818451258,1.1955782105504953
2064,post,1866,0.7427451448870103,0.8040884311054215,0.9703015311416135
2064,pre,2864,0.5627496532486216,0.7806425800848332,1.0169367300974193
2065,post,2297,0.3943624102315647,0.29287281073781235,0.643180753221793
2065,pre,2257,0.5077863498296349,0.4243622796547728,0.7224316628544605
2066,post,2370,0.6068773991036428,0.6506979838014966,0.8599343805237539
2066,pre,2383,0.532028081802548,0.5740780087796208,0.8371233061012399
2067,post,1173,0.6303298589433219,0.7785380638193005,0.9354960811350824
2067,pre,2249,0.5182905566878206,0.6634134229941682,0.9953087862145252
2068,post,2775,0.7132577942457623,0.8454005323711855,1.0364758118415607
2068,pre,2703,0.7273013439376106,0.8232768425691689,1.1082483452255651
2069,post,2091,0.6960241841457773,0.5288520889537613,0.6816101433797139
2069,pre,1546,0.7311178468761764,0.6940185610684286,0.8359610771051851
2070,post,2065,0.5409489464750582,0.6037268549404349,1.350059260061848
2070,pre,1886,0.08240834306378653,0.3848782646323462,1.48448271842057
2071,post,1944,0.7721356651595112,0.8801787461336172,0.9625071448355564
2071,pre,2173,0.7618268720163779,0.8433339960922522,1.0594285659076943
2072,post,2221,0.6123295388339648,0.7103415801171385,1.1419658991337276
2072,pre,1882,0.4232930497701901,0.6677584605916316,1.1758642437278481
2073,post,1516,0.4098162478257861,0.5736202609114864,1.353947451840238
2073,pre,1328,-0.12915668514759648,0.16991944887849497,1.7412213676019879
2074,post,2726,0.38719435646128664,0.47348388002792596,1.4455275253653523
2074,pre,1095,-0.11686495261627905,0.30793267953447656,1.5172606188518214
2075,post,1930,0.5159145557231148,0.6037853064674302,1.250353377934694
2075,pre,2014,0.35069482673080876,0.42899110812819075,1.4237821768817132
2076,post,2300,0.558027417204955,0.6521084199909524,1.2412062956476864
2076,pre,1739,0.549719919905979,0.7250539502586202,1.1866497059695156
2077,post,2020,0.6121180246384628,0.7762086500374047,1.122938016635187
2077,pre,2098,0.39456664760820415,0.6604530278837958,1.1942573434496617
2078,post,2128,0.2996094768786166,0.34627269887077894,1.4942152623603464
2078,pre,1768,0.07007447887466267,0.17504150334962942,1.643835745201422
2079,post,2161,0.7258696059589942,0.8621348771012346,0.9831684509721279
2079,pre,1665,0.3933707463381575,0.5443460203720533,1.2769789023277538
2080,post,2195,0.3355908125045508,0.3645939882373529,1.5302942543866904
2080,pre,1852,0.35621702135855804,0.4741134661071752,1.4428925360706357
2081,post,976,0.5402620899524482,0.7577658595220916,1.1199277426717626
2081,pre,1132,0.474260811550798,0.706367935568035,1.1899081990692921
2082,post,1974,0.7579580189878669,0.7834714632200861,1.1776649191128445
2082,pre,1046,-0.017920580062618985,0.38253257631309345,1.372674638910574
2083,post,2419,0.5334255241913288,0.6560794810554169,1.2060918525152198
2083,pre,1551,0.6005193752047296,0.6385846328716176,1.28774631173246
2084,post,2361,0.7477979208283907,0.7521319962511286,0.8136806785050117
2084,pre,2049,0.680014942046265,0.8320780169152349,0.9669296646955072
2085,post,1869,0.07312889105791887,0.47879748195147587,1.3316161364181076
2085,pre,2252,0.09848109645703185,0.5676844128407335,1.1223941717924815
2086,post,1759,-0.29290939862313703,0.12629667525262966,1.6498848988588637
2086,pre,1803,-0.10632263603688341,0.24437732492793762,1.5929772611229973
2087,post,1438,-1.7180476439556709,-0.224610940500249,1.55930711679883
2087,pre,2271,-0.6572263182877067,0.27869644809431626,1.3541713433201574
2088,post,1931,0.6120701196983436,0.7013187985911804,1.2416217644531993
2088,pre,1287,0.5911204960445502,0.637190143873874,1.3041226851919934
2089,post,1810,0.7506940044916934,0.8435696716715885,0.9931356766375284
2089,pre,2854,0.5778634214631824,0.7589411606166484,0.9701574817656572
2090,post,130,0.40122933282750306,0.3560041876781266,0.6215060476887817
2090,pre,1453,0.5559292007963845,0.5330486165762709,0.7640540271336468
2091,post,2637,0.7819327176864983,0.8759610508679021,0.9812551218417227
2091,pre,2455,0.7640121500396475,0.8315127945175885,1.08494103514903
2092,post,2696,0.5524796451773737,0.6804261406498828,1.1786450580736647
2092,pre,1580,0.29245677613966525,0.5745286472778086,1.2968557043774545
2093,post,2166,0.7578976398630197,0.8348380679229028,1.0384198450028306
2093,pre,1643,0.6287798075176296,0.7937412285792212,1.1097512879420122
2094,post,2171,0.8277519877918194,0.8378485645348501,0.9359128002601915
2094,pre,2225,0.7900280604572824,0.8861791099474924,1.0310570453896781
2095,post,2344,0.09675148578579595,0.3337356650262332,1.5093554219303622
2095,pre,1837,-0.28275537190447064,0.14947666329089038,1.6877070935789023
2096,post,109,0.32623509342956614,0.6002060210764344,0.7783405383896751
2096,pre,2074,0.5018589812628602,0.6936096750594334,0.7887982201804862
2097,post,2400,0.7517562576400213,0.7832116084011587,0.952328452939676
2097,pre,1711,0.5247173787444667,0.7439863977925647,1.0262518903798683
2098,post,26,-4.090623163782948,-0.13780022794407065,1.9399375602307216
2098,pre,850,0.4171134388493012,0.7052022579441592,1.1100665101849083
2099,post,1509,0.406145745997071,0.6434777034470831,1.1867659170575358
2099,pre,1589,0.19408689946185242,0.5896582898805629,1.223370304029049
2100,post,58,-1.197343876276559,-0.26591570356481853,1.8776219536756529
2100,pre,1224,-1.0549927817845237,-0.02693570959690339,1.708244788605257
2101,post,2019,0.6061924139248306,0.6672060439311376,1.2594867570097197
2101,pre,1978,0.3272870017084474,0.6086420686842895,1.322358372411152
2102,post,1700,0.7482337201541615,0.8229065297012097,0.8959668849124678
2102,pre,2024,0.4307986976516446,0.715258385882662,0.8953829505182443
2103,post,1517,0.6442536461296717,0.6805768475977669,1.198329269830676
2103,pre,1259,0.2192316975669959,0.6149426735443245,1.271176086639968
2104,post,1576,-10.126317961022037,-1.4794194735478543,2.8010627040266485
2104,pre,927,-25.43916208636877,-2.3886448972817833,3.2670066626375576
2105,post,1250,0.6068044946368616,0.6864357900336289,0.9622166020182124
2105,pre,697,0.4459873405751711,0.5784478663721867,1.0903629530897192
2106,post,1621,-4.208829839599076,-0.44921740816668665,2.1858306564948804
2106,pre,1447,-4.68808698898709,-0.500010299050329,2.3126752766997836
2107,post,1757,0.6417618556351062,0.5848004657432897,0.8447193123559803
2107,pre,907,0.5041814489244106,0.5356029459969622,0.8871208133604689
2108,post,1720,-1.830705219374694,-0.4899102515659428,2.1111790036752947
2108,pre,1664,-1.7114757011381578,-0.2838981198757391,1.987449512434285
2109,post,2608,0.7256308407315928,0.8297370650707402,1.0911328402927967
2109,pre,2763,0.7740386059461273,0.8503523479611803,1.0981371763004468
2110,post,2238,0.8013940309537688,0.8040794610196151,0.8879739079595742
2110,pre,2579,0.8049830687379256,0.8202951586011727,0.902891520293521
2111,post,1915,0.5309555270882027,0.6493944359272176,1.2662648214709749
2111,pre,2550,0.5110073179268637,0.6330596026643891,1.3050753548736107
2112,post,2335,0.7252079840043381,0.7040805879009844,1.0251146458093445
2112,pre,1955,0.7259099818795136,0.7307721376311324,1.0112880231196892
2113,post,2177,0.6007718922875722,0.6532950017457901,1.299953240680612
2113,pre,2209,0.3900855789846309,0.5221795219399031,1.4127222814914189
2114,post,2328,0.512595458737797,0.5574105905006932,1.364416401035917
2114,pre,2599,0.45912950738800573,0.5544963703810554,1.3713567502102577
2115,post,2325,0.48635859596879794,0.6181840724589094,1.306602689506879
2115,pre,2032,0.6045785858128689,0.6814379528760051,1.26808000729761
2116,post,1828,0.7440478463181488,0.8351756024579582,1.108524277586619
2116,pre,1321,0.4420400674689481,0.6184747193644182,1.2934959624573878
2117,post,1969,-0.31078729552132356,0.14380497565811723,1.4834610775250758
2117,pre,2036,-0.13699436226830386,0.2637278247970041,1.4882260402149234
2118,pre,6,-38.225536864568056,-1.2110381866669369,1.3057040870651666
2119,post,1642,0.46495166917689046,0.7335366223548931,1.042328362573622
2119,pre,2602,0.45972769410487113,0.719995704947243,1.0001974866758425
2120,post,912,0.4243330308391503,0.6324652944456467,1.1239779614533472
2120,pre,1293,0.3134361096992785,0.6292903416569914,1.0703964644189006
2121,post,1510,0.5261981953987129,0.662648199986376,1.0192651626928126
2121,pre,2478,0.481079882812005,0.6643358487596918,0.970941210643384
2122,post,2209,0.45968548014077726,0.5509531845560678,0.7783386432194475
2122,pre,2176,0.5379345745639681,0.603742331523641,0.7517000778004365
2123,post,2313,0.5864447329051461,0.5506938213389405,0.8296356859981683
2123,pre,2953,0.4500848194028174,0.5116014282501278,0.7636306418157287
2124,post,3086,-0.4258038658785379,0.2840232968879053,1.5275545554044867
2124,pre,2286,-0.5628341474955496,0.30277063913379887,1.4594409061904288
2125,post,2864,0.3353404496143123,0.6133166403354927,1.1010462856697838
2125,pre,2425,0.4348237781025639,0.5154931438858634,0.9905236423693731
2126,post,1635,-0.7155671020039074,0.276696387918861,1.6341674925712113
2126,pre,1737,-0.16985855075678447,0.4527064252333032,1.397146579738449
2127,post,2336,0.418567905875333,0.35451241846245707,0.5377117715318139
2127,pre,1848,0.429632904281124,0.39428680229044377,0.5855407075226491
2128,post,1908,-0.3559112167241556,-0.03518207273603724,0.32737274504630914
2128,pre,1813,-0.531635317139556,0.042299745572607184,0.35442450668795983
2129,post,2348,0.31826093574638903,0.2830433383765776,0.5393326384180659
2129,pre,2399,0.43447133201561716,0.45627048008756455,0.5977681560293538
2130,post,70,0.8023796847567826,0.6961208670457788,0.9250485995650591
2130,pre,2958,0.41925722660849307,0.4028914383096355,0.6585961196981915
2131,post,39,0.38748367267846684,0.19332543221238352,0.5393565737483061
2131,pre,1689,0.4379451445688921,0.5517891090893541,0.857919501519515
2132,post,2296,0.6492861351924083,0.747385835340229,1.14337418808119
2132,pre,2277,0.6212840001771955,0.7486813972248028,1.148168361653402
2133,post,2095,0.551408672077682,0.5873296458050541,0.7935060128442691
2133,pre,1709,0.4873711268158091,0.5056131150482734,0.7966647247013273
2134,post,2610,0.6703947213469316,0.6942411340206781,1.1638632700423794
2134,pre,2272,0.5801288223137882,0.6367242920015184,1.239280618195474
2135,post,2138,0.34011552888164853,0.4559132947734763,1.4473298832987178
2135,pre,2197,-0.002266551152422025,0.19737648158225918,1.7354067457692113
2136,post,2380,0.19118095244000888,0.6051883710915618,1.1025523942637883
2136,pre,2403,0.3066210949839713,0.5829773260126183,1.2188025341221145
2137,post,2679,0.546533938750966,0.6654850713151472,1.2645306963731329
2137,pre,2906,0.6191830404551588,0.7443587692102757,1.1840562599067461
2138,post,2172,0.5957142550348768,0.6528985993711665,0.8126753131443016
2138,pre,2953,0.6783925009504284,0.7737600417360133,0.8923063389642074
2139,post,1646,0.44579418659692716,0.6739094772008594,0.9081751981595563
2139,pre,1698,0.4998690221706573,0.6983283705023746,0.9716567655834996
2140,post,859,0.048940296796268656,0.5041541550801245,1.2241070138532297
2140,pre,1182,0.02476916323996181,0.4353790795328262,1.39535242826862
2141,post,3206,0.5840409431229621,0.7274989280054944,0.9572629781287664
2141,pre,2793,0.5384709377996395,0.7030794101781432,1.008261480572773
2142,post,2599,0.5456981517974091,0.6823728274971217,1.0478152889787122
2142,pre,2112,0.6094730355795221,0.7610796839402068,1.0824624640317535
2143,post,3112,0.5514545518063602,0.6921560833380873,0.9106350852387963
2143,pre,3150,0.575075404350071,0.7566861408817736,1.0102859205664545
2144,post,2707,0.3626550496096659,0.4190473786592076,0.8612785538414411
2144,pre,1689,0.5479666323026924,0.6483941343220613,0.943945342422381
2145,post,3,-5.509712816991424,0.18196762037934133,1.7042706344669671
2145,pre,50,-0.19809267049538937,0.4906781038838046,1.196002539562653
2146,post,2153,0.5244299672446833,0.4507099697791178,0.8317525201298261
2146,pre,2794,0.55474418130142,0.4609726034335351,0.801068729416436
2147,post,2522,0.5713139179694382,0.6245738524529157,0.8119926657581975
2147,pre,2281,0.7436503792988542,0.866457239321792,1.0421930882173178
2148,post,2014,0.29779696380662835,0.1814839481474787,0.4951395925127275
2148,pre,2603,0.3506715168333704,0.26324797814612344,0.5536461280104968
2149,post,2008,0.6127031037264921,0.6504939880065801,0.7921050634488175
2149,pre,762,0.5301168436797357,0.6692900465798526,0.777032502574234
2150,post,2545,0.5425358064078301,0.41481575959779726,0.6579224494671457
2150,pre,3283,0.5483932499853226,0.4283688395672931,0.6794051781516409
2151,post,2258,0.5644149097521891,0.6363765182849005,0.9897915907370154
2151,pre,2033,0.5235603167918486,0.49798197399248334,0.837628677896477
2152,post,2713,0.6303937197918754,0.5957496160543578,0.9682861211660099
2152,pre,3271,0.5773503410715832,0.540102228125479,0.8992905157522642
2153,post,2278,0.3672780059024322,0.3556928955022858,0.8824806224147574
2153,pre,1733,0.20313572136610203,0.19073483054996954,0.7012038557743919
2154,post,3334,0.36335050822111004,0.6245064589352374,1.2443557342872267
2154,pre,2953,0.18790570848477628,0.5009984226733031,1.3696878183151995
2155,post,2769,0.6736206865582879,0.6856181660977498,0.821922768769787
2155,pre,2934,0.6206236154255191,0.7335178197209844,0.8937787407579559
2156,post,2602,0.6165704593344558,0.5935397383197173,0.8165973338514664
2156,pre,2376,0.5784446414058315,0.6175898506263954,0.7743727612457599
2157,post,1989,0.39572672841030676,0.5802846588691521,1.2829427937028899
2157,pre,1960,0.20917158213861564,0.500889117320692,1.2903540252290002
2158,post,1661,0.7269153143605389,0.7901293693557379,0.9031995436895098
2158,pre,2919,0.753362780708097,0.772966255316879,0.8667989427029005
2159,post,2033,0.7022372716176001,0.7174620928667859,0.8508739712789238
2159,pre,1924,0.8129807836876304,0.8781169734250059,0.9612653289090469
2160,post,2480,0.4791931723738566,0.7271275710807465,1.109468709227658
2160,pre,2348,0.560395933273914,0.7045349000214813,1.1947603341255946
2161,post,2672,0.7097763245430374,0.7685754285670803,0.9392468211428631
2161,pre,2639,0.7382738917598954,0.7491385358579356,0.871054613958009
2162,post,1046,-1.777545008363099,-0.03876674644080702,1.5717200847059078
2162,pre,979,-0.9569295850237369,0.234693075106298,1.28505192464045
2163,post,77,-0.5280122200112964,-0.27551102364741875,0.2303121814209036
2163,pre,2156,0.19048921742809155,0.11394973695075128,0.4157688832438646
2164,post,1642,0.5378740465610692,0.5937974879847521,0.9148597084108443
2164,pre,1215,0.7087440040233484,0.7700164522095592,0.9783485473534904
2165,post,2041,0.4778833871903895,0.41077369943649467,0.8191076488921436
2165,pre,2567,0.5893137200963399,0.5860001934056749,0.9035779684805079
2166,post,2525,0.5004986545556118,0.4912052432865479,0.8937450979788907
2166,pre,3193,0.5338383054822684,0.6180606890981866,1.0538637213415916
2167,post,2348,0.5322330295276205,0.44822952886373857,0.6780462925836199
2167,pre,3002,0.3387569199439886,0.2851782747972488,0.6511592392970826
2168,post,1312,0.41646631822190794,0.6688513182970892,1.182122684476533
2168,pre,2086,0.2521084797338795,0.48280536557349985,1.4014167278048626
2169,post,1851,0.5060300528757249,0.5174145520952614,0.662770415067989
2169,pre,2547,0.5182732718285212,0.5796133238450987,0.7458301637317993
2170,post,1704,0.6966645831448379,0.704839772414297,0.821926448186469
2170,pre,2797,0.468408063856114,0.6886736422376739,0.9971105722989747
2171,post,2404,0.6609901277123286,0.6108144507857771,0.7546683512575058
2171,pre,2713,0.5247124106822124,0.5154408378113059,0.7574864539971768
2172,post,1392,-1.1820796251203904,-0.3225412309633602,0.07966430252981695
2172,pre,1055,-1.8910693376236218,-0.3302931165542138,0.08695404440974339
2173,post,2065,0.600262027619815,0.7908238874966603,0.9288825948243586
2173,pre,2384,0.4986885505283254,0.7499597949805235,0.9694623411506552
2174,post,2739,0.6024866401113607,0.7144419359868255,1.2109124113031837
2174,pre,2282,0.3127897260573136,0.5409817283784075,1.3498155966495824
2175,post,125,0.5953557754977378,0.6254341435937948,0.9471965900378292
2175,pre,1537,0.4250747108106848,0.7224527621913389,1.027009560118833
2176,post,154,-0.5164262205348649,0.02576421142288743,0.32852306541741083
2176,pre,1597,0.28049521843566105,0.37733688479079086,0.5520208303437226
2177,pre,134,-3.137400502921496,-0.24760823277090083,0.15101942125380502
2178,post,2987,0.5343502629179693,0.45469210802908067,0.6754718256192151
2178,pre,1966,0.3502059367244281,0.2489691817311832,0.5692856054417186
2179,post,2600,0.08865643811689838,0.23779459994672836,1.4029903744779326
2179,pre,2896,0.2908988889952443,0.2942235502658731,1.5552177574663038
2180,post,1940,0.6505101464724276,0.8023614634861861,1.0808607740317202
2180,pre,1079,0.5911467891948927,0.6411992493524854,1.1038436424774967
2181,post,69,0.8540647888830457,0.6988222150073934,0.8184645556355198
2181,pre,2002,0.036561321470094055,-0.2218024995896375,0.5674112595515087
2182,post,2159,0.5818056629574057,0.788846296910543,1.0107419988625557
2182,pre,1837,0.5857785575689545,0.7489424375653218,1.1042166834443707
2183,post,1907,0.4856509817663789,0.5804334252082598,0.8237126121516194
2183,pre,1395,0.4360069903195334,0.7136055603169636,0.9892700205452777
2184,post,1583,-0.8881310401501765,0.19951982710429916,1.5949893493724114
2184,pre,1530,-0.6124767150673252,0.20257538034909817,1.614286623428812
2185,post,3275,0.2444083801376854,0.4444351148948684,1.4844390111311865
2185,pre,1715,-0.06145412363955338,0.2740458203032532,1.6112028707519412
2187,post,1860,-0.14024482040562947,0.12126004447347927,1.7457259726904406
2187,pre,1964,-0.44451622986324946,-0.15953808795890168,2.032695312995378
2188,post,2974,0.31799935351861275,0.39201869026941716,1.5150005753510305
2188,pre,1433,-0.5251066235155339,0.020004154890386094,1.7487662148459
2189,post,2469,0.25962338336639246,0.5352671080940576,1.3611440548834959
2189,pre,810,0.20334756116845354,0.5008677942524985,1.3794479112580607
2190,post,3035,0.689257163473356,0.6527733209040127,0.9023058864250331
2190,pre,1022,0.6637911493740398,0.6480099886339451,0.8597782561130831
2191,post,1335,0.6171090082608333,0.5082087643159167,0.6857751849958379
2191,pre,1237,0.6018028243979252,0.5517594610944043,0.7054417630475021
2193,post,1535,0.7492133419162352,0.8111145153570531,1.0869798748226849
2193,pre,1727,0.7358731183528946,0.8106618066798394,1.0092911543018077
2195,post,3306,0.6322887578605179,0.7774614622159672,1.1101078339459673
2195,pre,1839,0.6952941557158596,0.783617096113597,1.068360327627654
2196,post,2825,0.6614527653834228,0.5926823159156911,0.8177630878176773
2196,pre,1195,0.6166527271254469,0.5968366803421946,0.8025232594669107
2197,post,1194,0.6683444839933557,0.7472691017423461,1.1229772532830604
2197,pre,2252,0.6738197336714353,0.7490677172339582,1.1157061218576858
2198,post,3220,0.696447315321437,0.7946126425340578,1.1198162767058346
2198,pre,1930,0.7166880017552784,0.8305274199288615,1.0995939294324604
2199,post,2146,0.63663380918933,0.7377945514293208,1.2069821208761626
2199,pre,925,0.6599343122977683,0.8094247333818587,1.1042442122800242
2200,post,2136,0.7064063336033621,0.7832694218895194,1.0578343319523198
2200,pre,1312,0.7302226350497032,0.8027386123519122,1.0268972285676323
2201,post,593,0.46426652458424,0.6057034287486929,1.1613516006600708
2201,pre,977,0.6325228779827976,0.5766081946180688,1.0569454595697487
2202,post,2178,0.7857693632966805,0.8415763279735736,1.016306711673426
2202,pre,879,0.601659895587775,0.7887503384476198,1.074363463075662
2203,post,2428,0.5773004208486782,0.694970058462398,1.2094924009273171
2203,pre,1278,0.4127342356305661,0.6559030007741313,1.1998123759450003
2204,post,1774,-10.231931110834212,-0.3802000558701961,2.3324836757731853
2204,pre,752,-4.916281603928416,0.026623159542153108,1.9375910293519645
2205,post,3234,0.5930321461531604,0.7129385170657601,1.0046211340986275
2205,pre,1382,0.6493168293284982,0.7650701859840754,0.9997527309846418
2206,post,3205,0.7173581742236164,0.7496145034808424,0.9430980623188376
2206,pre,1696,0.7508940166952165,0.7861717721199231,0.9213565265876827
2207,post,1461,0.6930965252471982,0.6312799389683221,0.8002580111203534
2207,pre,1439,0.7407135966123894,0.6991137673981234,0.8124166258021625
2208,post,2919,0.7082531527878914,0.6966793925740046,0.8663161485055882
2208,pre,1812,0.7273176102130844,0.7719598289400087,0.9188587145564804
2209,post,3552,0.7496136326057969,0.7570028018075291,0.9261479279482453
2209,pre,2086,0.7799549563027469,0.8259091570993945,0.9777819003307733
2212,post,3166,0.7904602485445258,0.7582739671589861,0.8529979018615129
2212,pre,1783,0.7975929480750176,0.7689414648925774,0.8941864869850237
2214,post,1853,0.6208548044773194,0.728415329440723,1.1751189734581557
2214,pre,2086,0.6535206720930675,0.7655873724299821,1.1709597578304356
2215,post,1773,0.45228704549776366,0.56632050315833,1.3105292240229753
2215,pre,2247,0.1556803171761173,0.20451586864979732,1.6689700290556233
2216,post,3156,0.5953984933592049,0.6860697645114087,1.2358951472482482
2216,pre,2074,0.5154749618405654,0.5876725298910594,1.3108237865772296
2217,post,3343,0.7357144819063317,0.7932722671631416,1.0374191302190736
2217,pre,1848,0.7796180472443643,0.8433120862448542,1.0592900082051824
2218,post,2792,0.6599345581475227,0.720620536616081,1.2346211550686124
2218,pre,1396,0.6500697733640861,0.678919875477574,1.2757047493831661
2219,post,1678,0.5365321229838453,0.7072001106543739,1.1530398905782835
2219,pre,1874,0.6271015272775817,0.7337844264244144,1.1137310899085648
2220,post,3117,0.5245922547486048,0.6807588126704764,1.233133014502833
2220,pre,1687,0.4052536901799656,0.4967228264081459,1.3177402410935073
2221,post,2092,0.3780667032552355,0.6409374047222548,1.188863141751011
2221,pre,1684,0.28104240071588904,0.5873882699586586,1.2456114926689248
2222,post,1799,0.41369869154150785,0.6738498333504668,1.1982256077694653
2222,pre,1745,0.5781882677319701,0.6650139595229443,1.2650326691992562
2223,post,2457,0.72425017384205,0.8227076599811657,1.0638212673635359
2223,pre,1766,0.5832785750525002,0.6913932539443017,1.1595392987740545
2224,post,3067,0.35094910472294993,0.514682522410381,1.3653093470516964
2224,pre,1151,0.38645254245200833,0.5671903030324311,1.3384135844067542
2225,post,2929,0.7163950799167139,0.7809739321968848,1.158411803914261
2225,pre,677,0.7528298436626372,0.8122561124151062,1.1405382598737628
2226,post,2177,0.6063129098180228,0.7066916616743515,1.2086261505752607
2226,pre,1034,0.5320464385995073,0.6534415340218807,1.210057259106006
2227,post,2314,0.608396271354392,0.7091626377371534,1.236305060947565
2227,pre,1054,0.6325859439890535,0.7277542445415537,1.2025642919269968
2228,post,3099,0.6693450396420414,0.8158165791755512,1.0422269139125653
2228,pre,1551,0.6566872960086156,0.768568218037474,1.0879205365889373
2229,post,2641,0.637451064387422,0.7116031121959939,1.236677873237481
2229,pre,1337,0.5841133513049277,0.6040446989022878,1.3588760679974072
2231,post,2259,0.4954167726105255,0.5681053481827467,1.3756143662245148
2231,pre,1216,0.5914284335856592,0.5377000491719439,1.3959276365499642
2233,post,2561,0.6055770556510456,0.6088611014979887,1.3319636877070182
2233,pre,2054,0.45364662563705527,0.5552583260316508,1.3549584731897437
2234,post,1329,0.5672620829706524,0.6150522475025253,1.3106134254535353
2234,pre,1746,0.6386216419093833,0.6300581446598805,1.3265138045241704
2235,post,3460,0.6154801825954833,0.7979335521170723,0.9762464051090545
2235,pre,2016,0.5187919294713672,0.6455967905961564,1.2094163003379985
2236,post,3475,0.513567465763722,0.5998077330244823,1.334751461158695
2236,pre,2039,0.5023742491978336,0.5640779001920957,1.377280486608623
2237,post,3539,0.5127314624750463,0.6839625849596738,1.1304309655401577
2237,pre,1440,0.5174419403218721,0.6874930223640048,1.1341308578080251
2238,post,3463,0.6324326002840527,0.7846540060719555,1.1064715032177481
2238,pre,1855,0.4992569975853294,0.67347223460491,1.2149513244670034
2239,post,3350,0.6285083869042862,0.7640540242720473,1.1470241116073452
2239,pre,1800,0.5699424550975716,0.6867277816879753,1.2365193372824101
2240,post,2808,0.6991734999744397,0.84604923290198,0.9889002702783731
2240,pre,1821,0.6700010136050573,0.7778464537967479,1.0521041244156157
2241,post,1831,0.7399879439418644,0.8275570022554508,0.9037460486418019
2241,pre,1156,0.6209294718976306,0.7158995859788242,0.9429307117920842
2242,post,2855,0.7454822281185353,0.819684721046959,1.1413093767457527
2242,pre,716,0.7522821256095501,0.8437860677907735,1.1065629112942104
2243,post,2496,0.7782010213404075,0.7413837781643666,1.0312857141434018
2243,pre,1020,0.7081998155907667,0.7202228967411181,0.952141986759711
2244,post,2968,0.6295528096005945,0.695167358568676,1.2455178485945018
2244,pre,1868,0.5364572515349431,0.6757609246016936,1.2287487819914846
2245,post,2447,0.8060844559129596,0.8545463301122205,1.1173635083634597
2245,pre,1060,0.6573955876509396,0.7733641585112558,1.1850452897690642
2246,post,2862,0.6430024682636003,0.713524853699514,1.2319033618095148
2246,pre,1663,0.4164937036240285,0.6343390150611194,1.3055510356748736
2247,post,2612,0.6712283668951544,0.6069168744034459,0.7261975146795371
2247,pre,1327,0.6713703261077391,0.6981138992973313,0.811539829028099
2249,post,2331,0.7300675931435663,0.7154641627235214,0.8375194088822426
2249,pre,1316,0.577748499929452,0.6009688714742933,0.8264835832969227
2250,post,1850,-4.545435264240528,-0.4494874576177066,1.7688125637221737
2250,pre,363,-1.5680120578977803,0.21719070643437066,1.5483280115972935
2251,post,1526,0.6739682195011079,0.7794693031170856,0.9105555060813812
2251,pre,611,0.5607326209126857,0.7631895332645682,1.0933138387835901
2252,post,2973,0.09547861060631713,0.29048537059548685,0.5084528046924686
2252,pre,853,0.10720476834169779,0.394136438864366,0.5530465839077747
2254,post,3205,0.21194433255336187,0.38807682771191643,0.5403973084130639
2254,pre,1708,0.21977397141893884,0.3574114268362887,0.5661866343183177
2255,post,1647,0.22390697914552304,0.473061446591306,0.7694652418580655
2255,pre,731,0.24748495107364277,0.5670437716106667,0.8536634647738236
2256,post,1150,0.43503272878236554,0.7226908734274453,0.8121964235260709
2256,pre,438,0.6307781847066566,0.8162368672955611,1.0155908043500643
2257,post,1785,0.6679019893149204,0.7503397997370592,0.9649423105867792
2257,pre,441,0.32340450736593085,0.6789582846912472,1.0305607196949635
2258,post,1524,0.6862381329632361,0.8263286154295441,1.086581593424103
2258,pre,1116,0.6871708676230133,0.7974503477698504,1.142215387406984
2259,post,2420,0.662461990079446,0.758810644445035,1.189343401895882
2259,pre,1546,0.5351511463528883,0.6665698051034317,1.263365328481109
2260,post,2074,0.6977756053432296,0.7390237010488946,1.1346716796868785
2260,pre,832,0.6212743830458506,0.6716623050500743,1.272280205194085
2261,post,955,0.36493237891558605,0.5223373356769023,0.9535878210263573
2261,pre,615,0.3090208729220413,0.6882960757044079,0.9358574279353208
2262,post,2110,0.5503341127614954,0.6021578990030086,0.9494023565875646
2262,pre,1271,0.6437951192757918,0.7210549579153964,1.0277096631657703
2264,post,2615,0.7464496284651516,0.83628404268029,1.0115643441877502
2264,pre,717,0.41478536126713683,0.6587282474057425,1.2162807215257811
2266,post,3020,0.718523871132676,0.8028183893484708,0.8844618791521327
2266,pre,1631,0.7196149414836404,0.8400979582359117,0.9795759410910879
2267,post,2419,0.4437678111253104,0.4673835185139521,0.6157118337395757
2267,pre,1279,0.48074002673768057,0.5203447197730944,0.6719340695028095
2270,post,2590,0.6856942968744189,0.8261678489701101,0.9310822119224853
2270,pre,1340,0.6093727861648028,0.7878765056284808,1.0042510661324966
2271,post,3069,0.30036461532910896,0.6054012422834198,1.1816449695061997
2271,pre,1577,-0.2034185624698832,0.22064872516744405,1.500812388842768
2274,post,3102,0.6390989165317884,0.7207540678258821,1.2234178358555485
2274,pre,2069,0.4518641009399076,0.6063825104710627,1.2773226428173732
2275,post,2687,0.5135070717950587,0.49895890218781624,0.7348503944779982
2275,pre,1548,0.4601527835892284,0.5597551128382443,0.7677275050915511
2276,post,1159,0.3944456598646515,0.6516244901590595,0.7615558997147004
2276,pre,1252,0.586296163513219,0.7581294589208603,0.9025507401653182
2277,post,1768,-1.9387259563538701,0.42504491000841305,1.4819385012085782
2277,pre,1158,-2.576945381508185,0.4067343544079064,1.4095362659929678
2278,post,3046,0.5190183911002851,0.6502855856774019,1.0897325029954277
2278,pre,1988,0.24075846213105856,0.44979431395311165,1.2813244835171425
2279,post,958,-0.2547176392603916,0.22266590024889943,1.473723741514714
2279,pre,1788,-1.1532669022651936,-0.021551731198701463,1.5945277363450108
2280,post,3047,0.7077871988472295,0.8440182689923125,0.9415903980506743
2280,pre,1214,0.46791484138254913,0.73776841239568,1.0644197375731854
2281,post,3154,0.7789442390138621,0.8053069438219049,0.9964345804610144
2281,pre,1833,0.6606605054784915,0.7618299814024784,1.1861421904250717
2282,post,2557,0.7382697478280142,0.8581625415837292,1.0854729387581934
2282,pre,669,-0.1701431974851968,0.5074490914013757,1.2296839515572768
2284,post,2188,0.7215634623661424,0.7312294828081034,0.953461564354563
2284,pre,298,0.6951461549389704,0.8437497967472586,1.001454095149182
2286,post,1734,0.49783260086095293,0.6107607633129946,1.06129393523894
2286,pre,584,0.45183642142901714,0.5722589136805079,1.1087367626605489
2288,post,1442,0.5690736244394735,0.6503431275781568,0.8420125960455103
2288,pre,676,0.4447252503002104,0.7087665779345264,1.1551653096412342
2289,post,1309,0.4393571252784688,0.7285870795659075,1.1548763553509769
2289,pre,486,-0.3439812599803549,0.5227909752093054,1.2844434942823137
2290,post,1195,-0.6076450257491961,0.458365042605263,1.4955141221954662
2290,pre,310,-1.8785841453759868,0.3719388386016498,1.3689186951863668
2291,post,1368,-1.1158412671102766,0.35812068273188136,1.5347052995940071
2291,pre,649,-5.230133327612018,0.16259292434988692,1.6483926627423682
2294,post,3125,0.5500606359497655,0.5350319854835572,0.6726358380800619
2294,pre,1841,0.6176871626027893,0.6882416215744369,0.8137107498235927
2298,post,3166,0.6975486966941749,0.6472237824183196,0.7150938676442742
2298,pre,2082,0.6226987272008211,0.7289499740730367,0.7923509814728328
2299,post,3287,0.7096494493944736,0.8387347614639127,0.9254650187498442
2299,pre,1267,0.4673097762046453,0.735736338560002,0.9219716097181128
2300,post,2840,0.7355259865620647,0.806062150355914,0.8695246505491254
2300,pre,1545,0.6952991390203587,0.8335218557195178,0.9703422001218222
2301,post,2539,-0.04743625097084192,0.25619804100117705,1.5248731171350982
2301,pre,1060,-0.2830936906809087,0.19485937561710498,1.5467163385444525
2304,post,2533,0.6452315834297673,0.750630981391269,1.0744782696802009
2304,pre,771,0.38788488106654206,0.6032782444728018,1.185590308690541
2305,post,2421,0.4434661879639066,0.5272402391110893,1.3171564919260668
2305,pre,1209,0.6069514589120253,0.6776478441877133,1.254556277167275
2306,post,3337,0.3535938303132855,0.47630590077505675,1.4121837185438102
2306,pre,1919,0.3617577344008712,0.43706227524443686,1.4851663708278784
2308,post,3380,0.7363880005506325,0.627249894945223,0.7230087831775776
2308,pre,2230,0.7031160908465064,0.6803209933582852,0.7719538024175409
2309,post,2231,0.6174785420923321,0.7932780395350948,1.1331399737984107
2309,pre,840,0.2934994151208913,0.6879465251881807,1.1943884406859577
2310,post,2922,0.6896497261562547,0.6202324002277015,0.7517855178800502
2310,pre,1511,0.681296835812295,0.7254033547979039,0.7993850033524036
2311,post,2963,0.8140172069152354,0.8092965327544794,0.8783351443571723
2311,pre,1326,0.7030701685627175,0.8167442788129156,0.918412640355659
2312,post,2969,0.7243818713836728,0.8113757584710126,1.0474230005208571
2312,pre,1418,0.5601111296440151,0.7641898505576712,1.1107400018499618
2313,post,2732,0.5706838836432675,0.7533435814964785,1.0297973835379302
2313,pre,1431,0.5022494266025714,0.7068628441326656,1.1068823601420865
2314,post,1378,0.6075545458302403,0.7311217546177249,1.0725027664611544
2314,pre,506,0.31825534705533043,0.6652851781688542,1.1298362959457446
2316,post,1244,0.13860702902369781,0.600573163126753,0.8887453344070761
2316,pre,654,-0.24324815212776674,0.46619692741711527,0.9501473378405386
2318,post,2694,0.5806210978659285,0.6854439157028269,1.249324232055981
2318,pre,1509,0.4901574213682661,0.7202361463040339,1.1808360094371018
2319,post,1599,0.03441381927363962,0.4144754412105939,1.3992689923339796
2319,pre,537,-2.9989094147334185,-0.14286981162857093,1.7253901036531825
2321,post,2521,0.6019165852655649,0.6519125862177344,1.1695109605883844
2321,pre,1205,-0.023802677876123335,0.5028410704226239,1.3061202575961584
2323,post,1019,0.7337715409885526,0.8364644798606431,0.9857071919330861
2323,pre,1374,0.6109191464162691,0.8081783008365907,1.01183109627083
2324,post,2198,-0.8322868289481196,0.17262672347318986,1.5632240366933519
2324,pre,1192,-2.6233527788875626,0.06689968795383217,1.685506560470794
2325,post,2235,-7.056157411058727,-0.9153277772528146,2.542693938995988
2325,pre,1617,-7.346186615209708,-0.6828989667386047,2.310855585882597
2326,post,827,0.4840156886304142,0.6026750629354575,1.0191738011155258
2326,pre,686,-0.3548637243234518,0.4263921968398151,1.0285066357321018
2327,post,1448,0.5489148615816108,0.7075799344361735,1.2269970434597177
2327,pre,1720,0.5981715351060907,0.756598587094313,1.1331372145011864
2328,post,2062,0.18405278388564916,0.5036254035037732,0.7245240839066548
2328,pre,891,0.09537124806626351,0.5842004817299976,0.7718103498046195
2329,post,2294,0.634958988428576,0.6561666167501223,0.9391636444793896
2329,pre,968,0.34752385897536076,0.6438179539769728,0.9653384449073951
2332,post,1730,-3.651849310304689,0.12469183258346705,1.7683681244567726
2332,pre,910,-6.296757152814437,0.04348195232813434,1.7799341916675984
2333,post,3019,-1.2432644101102506,-0.2576706985152666,1.8959828165642745
2333,pre,1096,-0.7288510490235511,0.05617586689253529,1.663182088966541
2334,post,2090,0.32226861696592835,0.5707716151571751,1.360061767940713
2334,pre,1178,0.24491023644125232,0.6073256825547362,1.2939771929057233
2336,post,2352,0.4878353374488227,0.6948991583577839,1.1931578351480854
2336,pre,1148,0.3729295304842516,0.6114916809682065,1.3148945637841933
2337,post,3498,0.6596271218761378,0.7330584356226492,0.8567093650556846
2337,pre,2368,0.7636937801868717,0.8444823370903337,0.9045656095233716
2340,post,3398,0.7313890929281062,0.7280662259504653,0.8867399630972059
2340,pre,1154,0.7620624891587466,0.7721376598382452,0.9150062402806445
2343,post,1403,-0.597539234820248,0.18996456990900712,1.6152463918708473
2343,pre,1063,-0.7907128558813661,0.18026092673847127,1.6497343351179103
2346,post,3022,0.7375541254637112,0.7007104787986901,0.7773654495218174
2346,pre,1860,0.6843447243092686,0.7302028099214102,0.7825894585359198
2347,post,2765,0.7024156869303928,0.848716367483421,0.9864736389026068
2347,pre,1243,0.449440856102411,0.723986066367216,1.0720024983034964
2348,post,3043,0.6144971399993575,0.7080847496739627,1.2185629718361533
2348,pre,883,0.6113401378971854,0.7510220297053657,1.174351030980802
2350,post,3124,0.5325608513867275,0.4907480582671083,0.6234985094851161
2350,pre,1021,0.4983489048209223,0.5211772160250456,0.6556735742225288
2351,post,2768,0.5009194342348331,0.579134616108547,1.2321709227303572
2351,pre,1548,0.38448458654102713,0.5571660882828582,1.226124565430965
2356,post,2986,0.23814412301972643,0.41163974178002505,1.397594127005808
2356,pre,1084,0.36658443964688203,0.48763559755585983,1.3777506219464917
2358,post,3532,0.761315932467007,0.7733234930707854,0.8653999246454733
2358,pre,1779,0.8003360336319723,0.8802100028567674,0.9444523728169556
2359,post,3605,0.7435279174544767,0.7962181045882454,0.9330116747582562
2359,pre,2321,0.8078700608496622,0.8662372858892272,1.0531150999523962
2360,post,3920,0.810314993636162,0.8202632463042232,0.8716551535889036
2360,pre,1731,0.7359953349014692,0.7985649069514515,0.860026052385568
2363,post,3055,0.6736135651332636,0.7511873217776585,1.1849776131667902
2363,pre,1225,-0.10365993418719399,0.2433259015761351,1.5336901115540267
2364,post,3705,0.7741291603497685,0.8529055998093098,0.9552715534208669
2364,pre,1161,0.6073610178149673,0.785353508712294,1.074561731264761
2365,post,3355,0.7648235838952016,0.7799518230848789,0.9827739111725038
2365,pre,1227,0.548752098866205,0.7457281165054903,1.1227510142015082
2367,post,3213,0.7846210296573188,0.8387575399297555,1.1102054476018681
2367,pre,1674,0.595209247839709,0.6501504807629237,1.2134345952055199
2368,post,1120,0.742859741399621,0.6915133399102329,0.8185044676695155
2368,pre,1032,0.7892496832298772,0.8944086599478381,0.9953204304938424
2369,post,2440,-0.1915333448140586,0.011035959588850286,1.753581623390504
2369,pre,1840,0.14752543717603805,0.16131326286505143,1.7547112909723428
2370,post,2863,0.3966666263731988,0.45470979302098413,1.3866355372458505
2370,pre,1139,0.3794512241459028,0.5252202037644174,1.2722365853154782
2372,post,2388,0.6511460412560932,0.8230203983642391,1.0458899799941135
2372,pre,1197,0.5163354361617114,0.7045797942506944,1.1943393063517076
2375,post,3008,0.5988761879516565,0.79983252966574,1.0290521022505998
2375,pre,1643,0.18209234952922082,0.48928624122224884,1.3060939573104993
2377,post,3122,0.7003992748867319,0.8233276318265157,1.1010828459650033
2377,pre,1779,0.46690449912335785,0.5971754318112416,1.2649639073231482
2378,post,2772,0.8417069862058282,0.848191675804199,0.894054922284215
2378,pre,834,0.2503448561360384,0.549046802928947,1.1522367172692458
2379,post,2997,0.6308776478286077,0.7241065562801673,1.1463273602578357
2379,pre,1818,0.44401331348045625,0.5350550693685763,1.2616083769605397
2380,post,2772,0.5762975502353425,0.7289004970124958,1.1290700125006594
2380,pre,1377,0.4443274327487734,0.6262896844549377,1.2361418204369712
2381,post,2133,0.5836618114833179,0.6634929473228446,0.8397953229570666
2381,pre,2005,0.43391482381924584,0.6978382411872386,1.0943986127526533
2382,post,3074,0.6894176912725694,0.7707079362585256,0.940039005065061
2382,pre,1794,0.4869909714458892,0.7084719048540238,1.0960363892810898
2383,post,3764,0.6874939166911349,0.7547687633456639,0.9965764660231201
2383,pre,1903,0.6053187820246239,0.718520201721109,1.1532918803721635
2384,post,3511,-0.1760888586178757,0.09178166049193404,1.7194563779244219
2384,pre,1846,-0.12941366871399018,0.24170858287768704,1.6152928783603049
2385,post,3490,0.012754420062204619,0.153954183235681,1.6687340191027191
2385,pre,1791,0.07842215025091426,0.35477613980114453,1.5572719774757882
2386,post,2566,0.6623691195985971,0.7491226106367118,0.8710119251180121
2386,pre,1807,0.6565202159242385,0.761504920542094,0.8989690360311408
2387,post,2830,0.551237828945213,0.724563529707728,1.1823399473127747
2387,pre,1394,0.1051729766202395,0.45930469592321954,1.3295839982231732
2388,post,3328,0.5923206905936798,0.4899509153492775,0.6892171686258418
2388,pre,1812,0.6279188729182983,0.7161376871660992,0.8188680973710596
2389,post,3756,0.7466669715446961,0.8720922087924421,0.987249169908828
2389,pre,2438,0.7317265520053208,0.8361064594865639,1.0988292770436248
2390,post,3563,0.7157978517608005,0.8256120414083796,1.0997041089301027
2390,pre,2066,0.5916578694089174,0.6844404435353736,1.2538643852644231
2391,post,1138,0.26962629409514827,0.4044991595501364,1.5216862833766538
2391,pre,759,-0.7362790867756088,-0.007187008324092359,1.9234502273375496
2392,post,3583,0.4779100926118671,0.6393431987922107,1.2335774057713094
2392,pre,2353,0.5384607266336967,0.6341247892145169,1.27310950492471
2393,post,3265,0.6819817895880921,0.8308533117833082,1.0664608081180715
2393,pre,1646,0.5779351488700266,0.7569082266598249,1.1386719129565794
2396,post,2992,0.5808776931134927,0.6301930078050537,0.811064926005914
2396,pre,931,0.5388983944029611,0.7294763351721333,0.9728912898274887
2397,post,3036,0.555279647623316,0.5746404336698379,0.7841329284400902
2397,pre,1486,-0.15487997441096502,0.4474196288275325,1.252172982457426
2398,post,3004,0.5287248032025851,0.6914542395825316,1.1550038924230426
2398,pre,1400,0.33830689228154764,0.582938048683694,1.3032810619312403
2399,post,2729,0.7247839138643389,0.8503417038572001,1.0589593908261608
2399,pre,948,0.607760269444763,0.6635375092552221,1.0874215636091453
2400,post,3199,0.743944054737439,0.7336279634666076,0.9307181957424311
2400,pre,1411,0.7164072290234165,0.8121497162951977,1.0521080418274755
2401,post,2752,0.5708131720252181,0.6705231636766276,1.2402186467968483
2401,pre,1140,0.5441738067777644,0.5906980335767666,1.3349706025946435
2402,post,2581,0.48583857648145923,0.505579834081034,0.7338030260451075
2402,pre,1203,0.5165163578021863,0.5201021219782995,0.7905852043926077
2403,post,2417,0.5809173229743463,0.7367604529948675,1.1024191539378037
2403,pre,841,0.6125558709579626,0.7295125863720493,1.1185233377485035
2404,post,1907,-0.43648716206921145,0.013751918551597075,1.8119615014993131
2404,pre,1122,-0.306534685375063,0.1442511081353406,1.582337441898764
2405,post,2420,0.4414931845865808,0.6569675221648378,0.9699852661273225
2405,pre,1596,0.15725666636321933,0.591737394767688,1.2019868768671298
2406,post,3372,0.47175143177474776,0.46630709032258433,0.6799680452548343
2406,pre,1386,0.5498424037063252,0.5682261701767005,0.8218678811657383
2407,post,2293,0.7928593345376265,0.8188475909159796,0.9356893249985577
2407,pre,1431,0.656880736530383,0.8043171709120436,1.110998484999375
2408,post,1384,0.4998096282280182,0.6630128244980946,1.0890021131074246
2408,pre,1487,0.38889403989297544,0.46658287088421246,1.455916387835869
2409,post,1774,0.7316927881773259,0.8292012317716713,1.0626950211909805
2409,pre,1643,0.6426345888171452,0.7363357141559116,1.1759311754227906
2410,post,2207,0.7263748013293608,0.7522784685896166,0.9065130541100436
2410,pre,1286,0.7508149332096397,0.832248697485923,0.9777576470863083
2411,post,1827,0.7197134716351079,0.7873831996357018,0.8630698142708566
2411,pre,818,0.6030773745391573,0.7605648581305747,0.9167529844147041
2412,post,2359,-1.1881704938793183,-0.5414641616090097,2.432267366064086
2412,pre,843,-2.3351090939495225,-1.0925780874942297,2.9568383702630574
2413,post,2924,0.797682533256639,0.8773379391343521,1.0267907683563462
2413,pre,1266,0.7505841311369537,0.8417933396480699,1.1041703637978544
2415,post,2177,0.5581835304904607,0.5156376324111966,0.6314842288920094
2415,pre,1210,0.5871885401573202,0.6096118101676089,0.7507018865858299
2417,post,2058,0.64141256828647,0.7823619566728317,0.8600373417770137
2417,pre,987,0.5726218191886561,0.7455694284721904,0.9287544781804326
2418,post,3142,0.5448680302919087,0.6291042741165181,1.3152709651895473
2418,pre,1810,0.2780621786031644,0.381398507906626,1.5655760563063816
2419,post,3268,0.6602687797858061,0.6953944587816372,1.2171870977010764
2419,pre,2046,0.6448696814108994,0.6893038353238634,1.2454430041822413
2420,post,3536,0.6180713865365142,0.6149239670070699,1.2261146957335434
2420,pre,2188,0.4872972113138867,0.5205266560733428,1.3370286934538562
2421,post,2966,0.6240505848066327,0.6693995834934243,1.1999786519132738
2421,pre,1761,0.4983311653225295,0.5595480480930171,1.337099558182198
2422,post,2555,0.5464026229034338,0.5307276118205839,1.3136381776022454
2422,pre,989,0.6439427320054618,0.5819043548560017,1.358156647212776
2423,post,1717,0.5285074633440388,0.6250785365935776,1.3184777967012193
2423,pre,1399,0.4447717385452158,0.533132337512799,1.3433103407622968
2424,post,1980,0.5976572441513868,0.6460949996974057,0.8210295739446082
2424,pre,643,0.4411090108907565,0.684221618043943,1.001261895888742
2425,post,2020,0.749862775349454,0.7998198418817533,1.1560708273341798
2425,pre,513,0.23166361877502906,0.5511525115088622,1.3057809038438435
2428,post,2409,0.6829170427947496,0.8036609306728024,1.1078505320884924
2428,pre,897,0.12619450735021742,0.41449033272267566,1.3194348959082831
2429,post,2471,0.44487635413386606,0.6097020008911784,0.8668904423673356
2429,pre,1288,0.2705141003796808,0.624251420125838,0.9793261722108434
2437,post,2555,0.6127251506468512,0.637352809737481,1.2496015283993471
2437,pre,872,0.06296347118127632,0.48143322264785826,1.3630107823746351
2438,post,1349,0.20088000399216288,0.36682003707851196,1.5049095694041237
2438,pre,863,-0.14718111705781212,0.16498254535890677,1.7090891367224281
2439,post,2927,0.5896843838067187,0.6657018801362693,1.217833653527119
2439,pre,1804,0.3832206877543928,0.6061385392773414,1.2647454596192969
2440,post,1112,0.35827923044189613,0.5509828549659048,1.3478768835013983
2440,pre,1683,0.3155248365158866,0.45204277374639223,1.4755255902695383
2442,post,2202,-4.352469666273956,-1.1279087741836773,2.8934578885336957
2442,pre,1288,-8.581240259129924,-1.9817141508887857,3.67209738040396
2443,post,1609,-0.024735941838370357,0.35579112527696855,1.4907549003922445
2443,pre,603,-1.7013818937173095,-0.11089508881419596,1.9055931295113617
2446,post,3070,0.7660300754365211,0.8704536573730413,1.0606012861148784
2446,pre,1634,0.7163563633267777,0.8055666857511882,1.0072312744584295
2450,post,2706,0.5740559806873626,0.6916733470448393,1.2378606557970018
2450,pre,1913,0.2529762585330325,0.5313443575188167,1.334673352942158
2452,post,2471,0.7152963822298787,0.7959658415451139,0.8900456997014213
2452,pre,1609,0.7168680736737786,0.8471302035278051,0.9499038401796878
2454,post,2588,0.5587762803425159,0.7075636267365537,0.866841546746133
2454,pre,1474,0.44447938559068534,0.730339497808909,1.036444157723256
2455,post,3166,0.7712424032782916,0.8187100582127784,0.9064596773566761
2455,pre,1879,0.6980906459986089,0.744500239761591,1.1490130502186386
2456,post,3160,0.6908475322013887,0.8360398603858116,1.048545228140525
2456,pre,1803,0.613090389939565,0.5969146563680197,1.2817322888680334
2459,post,2699,0.5159742978184372,0.7591216363686097,1.064135765186426
2459,pre,2307,0.3081436641921873,0.576879507804503,1.1136000360239615
2461,post,3459,0.5419121111847598,0.5561118353590251,0.8437558544028001
2461,pre,1411,0.5754761377243628,0.5896418977258453,0.8213081456051848
2462,post,4324,0.6103840880035196,0.7402816225776044,0.9574878373852017
2462,pre,2544,0.6416921488268503,0.7869772960184634,1.0502471308254933
2463,post,4339,-0.7986771815819202,-0.11207464967018588,1.870383287531222
2463,pre,2783,-0.9075304806906057,-0.11889478350577631,1.9217616998615166
2464,post,4205,0.5296744454751519,0.5049666323051575,0.701963616221561
2464,pre,1200,0.6260779874204098,0.7108957582239097,0.8065999147780702
2465,post,3177,0.518303888934021,0.6198101226225605,0.9114689754335655
2465,pre,1189,0.4047953078654928,0.7001752012566473,0.9642262038249845
2466,post,2746,0.42648962975100113,0.5790877373481017,0.8478803529244187
2466,pre,892,0.44436473685419975,0.6638968386736468,0.8971370631026281
2467,post,3058,0.4081272350427664,0.5826976833212947,0.8879156394053606
2467,pre,644,0.5563827586993827,0.7222075312739515,0.8913046139904062
2468,post,4261,-0.12121290558434761,0.1392532694299078,1.713228228265069
2468,pre,2867,-0.285507811169589,0.038249001813396855,1.7983903415518276
2469,post,2404,0.20195491217573713,0.38895773606976236,1.4670038925045765
2469,pre,1260,-0.3817098108198622,0.1130942558468353,1.6999990689332731
2470,post,3777,0.6592131683124968,0.6510932631133233,1.069569602088304
2470,pre,1816,0.5803556113902871,0.5483901386841264,0.9350311657974574
2471,post,2674,0.4944268856548423,0.4415645345058675,0.7885802249099799
2471,pre,662,0.393059135913005,0.39864092051056055,0.6889550556762855
2472,post,3286,0.6106260086996411,0.5732560957751515,0.852396593420835
2472,pre,1576,0.5271972341401435,0.4733369625104692,0.760896875496848
2473,post,3344,0.555133888354803,0.5942268158114846,0.7679229684192863
2473,pre,803,0.5489896084981516,0.6765603949867715,0.7612116243524496
2474,post,4351,0.46862859375545685,0.3826202939083021,0.6883403713337498
2474,pre,2402,0.5378291119696557,0.44967932746282835,0.739040749354155
2475,post,4433,0.5114982892077251,0.42107148766541724,0.6870354307790275
2475,pre,2070,0.5607114101659101,0.45122304262561996,0.7285351268226792
2476,post,4057,0.5244200712695852,0.42152831192781004,0.7203183532918537
2476,pre,2014,0.44250811707649684,0.33442144608324775,0.6372719240922811
2477,post,3592,0.575232609399982,0.5887489908718784,0.8495438098452782
2477,pre,2051,0.6681191078623544,0.6457901270267001,0.9079711447992482
2478,post,3666,0.5922336105650465,0.7500041767356782,1.128175055002538
2478,pre,2013,0.6480970942373996,0.7628085980554076,1.1654114831683189
2479,post,3683,0.5726514777496925,0.5371916666451184,0.912128790252091
2479,pre,1498,0.5196963306179756,0.45024129045445527,0.844758747558548
2480,post,3356,0.5462671750780702,0.7630887977812997,1.0913614538982195
2480,pre,2074,0.47284762853764484,0.5351276519470105,1.2973379719341787
2483,post,3505,0.6668969076940605,0.6069810456263802,0.9438807688711641
2483,pre,1858,0.669464046832067,0.6445318367213649,0.9944214560432973
2484,post,3540,0.48597279855668607,0.345414750437241,0.5360715530849128
2484,pre,2527,0.5407436892287996,0.41172284952676874,0.5821396279614355
2485,post,3635,0.709972658311067,0.8067857964102211,1.0209750471055163
2485,pre,2126,0.5890360035646278,0.7696063556006473,0.9629529137047683
2486,post,2779,0.311239015008001,0.5142612260000327,1.3471219464803093
2486,pre,1801,-0.10045537088578516,0.2862839597165431,1.4625257566743524
2487,post,3379,0.5710068361346724,0.6791890218719939,1.1948087130920333
2487,pre,1578,-0.0854669198350908,0.35672388243224895,1.3847029912798818
2488,post,3526,0.6870735737292833,0.7620970383514298,0.8604856597064929
2488,pre,1493,0.6255502218339721,0.7330314208250177,0.9693229413341503
2489,post,3401,0.5605560036032952,0.7767182588779942,1.0662612069253274
2489,pre,2283,0.4600335550785579,0.6151087803416124,1.289542741994306
2490,post,2935,0.6712467176361208,0.6909570322793643,0.8270432646263195
2490,pre,1580,0.7647486934614025,0.8385974367229402,0.9432410832564789
2491,post,2773,0.6956304548824849,0.834285549083781,1.0115001453553536
2491,pre,2345,0.7414060087131356,0.8714611943186095,1.0102162958394068
2492,post,3421,0.6706553082032941,0.8216916415554593,1.0743793865473048
2492,pre,2536,0.7286003136709605,0.8504726296757181,1.068408972210013
2493,post,1837,0.6517462036979776,0.8080241767422607,1.0890321664066873
2493,pre,2718,0.47641399357750214,0.677914220480925,1.2143319080107178
2494,post,2529,0.05322058741667135,0.37107990726064677,1.4616659388625453
2494,pre,2346,-0.15546236295002624,0.26579154240039615,1.5501234493016076
2495,post,3750,0.2275172591189113,0.46096037896754116,1.3923497831762561
2495,pre,2316,0.1757932755880054,0.4276585540243272,1.4368223290062871
2496,post,2928,0.577872704722636,0.7925538859165356,0.9758158504710448
2496,pre,2024,0.42968075435198616,0.7010780923437514,1.1342591060845766
2497,post,2939,-0.724444910003831,-0.04772484878026151,1.7312611534445408
2497,pre,1799,-0.32385432203137765,0.12889492744350828,1.7402891328514438
2499,post,3067,0.3431259430168152,0.5036599716245385,1.4037021414729396
2499,pre,1083,0.38123346302515415,0.5994667264977154,1.306266505097163
2500,post,3284,0.6508400714400653,0.7047042326839478,0.9940358870083977
2500,pre,1550,0.6641421337165052,0.7500306920884128,1.0560196447469903
2501,post,3200,0.5309083474566205,0.7387146867662628,1.0790661758466684
2501,pre,1393,0.5842026403582408,0.704283346356022,1.165726303900483
2502,post,3424,0.7113624515724303,0.7176665406460728,0.8556455218048594
2502,pre,1650,0.6701384734609859,0.7249229663108636,0.9376290657121601
2503,post,3255,0.6870441241982832,0.8139904265642659,1.11208462590548
2503,pre,1542,0.5841043399879765,0.6489513126652158,1.2940867056551089
2504,post,2812,0.6639597984188064,0.7597532555292329,1.0313930845813348
2504,pre,1999,0.6580675781674732,0.7789926072139796,1.076130352326951
2505,post,2930,0.7527327947875453,0.7414910392604054,0.9217840392233249
2505,pre,2073,0.6644339590630863,0.6697934965260162,0.971742932518027
2506,post,3268,0.7998744892571668,0.8073075680091968,0.9034146791977021
2506,pre,2271,0.6726289708628085,0.8069215538660895,0.9735797055918434
2507,post,3419,0.288221562011551,0.433137483166239,1.4518065329395466
2507,pre,1534,0.3880437856448784,0.5531694180054596,1.3374810399685506
2508,post,3303,0.05360883256644289,0.20615622184142735,1.6936564311430065
2508,pre,1211,0.05953645276195407,0.3530608347300458,1.518111414157603
2509,post,3625,0.5213375210682879,0.5065446303431118,0.6880200539298272
2509,pre,2143,0.5196538276019413,0.5562965569423897,0.7622000531501099
2510,post,2884,0.39746906891753253,0.5822763608657981,1.3271526648842824
2510,pre,1793,-0.25297604496464343,0.29761379577281577,1.4741064094667853
2511,post,2928,0.7616383825642705,0.8613678779885523,1.0697964279839651
2511,pre,1717,0.7681040812501114,0.8548830614298433,1.0849269832281039
2512,post,3010,0.5144792499151825,0.5731761367728144,0.8537495047701508
2512,pre,946,0.46517669013738383,0.6590334353221391,0.9268693181639649
2513,post,2844,0.6710136745611872,0.7347713899019133,0.9100548918145943
2513,pre,2055,0.6826177700869448,0.8101565423469178,1.0445692518089298
2514,post,2987,0.5206664073470371,0.5017917175070659,0.7370433674497381
2514,pre,1074,0.5006423656434462,0.5165693582300868,0.8054398171282272
2515,post,1983,0.6275862765297735,0.7610545141275513,1.1613176433502959
2515,pre,1237,0.6330260410412458,0.7221865827575922,1.0274036493761598
2516,post,2968,0.7207872290824943,0.860973795834378,0.9960607944776797
2516,pre,2164,0.6979165605235615,0.7921331089352686,1.034673458619348
2517,post,3122,0.783840425079428,0.7494054844928412,0.9362093936569622
2517,pre,1046,0.8090772426935189,0.8254039032056072,0.9739887619369556
2518,post,3774,0.610028346729155,0.7255776261514366,1.192114991707403
2518,pre,1487,0.6285052858910272,0.7563223455196291,1.1657146339868527
2519,post,3748,0.6810775419076509,0.8104418586869111,1.028299123546281
2519,pre,1984,0.7188171864691526,0.843417363211401,1.0277631944015782
2520,post,3146,0.6214752381995632,0.5889076153723185,0.8353434439067364
2520,pre,1401,0.47406005051198385,0.43869181404614677,0.7693339373766235
2521,post,3247,0.74014215754312,0.8202254712706061,0.9424954254949726
2521,pre,2217,0.7593053883218166,0.8209344640084915,0.9824616573971285
2522,post,3578,0.6705267495623342,0.8376067194002611,1.0060660485779889
2522,pre,1407,0.6235358555944255,0.7804825104851736,1.1146185396117132
2523,post,1630,0.5176607542860443,0.7590624607837324,0.9407852822372093
2523,pre,1921,0.4625149984934599,0.6224165240024411,1.2215572320064685
2524,post,2190,0.4657131385506602,0.48031038616187105,0.6605405812473283
2524,pre,1693,0.5271283118274901,0.5649143039472866,0.7453097877431156
2525,post,2894,0.8035069900263956,0.7828532496159075,0.9777725278559353
2525,pre,2169,0.76684145167522,0.8127736951734922,1.094500604483622
2526,post,2734,0.6073325929556687,0.6540426834205744,1.2347951327171134
2526,pre,1876,-0.3131299199372213,0.14184694731950154,1.6825225865709887
2527,post,3422,0.7345445807975906,0.864026348279889,1.03756218662424
2527,pre,2028,0.6438414365171581,0.7882299005865956,1.1319430983434617
2528,post,3625,0.5303262424578757,0.7458788712429152,1.1189001230659383
2528,pre,1928,0.5426428360505238,0.6672081424378091,1.2523189150401237
2529,post,3750,0.6666225722935959,0.8011717519579139,1.0873043902728492
2529,pre,511,-0.19039342245457114,0.06632875451995279,1.8281714623257703
2530,post,3511,0.6790245732703399,0.5407579599337599,0.7504148175326032
2530,pre,1490,0.7012353827981874,0.5843338519030257,0.7876277656870511
2531,post,3281,0.7477640557315993,0.6948520341779914,0.8515470547358164
2531,pre,1351,0.7640979395535982,0.8086606281160712,0.9352530277762157
2532,post,3722,0.7662712670004044,0.7137786740685885,0.8406938936593187
2532,pre,1419,0.8251930201725405,0.8537217598531458,0.9486378337876579
2534,post,3521,0.551397484292927,0.711831853964066,1.160190006547227
2534,pre,231,0.3331850139504464,0.5173522840002938,1.2691139486925347
2535,post,1364,0.47068829422641867,0.5309368420569957,1.40377791515679
2535,pre,1961,0.2219630606458467,0.32673521518843907,1.610833409473321
2536,post,2054,0.21819933916857714,0.392929626534521,1.360254978031996
2536,pre,1445,0.2267413251100261,0.3562159069085937,1.2877540029411116
2537,post,3131,0.7894528550625237,0.8569797631801093,0.9941379108549061
2537,pre,1315,0.47371030346076803,0.701137205935406,1.1759815862681315
2539,post,3231,0.7001311612283065,0.723594395456722,0.8430043994771591
2539,pre,1236,0.5911276137549472,0.7898790285996705,1.074121146126146
2541,post,3922,0.7778747887555758,0.822361847867503,0.9118860856967488
2541,pre,1763,0.6802817308295704,0.8341985038783075,1.056150949421192
2542,post,3454,0.23825678922897453,0.4037383676567158,1.4780785610316378
2542,pre,1795,-0.21446394762233445,0.2409181420390636,1.6281765037657643
2543,post,2873,0.8160123608669779,0.8606592631068252,0.9357726682590807
2543,pre,1548,0.7386036128272979,0.8592147562857206,1.044995863885613
2544,post,3218,0.665010678129349,0.7885332005113062,1.0243702371018604
2544,pre,1897,0.5798526434332638,0.7739489159835771,1.0769610409642367
2545,post,3833,-1.0024127614150964,0.22533127811459863,1.519490252225676
2545,pre,1420,-0.5130363169447723,0.3769790347901453,1.2998004666096779
2546,post,3345,0.352535048260436,0.6285171157829842,1.1158711123985554
2546,pre,2361,0.47997064812894197,0.5457108582228936,0.9823973025870184
2547,post,3247,-0.10893440929854248,0.4634041389693341,1.2343416517419417
2547,pre,2143,-0.03191090866246826,0.4629292217864883,1.083114819280533
2548,post,1622,0.19890953485999885,0.47259415678535666,1.2262485770486287
2548,pre,1297,0.3185045698875866,0.2872223438246273,0.9899914057339292
2550,post,4047,0.6029483597078521,0.6022465663760961,0.8339820932696198
2550,pre,1559,0.5088924357920577,0.5335860961073107,0.8154693482159251
2551,post,3256,0.6860491349630968,0.7456123544946731,1.2051255522448145
2551,pre,1713,0.5519113061281258,0.6120101773780251,1.3330060085642044
2552,post,3167,0.6901168633114003,0.7257836211383986,0.874244781433306
2552,pre,2260,0.5689495974689665,0.5865210582556639,0.8731215327252133
2553,post,3141,0.6885036432273153,0.8190757224111996,1.0726740346426888
2553,pre,1507,0.49666637524386215,0.7226073549970164,1.0718683572287386
2554,post,2089,0.6124490078264787,0.7306170336192798,0.9737720284338209
2554,pre,1097,0.7439908384832858,0.859828309653698,0.9659599698104446
2556,post,3431,0.8069113375401987,0.8918295824382237,0.9579933694984584
2556,pre,2099,0.8085511962742822,0.904569165171335,1.0052878403590677
2557,post,3317,0.6327921392513365,0.6936878510393436,1.1765532083575239
2557,pre,1341,0.5796647158696886,0.6851901034222286,1.155764073094853
2558,post,3708,0.721081565825871,0.7708490748250452,0.8496570865443199
2558,pre,1936,0.7479052574941765,0.7992480024889501,0.9166483200728702
2560,post,2511,0.694035339761006,0.7897736151005699,1.1605847767799724
2560,pre,1331,0.612156258139207,0.7060068807743092,1.2540674775053986
2561,post,2955,0.6185969209255675,0.7112833440783473,0.9211549675497943
2561,pre,1095,0.6076159457007007,0.8040447777124333,1.0375705143258727
2562,post,3132,0.4917252356761682,0.6650743238648369,1.1987462505917152
2562,pre,1705,0.5159226217892601,0.6907469326559748,1.205162002610841
2564,post,2711,0.742513635395521,0.8400728483239803,0.9945578648803028
2564,pre,1587,0.6353224123274499,0.7472624357482374,1.1912417282455248
2565,post,2279,0.6938814872316521,0.8294666841965428,1.0865770462664335
2565,pre,1257,0.6457133456563814,0.7680897589246886,1.1639274219006783
2566,post,3837,0.7207416425206642,0.8267564204201862,1.1096484188616422
2566,pre,2292,0.7008435878611539,0.8284919990328686,1.0747969347747595
2567,post,3416,0.6265655875156,0.7873440637097129,0.9348155804919338
2567,pre,1205,0.6827096511535096,0.8171819612313016,1.0686404899658177
2569,post,3836,0.6760423155781774,0.6740217836572739,0.7897108354882374
2569,pre,2441,0.737010757999168,0.7203488429317372,0.8838106479144332
2570,post,3055,0.6368221451403815,0.7681209112996724,0.8472795839561043
2570,pre,1789,0.7132411130667143,0.8405519914876691,0.9379175372525766
2571,post,3343,0.7001524693562602,0.7407518366423811,0.8984796144566118
2571,pre,1459,0.6182214340638332,0.7603291189358868,0.995004529108373
2572,post,2353,-0.4526631025902381,0.18974139561701764,1.5719696037496362
2572,pre,914,-0.8133032352588501,0.00818506010738318,1.8040389298047483
2573,post,3451,0.6687040406235265,0.75643320126553,0.828726707279986
2573,pre,1775,0.672922223927114,0.8166465966227825,0.9398667010999712
2574,post,2855,0.2919100135219904,0.592056539710339,1.1108864466565178
2574,pre,1661,-0.20037810118196253,0.2894992070933794,1.3697360788165656
2575,post,2121,-0.6065032125445244,0.15131103294396853,1.286780272766127
2575,pre,1244,-1.0939421180041404,-0.06481170845357909,1.4335614529976886
2576,post,2490,0.17430580528371387,0.4644147620820579,1.4045568751072828
2576,pre,1536,-0.5281538715140184,0.06685734879728833,1.6889614387068443
2577,post,3994,0.12480804134867218,0.3924404798222608,1.4983158718317122
2577,pre,2251,-0.03475021529425937,0.26549283483637254,1.6211559374809514
2579,post,2988,0.5349040189933486,0.4146520519267155,0.6612014334854992
2579,pre,1490,0.5923686128652891,0.46314385733303964,0.7019062347993115
2581,post,3686,0.6622798951168425,0.6988824878650228,0.893900622119971
2581,pre,1317,0.6737429301646305,0.7365411167688546,0.9021551684464912
2582,post,3676,0.6078502316215082,0.7834789947326765,0.9888129329246657
2582,pre,2403,0.4716103857233005,0.6381029795751252,1.1946674344862058
2584,post,4235,0.6000135969128819,0.7548376536228376,1.060042091837463
2584,pre,2479,0.5462673976838004,0.6953770377054477,1.1970924397842209
2585,post,4176,0.6855732965427699,0.842057394270063,1.008189752296338
2585,pre,2448,0.5518667085833437,0.7466631062470086,1.111684937006887
2586,post,3252,0.6028731379360664,0.7610026383379134,1.1407032916684166
2586,pre,2273,0.32666590431214737,0.5943620697580583,1.1970438110866564
2587,post,3837,0.39561981565330395,0.7002650424284257,1.0871929702093677
2587,pre,2586,0.4575743576834017,0.7087620946022315,1.1161769899857856
2588,post,2601,0.47781153116932473,0.4186049510106645,0.6430290873681326
2588,pre,1427,0.5625714820424215,0.5614270927586266,0.7515657225686913
2590,post,3146,-0.09008226733991598,0.37613221232948124,1.387166583715969
2590,pre,1960,-0.27530738966893775,0.26256282981174994,1.5436234948665963
2592,post,3418,0.6876040351077071,0.74694407751683,0.9121477113150429
2592,pre,1857,0.7008571135465508,0.7861444018034061,0.9268033145219403
2593,post,3862,0.5828270663008035,0.7846003644294758,1.0620882454455982
2593,pre,2316,0.5742151905218127,0.7667631973539139,1.1131668987154841
2595,post,3726,0.36454349177827006,0.4730291915106335,1.4487918028122044
2595,pre,2183,-0.21104081783499162,0.09609583666810395,1.7823329344012668
2596,post,3325,0.542579240138111,0.665513358808778,0.9131692594579817
2596,pre,1998,0.4194772072640025,0.6081973823696476,0.9464101140043936
2597,post,4028,0.6010917413241819,0.6640057974108549,0.8978707919865864
2597,pre,2070,0.5796073533628576,0.6545729540425783,0.921443123498371
2598,post,3848,0.30915286260319863,0.6325067572129934,1.1598418058403352
2598,pre,1393,0.12586837001290374,0.4769908235595147,1.2679265717000308
2599,post,3579,-0.3262673763609034,0.13912922616820678,1.494648090468884
2599,pre,994,-0.2536267262821157,0.1612414306057679,1.5226435167112446
2600,post,3861,-1.8014103123638936,-0.9157815398400926,2.654625985072783
2600,pre,1842,-3.8386378706245727,-1.4515900462846134,3.0446847379996247
2602,post,3660,0.25429888531269107,0.5412309569761508,1.3853353273930538
2602,pre,1151,0.11330614835626662,0.5274296311919473,1.3426705043959561
2603,post,4197,0.4943803477982699,0.4796811233966317,0.6458891976306876
2603,pre,1885,0.4838191668548115,0.6116455929094919,0.7877296903790412
2605,post,3182,-35.30198596718759,-4.534436146256809,4.396853039657987
2605,pre,951,-63.97641390707702,-6.167949673580661,5.815327594006836
2607,post,3249,0.4093638944783451,0.6306361666466611,0.8676207382121542
2607,pre,661,0.3320448601523547,0.6807905854003711,1.0657445934289316
2609,post,4304,0.45167129760579694,0.2989914849416184,0.5845348656276654
2609,pre,2577,0.5243635136323688,0.37990392096925296,0.6191838751684814
2610,post,3113,0.33588059961517835,0.4453086773220275,1.3852857934175529
2610,pre,1498,-0.000411486139738404,0.33882905491034865,1.49139771180781
2611,post,3460,0.7068387912862448,0.8534826560520639,1.0103250601983327
2611,pre,1819,0.568818448884993,0.7178062165082595,1.2039092584485993
2612,post,3481,0.6212877646142339,0.8074276227150522,0.9648364297592429
2612,pre,2127,0.4608253040981771,0.7029506642604058,1.1244226181428851
2613,post,3159,0.5145710034218227,0.46997351969866275,0.7631861817604604
2613,pre,1890,0.552081595310771,0.6884688879938035,0.9217558396234168
2615,post,3025,0.5444372491274676,0.4979291503840819,0.7774710773847542
2615,pre,751,0.5857001578893368,0.5940567573437102,0.8147169051622446
2616,post,3295,0.3088243745096214,0.2248110025928569,0.676021460504303
2616,pre,1958,0.39263999506506875,0.32781453701148155,0.6778894264890506
2617,post,2265,0.2534993379951491,0.07046871252621334,0.4432648982478489
2617,pre,2813,0.4393757932067557,0.2638332315867098,0.5465712991333114
2618,post,2976,0.5125624333387371,0.5902581926317116,1.350467212111006
2618,pre,1573,-0.3104758492930657,0.18934004520544623,1.6605309871190261
2619,post,1311,0.6132938084536365,0.7257817263868154,0.9951001972008593
2619,pre,2098,0.3538416082585515,0.547739805727789,1.349409032564058
2620,post,3723,0.44902563087170067,0.5803449961053768,1.2801037377935254
2620,pre,1187,0.4132413320117837,0.5414633413093592,1.397047519267776
2621,post,2308,0.5421084222740844,0.5643174693135093,0.8906664544923242
2621,pre,2363,0.6691204515707578,0.6461701748545159,0.8958100326443863
2622,post,3371,0.5584493697158464,0.4970261559996798,0.7383825769693546
2622,pre,2317,0.6489962766834664,0.6250145233955433,0.8017254606396566
2623,post,3143,0.6053331342213317,0.7618913316885325,1.1309490854539197
2623,pre,1015,0.6366780993094321,0.7052889797257185,1.2394351149782517
2624,post,2896,-1.004998704702638,-0.540054235622307,2.4005402734371923
2624,pre,1361,-1.944389423401649,-0.5821587542799371,2.2794671486302427
2625,post,2271,0.6068338337583388,0.6402287441279155,1.0262553897817102
2625,pre,1444,0.5158643306083457,0.4854059838505159,0.9467917044640336
2626,post,1072,0.6253029215764946,0.5783406256906618,0.8484482328979527
2626,pre,1776,0.5113131160455886,0.5609689373635067,0.9032423804684157
2628,post,3363,0.39318575121009447,0.3630982992207932,0.6400888614857901
2628,pre,1843,0.493303361882626,0.5579236574054265,0.7342419475712348
2629,post,2279,0.5468889276176103,0.5916849925707148,1.0693489266864427
2629,pre,1120,0.6469189467437151,0.7262399414989904,1.0963230136832223
2631,post,3309,0.35178590352293804,0.5460421583148487,1.1163947014606002
2631,pre,1432,0.15120194241197904,0.512048634964247,1.3065682617016947
2632,post,2573,-0.921684797476386,-0.1960265720271921,1.9019042085557063
2632,pre,1375,-2.226944906649851,-0.6171892566001067,2.202471630622316
2633,post,2760,0.6031955385789954,0.6341522941852178,0.8949305162064838
2633,pre,880,0.5840542976420584,0.7002945552855666,1.1006991176967063
2635,post,3080,0.4361100442044573,0.39136058905305116,0.665136112242861
2635,pre,2062,0.5426003913606714,0.5761571190511284,0.7594496662911048
2636,post,1409,0.4859216750095595,0.713116483739819,1.1137844309024207
2636,pre,1845,0.28069285432272095,0.574137163227487,1.199571353269267
2637,post,2497,0.48849232600299686,0.5065671764708389,1.448015176252348
2637,pre,1939,0.24245549295409052,0.32499833920786014,1.563491549918304
2638,post,3374,0.6243596981429254,0.7831614366195292,1.0561910472876546
2638,pre,2366,0.5425858973538509,0.64809252856709,0.9573079439348218
2639,post,1580,0.225890886070651,0.12254866616045823,1.8091344223422248
2639,pre,1015,-1.4010431587633159,-0.38019970463394714,2.269097383583929
2640,post,2663,0.46915776558973044,0.3755079868746931,0.6225634655731841
2640,pre,1873,0.339130053413936,0.2629208111139866,0.5840800167846965
2641,post,3096,0.4515907339187448,0.29497113240067974,0.5225496913091687
2641,pre,2027,0.17556479046267182,0.16238783974624393,0.48333621289818685
2642,post,2367,-0.34841557932123,0.06654386360788478,1.7050665021579792
2642,pre,1773,-1.2301721598874482,-0.11729937673802682,1.7564053036435068
2644,post,2564,0.3321314967362511,0.30022530113717905,1.530216787928613
2644,pre,2068,0.3747237703022577,0.37589746758923437,1.5285931754058235
2645,post,2130,-1.71208399082545,-1.7200207907768195,3.6519008039368184
2645,pre,2139,-1.4772466229999681,-1.0354317223284322,2.9571611473913193
2646,post,3361,0.5003231017242824,0.6079017203445249,1.0746932835265115
2646,pre,2242,0.507597090752949,0.6429957031427556,1.29469790390034
2647,post,3420,0.54372643187988,0.6992089797160543,1.2237181158045327
2647,pre,1578,0.5557969086314212,0.6685852200278524,1.2157425859329063
2648,post,4592,-2.510615123378097,-1.2180234810182187,3.1137246118334603
2648,pre,1679,-2.918092290978694,-1.3209161408264047,3.2159731717116165
2649,post,3873,0.6044458826430995,0.7996061171893181,1.0340078037043583
2649,pre,1230,0.653568570291261,0.8079539357477517,1.0781310913365532
2650,post,4470,0.4263880292589255,0.45171809861722345,0.6816868472945856
2650,pre,2282,0.45643682907665206,0.5555619192526383,0.8934174553447697
2657,post,2804,0.5376560409257971,0.7164106912726667,1.1718864684894368
2657,pre,1983,0.5715425955066952,0.7561047128996606,1.1150412062383939
2658,post,2564,0.3717872387305041,0.601045737927224,1.29775850366765
2658,pre,1885,0.21931672949139647,0.45593329062325927,1.4477028547960313
2659,post,2912,0.6938090747971114,0.7607588830966878,0.8957927935087718
2659,pre,2008,0.5779356268940334,0.7914779638079107,0.9743538150328591
2661,post,1991,0.31497707841694145,0.608669957839594,1.1811493624550202
2661,pre,1381,0.2806465105154723,0.5548162099984802,1.3285269735222687
2663,post,2871,-0.03481033798782618,0.32431946149031987,1.5205575619435077
2663,pre,2177,0.06402268262183297,0.3113860014389582,1.5617478457610683
2664,post,2410,0.4463123523482295,0.6809887422658834,1.1209202608225266
2664,pre,2069,0.5871869540978547,0.7587650745005106,1.1133021770699079
2665,post,1942,0.08436641983685933,0.35855308152357157,1.5417443413918188
2665,pre,1384,-0.35625693023737526,0.18210756302192577,1.6758166526259077
2666,post,2584,0.4799964545749764,0.7149724830754959,1.149309122036187
2666,pre,1835,0.5388758833024287,0.7059573908692994,1.2090574678472088
2667,post,2585,0.6197931187348082,0.7516940045425755,0.97953249397803
2667,pre,1998,0.6459027787653047,0.7946101964171969,1.0244965480252488
2668,post,2764,0.38266557598014395,0.5367447574930432,1.364230485080305
2668,pre,2013,0.472447325020385,0.6181046430382935,1.3112488629895587
2669,post,2621,0.5373330123072995,0.7590079399670736,1.0755003439413051
2669,pre,1860,0.4132738948221891,0.713155347713332,1.0674260184599238
2670,post,2738,0.5459192783333842,0.7211849009195455,1.1706187447824938
2670,pre,1854,0.5289625590856242,0.7056356404114756,1.16834443790966
2671,post,844,-0.4065031761027966,0.22598052931903856,0.757554405429435
2671,pre,462,-0.5440689501043523,0.2492996248009226,0.8651634791579579
2672,post,2836,0.693138724573766,0.8140689290274307,1.114093236676328
2672,pre,2105,0.4586288840968784,0.5751928208542025,1.2901363443341776
2673,post,2801,0.39242903808730134,0.47918356609238943,0.6398502006336845
2673,pre,1973,0.40520403339327915,0.5509940730411818,0.6693137397285964
2674,post,2822,0.18538198029455155,0.3716452184382696,1.5351422786786768
2674,pre,1823,0.31937146407428074,0.5047817385682479,1.4050400555365925
2675,post,2427,0.52634023646121,0.7439216051441793,1.1028797667469705
2675,pre,1615,0.4495027268287991,0.7035583080409851,1.0260576659632707
2676,post,2665,0.6383414781076024,0.7251120334808596,0.944251275346912
2676,pre,1904,0.656983276783305,0.8180361750335736,1.07384249222683
2678,post,2725,0.5916292120205904,0.6549854113221247,0.7927879581382816
2678,pre,1975,0.608797632219694,0.7257409406861823,0.8314184320471889
2679,post,1369,0.22984301066034485,0.5759457045198468,1.3238061892753021
2679,pre,726,-0.19505204511487406,0.4554469087060923,1.4674238767995873
2680,post,1111,0.23431051017170867,0.642629130260191,1.045981057578355
2680,pre,667,-0.37014727620033416,0.4043315991001728,1.247180874655513
2681,post,1475,0.17823223145071598,0.5682755125823779,0.9274776066460946
2681,pre,893,-0.09063800646184705,0.49375318231358833,0.9679785605197542
2682,post,2021,0.521467457045405,0.7548359367444686,1.1060903606113603
2682,pre,1467,0.414467172539309,0.7100106004223785,1.1144209296776901
2683,post,1762,0.3301649654890003,0.6397388950278909,1.134089645129959
2683,pre,1311,0.19329931076780704,0.6129735484797609,1.1276012175898966
2684,post,943,0.12460051210391787,0.5999596009805269,0.9626457214083721
2684,pre,401,-1.141909638954675,0.156964160145463,1.049101262137135
2685,post,2676,0.30294668805631964,0.4576521708808692,1.4670289400325582
2685,pre,1163,0.3095067318879452,0.4683487667696563,1.4284186089792703
2686,post,1398,-0.5358971894456104,0.0816134288250473,1.6646533061865494
2686,pre,1023,-0.38110061136684537,0.24689535310642208,1.5265346213338193
2687,post,1929,0.36877445822008603,0.5928400642098821,1.3182070083015107
2687,pre,1251,0.0966393557507208,0.4109277460135521,1.5053077468973166
2688,post,2011,0.6580671586447576,0.77186946160392,0.8409435328144379
2688,pre,1440,0.5078905300017376,0.7437649888360529,0.9065995122897027
2689,post,1205,0.5690748356122368,0.7056199280004571,0.8961455635137298
2689,pre,920,0.5442279550141871,0.6800966675645761,0.9203058921884746
2690,post,1044,-0.13726403622244776,0.34024043473260923,0.5702935573508029
2690,pre,676,-0.1555536433257414,0.49478668924611524,0.6119793947490624
2691,post,1101,-0.07181574102423549,0.5259102194208125,1.2937857048828947
2691,pre,980,-0.35674823268377387,0.3775582404583109,1.4092600631588188
2692,post,1252,-0.5120277862897031,0.17631988747443073,1.7213124430055842
2692,pre,860,-2.779866228297703,-0.23030284207575535,2.068785972401563
2693,post,1622,0.35443664564196875,0.6921829374839041,1.0367193824072154
2693,pre,1071,0.33533520989010457,0.6419237001684317,1.1749147267055557
2694,post,1510,0.2520608426125255,0.49407993551007934,1.3848507552191318
2694,pre,1080,0.30087475989338786,0.4834429712636713,1.4107691871524337
2695,post,1220,0.2415330982503635,0.5038292014619389,1.3982810412341946
2695,pre,802,-0.3306153902419273,0.29315929948851727,1.5464422435153422
2696,post,1736,0.5360557759208946,0.7657189019206864,0.9332715258288005
2696,pre,984,0.2700505483198248,0.6552544064206284,1.0596411360659392
2697,post,1451,-0.48444483898191204,0.07822853286385867,1.6570844940240035
2697,pre,951,-0.5234996864567723,0.05974041516505735,1.7466447519863708
2698,post,360,0.623344324254832,0.6967216891035641,0.9895756336480548
2698,pre,186,-0.43714850126061044,0.4414847656732952,1.2567741319600856
2699,post,2328,0.6766639039906404,0.7553016965358834,0.859708754032753
2699,pre,1588,0.606104219474322,0.7965681928894011,1.0457711412883608
2700,post,380,-0.04090701182718992,0.48748469325321986,1.2845816446621217
2700,pre,260,-0.13121711359288057,0.4785714356382611,1.2202991679695918
2701,post,1776,0.6072820357863999,0.8028935945497345,0.9455673355216466
2701,pre,1281,0.4148705595562787,0.703776866334719,1.1207775733258283
2702,post,1617,0.507229650519667,0.6019281498799587,0.8956069207130598
2702,pre,1296,0.4376676200841684,0.6058807479966292,1.0052913406214492
2703,post,1879,0.6239371472677873,0.661741381687247,0.857018716116683
2703,pre,1186,0.4457336669176172,0.6889014320590154,0.9013092491876452
2705,post,1989,0.6420110464329059,0.7630519871465546,1.00481847253256
2705,pre,1557,0.5160394964673262,0.7456689537757046,1.0369667657386439
2706,post,2350,0.3961860896322219,0.5024990525713651,1.0293885481002765
2706,pre,1629,0.4024771215297095,0.6322122831674433,1.1783689730682858
2707,post,2241,0.5324405356681128,0.5321571526988502,0.8630542137480245
2707,pre,1396,0.6255537543319165,0.6814160883580571,0.8926140053938265
2708,post,2167,0.6049575882452799,0.7423374820376838,0.8862560550645064
2708,pre,896,0.5536760021586856,0.6368758250475244,0.8099455023880545
2709,post,2409,0.36765829328689936,0.6548871358896116,1.15681796787368
2709,pre,1718,-0.2668724348506617,0.26990564703921127,1.3024946014188037
2710,post,1063,0.05323194253621866,0.42793393004727376,0.6950672234423423
2710,pre,539,0.2638901230734876,0.6263972418046497,0.7965444703156485
2711,post,694,0.301466668587829,0.46062858660159267,0.8100547400552861
2711,pre,364,0.20243643452271576,0.6829886755424601,0.8674981619285059
2712,post,1305,-0.7593060031356602,0.433235708711484,1.534474193909874
2712,pre,812,-3.7474819663581114,0.18195018981884203,1.6941258719225254
2713,post,2686,0.537480493426709,0.6449072315733393,1.0241734231374666
2713,pre,1878,0.5488019300355536,0.6764262104911534,1.1082731731649906
2714,post,3386,0.1180206480525754,0.1866256202117832,0.4286045523347104
2714,pre,2334,0.2558064808887671,0.2527365808553089,0.47730235372919905
2715,post,3173,0.5341585959677804,0.6212710950357203,0.9209710247197607
2715,pre,2153,0.5617643235364508,0.6551944907580728,0.9914704331539583
2716,post,2772,0.4028220511959162,0.36177086787859314,0.5629519915320573
2716,pre,1938,0.42669947627575544,0.42773799186795136,0.6186622012450631
2717,post,1601,0.5753267752533291,0.6276484306753174,0.751668048399871
2717,pre,753,0.5646990425542251,0.6229728497070746,0.783122109101486
2718,post,2749,0.08841844544171185,0.2664333339183952,0.4865349617696716
2718,pre,1838,0.07608463491092365,0.2781012493076833,0.5017551598489695
2719,post,2368,0.6729751395998546,0.7318060860290215,0.8065832591328772
2719,pre,1616,0.5518711809612578,0.7248087908688805,0.8537851198970141
2720,post,3121,0.6563571812007152,0.79793243828897,0.9334243856205332
2720,pre,2292,0.6376952154451462,0.8190982010816037,0.9782716566394914
2721,post,2489,0.5349223991433005,0.7712735479200775,0.9843139150192096
2721,pre,1742,0.5562984952491676,0.7368291359291658,1.0038444758349747
2723,post,2677,0.6273863271616675,0.766110289251895,1.1463940565599466
2723,pre,1887,0.44911664742649593,0.6896682470481819,1.1406229416625766
2724,post,2195,0.6168888880778515,0.687084848951781,0.7754911633584618
2724,pre,1257,0.4804076961760144,0.6620479359019305,0.7924175627880805
2725,post,3050,0.5068023681454108,0.5456965912954593,0.7178130472906196
2725,pre,2004,0.49578239551111125,0.5542609240463525,0.7453685780867052
2726,post,2284,0.5621743147346925,0.7769078115390421,1.0740367577162075
2726,pre,1458,0.509860814866701,0.7584024241152241,1.0464456317985296
2727,post,2564,0.7323021843836999,0.7707467108847311,0.8403396011897849
2727,pre,1857,0.6819928890428547,0.8005186155647701,0.8930904791848885
2728,post,2352,0.6540475815402501,0.826086933675863,1.0292473996946467
2728,pre,1557,0.6119025818184467,0.7951870115482059,1.0862642564391534
2729,post,2990,0.3000211646002189,0.5083457518699045,1.343452629342951
2729,pre,2118,0.3511061727797088,0.4834194798046264,1.4014410511423419
2730,post,2334,0.593899817528539,0.7713130548981003,1.0625655501608593
2730,pre,1628,0.5240482405328427,0.7475912603998618,1.0061791540642908
2731,post,2010,0.010074662132427581,0.4220716370392892,1.3750364552539134
2731,pre,1355,-0.27115135034626947,0.31577969652926674,1.5119238391826204
2732,post,2670,0.42210623727800267,0.47132185942374005,0.7250280901388563
2732,pre,2448,0.44395673406197544,0.4823772728134069,0.7231513521756031
2733,post,2433,0.7122326131499356,0.7040213652060425,0.8135687254546915
2733,pre,1596,0.6735694628245195,0.6991456512750878,0.8322314333515812
2734,post,3027,0.6067952694936409,0.7855870845142678,1.0168268295462954
2734,pre,2121,0.6627656985627224,0.830798636394235,1.0142199915094734
2735,post,3405,0.6352526480292261,0.7266405929292918,0.8615332108551339
2735,pre,2454,0.6955566716089314,0.750714665734297,0.888448499615271
2736,post,2695,0.6926759590409357,0.8436258876025964,1.0335725987966888
2736,pre,1886,0.5782712773001432,0.7722440723299879,1.0851872987375686
2737,post,3077,0.6959026982367877,0.8177716028576569,1.0292555930779295
2737,pre,1910,0.7096301945098361,0.8046403877716346,1.0356802452563076
2738,post,3347,0.5184032658997505,0.4609520539088291,0.6198307026295831
2738,pre,2026,0.49835151957970614,0.41693165306185365,0.6225061096337224
2739,post,3554,0.6746797370786568,0.677805612362767,0.7787664158236117
2739,pre,2393,0.7178504770113652,0.7095481538446984,0.8269313593849729
2740,post,3288,0.6679335310520629,0.7958211835669323,0.8718240864388686
2740,pre,2245,0.7659595356763932,0.8416852739709043,0.9170210088518826
2741,post,2994,0.5986387424965526,0.7967385616450271,0.9837192334169798
2741,pre,1081,0.652275974866436,0.7214624961435864,0.9299067815015846
2742,post,3357,0.729808728726028,0.8497483685102016,1.0667978084813858
2742,pre,2340,0.7331699395339382,0.8024550616865649,1.148614936650394
2743,post,3528,0.5871865095093756,0.7472624843327684,1.1690223115127307
2743,pre,2057,0.5548305357965055,0.6977411359454768,1.2332706922222856
2744,post,2986,0.4726187326623823,0.664326352916347,1.112226928554242
2744,pre,2270,0.47947050453291573,0.6897870359712877,1.1084338084512406
2745,post,3049,-2.73824810875287,-0.39136094324243165,2.033211091548721
2745,pre,1794,-2.1597484386681853,-0.2992771233455964,2.013852881278813
2746,post,1606,0.5409220267244189,0.7562424993525019,1.1443780532045298
2746,pre,884,0.2869536139906218,0.6572699611500854,1.1985831400555802
2747,post,2928,0.0999914752032971,0.38005933470033226,1.5168287950209514
2747,pre,1463,-0.009012523252717397,0.33647713205532725,1.5630954078931603
2748,post,3256,0.44747002476996367,0.6257496434064516,1.0345647078199918
2748,pre,2351,0.5799890670277201,0.7401906404256052,1.0108867857294939
2749,post,2165,0.58353102199905,0.6900057721405741,0.8849327611453626
2749,pre,1437,0.11921519764661048,0.460358765537788,1.217481216885216
2750,post,2882,0.6566517143042336,0.8121846319762538,1.0772386211086031
2750,pre,2104,0.5705851990452477,0.7482333194245931,1.1509180045405067
2751,post,2572,0.45859596574862693,0.6064088228473331,1.2795552431016162
2751,pre,1658,0.44204147962769547,0.6736279790155777,1.2141325033990773
2752,post,3158,0.6162546538125842,0.7811793466354996,1.107479920539074
2752,pre,2366,0.6186871083854497,0.7586978544802881,1.1558486255172198
2753,post,3059,0.2208442029345664,0.4867236046618828,1.2617161936677765
2753,pre,1385,0.32840758318977237,0.5989396792666074,1.1867365471802829
2754,post,3333,0.6275345137551047,0.80427746828903,1.0723061335139277
2754,pre,2511,0.681724062093275,0.8115336318646461,1.0915013044358337
2755,post,3295,0.5810163003785092,0.6767539414038265,0.8229948720224354
2755,pre,2118,0.6459812376193557,0.7218145952936486,0.839308267168133
2756,post,2973,-0.3368988827344128,0.16430264770532743,1.6471021277378506
2756,pre,229,-0.33171006388246904,0.0500764031386014,1.8344996509799856
2757,post,3069,-0.08058654341579641,0.32814532176505795,1.5038434460984362
2757,pre,2201,-0.032345922381443515,0.30750496985830544,1.5700606521171003
2758,post,2983,0.5793870075084573,0.771431524852574,1.0653269961788732
2758,pre,1574,0.49505356292940017,0.7014681171361005,1.0954706702498935
2759,post,2987,0.5540580217820547,0.7321364129644855,1.1382370401971869
2759,pre,1890,0.5830860758577854,0.7512544195740166,1.1503076089809445
2760,post,2926,-0.5014976520901677,0.0379140543661699,1.721985558848533
2760,pre,1207,-0.6486081603845133,-0.032012004477090183,1.7377552159022593
2761,post,3066,0.46232714215903203,0.6687537279223444,1.220549817539869
2761,pre,2203,0.3610391568100543,0.6250144467673495,1.2400727073618096
2762,post,3094,0.4458634188449233,0.6068201821854431,1.247081263771492
2762,pre,2179,0.42630352934789284,0.5166819567015613,1.3422804701035924
2763,post,3216,0.5977430193920046,0.7964284955919049,1.023233718275471
2763,pre,2197,0.6041356232203732,0.7848081871717054,1.088241405506563
2764,post,2344,0.21984873194096466,0.5613026337296823,1.2866557075211165
2764,pre,1519,0.037776384089607595,0.47141844100221153,1.3178484110761888
2765,post,3262,0.5441986444382592,0.7651059594413727,1.0158503078858863
2765,pre,2318,0.49352296064155954,0.7447732072031366,1.0678824555252822
2766,post,3323,0.5613725293409443,0.7645681024056374,0.898389967063048
2766,pre,1432,0.5235879807199237,0.7627096523714096,0.9663620473491574
2767,post,2869,-0.03454715883513537,0.23602929994434907,1.5950843366829872
2767,pre,1398,-0.4567434930764631,0.10875221264664348,1.64783638158937
2768,post,2842,0.130325451144938,0.5037479350990769,1.3216763401440752
2768,pre,1406,0.3298936792900853,0.5420996316586438,1.359215754471836
2769,post,2755,0.34515880371551044,0.5924287809010473,1.2489497954108841
2769,pre,1869,0.09775575985252138,0.4701886909517031,1.3368896418331873
2770,post,2409,0.3969485129716184,0.45090364743611977,1.4640165774825398
2770,pre,1675,0.3195004080354624,0.46604328412977514,1.4556570687421073
2772,post,2745,0.5703139081032316,0.6406479112078619,1.0198270425063842
2772,pre,1213,0.5129302447888698,0.5928084480895877,0.9747930920166833
2773,post,2814,0.7280944146507135,0.8461750293077057,1.0723429173766517
2773,pre,1965,0.7225305809484308,0.8288758282331319,1.0864861445938487
2774,post,3232,0.3045031319477206,0.5758655764727276,1.370583039831037
2774,pre,1446,0.42094480201008877,0.5995002911134839,1.355632784665229
2775,post,3041,0.5191739984352755,0.69608417004246,1.1943998220656384
2775,pre,1440,0.4171164246118969,0.6545168620953994,1.2449837312083618
2776,post,3769,0.3176394691019233,0.49387092436615454,1.4152978963094964
2776,pre,1189,0.2940841336567882,0.4234023080330568,1.4505339792731338
2777,post,3294,0.3605206482172817,0.5499059489360416,1.3518791918434996
2777,pre,1243,0.3611249169278289,0.5523690492859037,1.3513758584782873
2778,post,3180,0.380841283465979,0.6285228375327329,0.9496025003369793
2778,pre,2996,0.3335212180256939,0.6261124848475832,0.9213663189070824
2779,post,3303,0.5093201876351157,0.7530118180169618,1.0241439213534347
2779,pre,3771,0.5073712380446163,0.7401780708445306,0.9571643340847378
2780,post,3115,0.2922210044342779,0.6078683650065764,1.237670352361791
2780,pre,2987,0.20347250774612258,0.5800161358121503,1.212071060962655
2781,post,3891,0.18860948866850524,0.5111284883687728,1.411530208489081
2781,pre,3367,-0.026366560501556835,0.4029482423376656,1.5053133049111596
2782,post,4027,0.5041241846619353,0.5678022366754938,0.7832946997124065
2782,pre,2570,0.638698213936619,0.727306434346554,0.9018256071351759
2783,post,3722,0.6030331247039016,0.6364818673217318,0.8850857025644101
2783,pre,2256,0.6447872336966596,0.7800800286198941,0.9922109558336331
2784,post,3188,0.4077034825718002,0.6800025381901875,1.1693087667458135
2784,pre,1616,0.5769820057572281,0.7334650028235113,1.1433506140815606
2785,post,2838,0.3772989244329191,0.6678611033715489,1.1898114043921866
2785,pre,987,0.3112289461862231,0.6269151769469784,1.208165640510487
2786,post,3100,0.6045997739958267,0.781581092023081,1.1145154895575538
2786,pre,1242,0.5533573200202359,0.7757264646955706,1.0613012911831852
2787,post,3785,0.16639940923334517,0.4967687585189108,1.428017839283921
2787,pre,2700,0.15835560289708417,0.43717733309469764,1.5044401394880265
2788,post,3458,0.5651618958991507,0.7008059687856428,1.205074625090594
2788,pre,2140,0.5647364453532031,0.7161226469032662,1.1753330080512574
2789,post,3277,0.29636760481605573,0.5686368784587128,1.270276695646295
2789,pre,1841,0.12256423508393277,0.4164876142398136,1.50147553177842
2790,post,4035,0.7170100264950494,0.8462561676914422,0.9668190763151527
2790,pre,3313,0.6813124248793205,0.8316180261193531,1.039748908815147
2791,post,3337,0.1072840738922003,0.41477567847815544,1.4586007707745572
2791,pre,2347,0.174578829700631,0.3903938107455355,1.494050053089742
2792,post,3867,0.5732340092078929,0.62684725177073,0.819323887537571
2792,pre,2489,0.6092361042367334,0.6490516832016737,0.8678250748567422
2793,post,3736,0.3634278343222773,0.6231891175350857,1.237227756893179
2793,pre,2210,0.4651099267359724,0.6237606301339738,1.2713624470101592
2794,post,3766,0.6296010394138101,0.750454111777924,1.044822463155405
2794,pre,3183,0.6920644356379644,0.7926740150713281,1.041499083482497
2795,post,3742,-0.23800723637276722,0.056607437345716605,1.790417081975607
2795,pre,2806,-0.7053242891174007,-0.11490207796082541,1.899823913468785
2796,post,3465,0.6576318502483279,0.8227229977897561,0.9702995065762772
2796,pre,2383,0.666330499676328,0.7940455181920323,0.9035478097478667
2797,post,3459,0.6450156116179331,0.7774290446615035,1.1071099667411555
2797,pre,3173,0.640171386470103,0.800652761284073,1.0888992285556351
2798,post,3738,0.6031537059092412,0.8046944211408775,1.0046128821155316
2798,pre,3680,0.48114187556228927,0.7310288821871866,0.9333723518184541
2799,post,2368,0.6111983955954656,0.7141543420721557,0.9538358472944978
2799,pre,3641,0.5280367517751736,0.7402075238959693,1.0594911677857228
2800,post,3805,0.5262667537338883,0.7056773397338967,1.174680761771759
2800,pre,3394,0.5103970615095966,0.6916089669169282,1.1637261958915242
2801,post,2238,-0.20188858776276053,0.447220892976414,0.805551565668673
2801,pre,1201,-0.2057093607664544,0.4082195437311332,0.8949726979067255
2802,post,3846,0.6814822190239787,0.7873087033107189,1.126764017124563
2802,pre,2642,0.4819274721280953,0.5924292762647335,1.317833020321574
2803,post,3677,0.6340056852546812,0.7491520477260626,1.2068480884074118
2803,pre,1972,0.18648703416362655,0.4831135741120034,1.3486297492599226
2804,post,3852,0.5940414312867377,0.7510875490264036,1.180522580594613
2804,pre,2322,0.5054556354949196,0.7026108735571968,1.1996187855456821
2805,post,3468,0.4434240860075287,0.6214410819685008,1.2700604841396617
2805,pre,2325,0.46899852078579907,0.6758396537435103,1.1826841619063908
2807,post,3006,0.5320065397500094,0.66004617538993,1.2119780136062477
2807,pre,2199,0.5110567392438159,0.6500584598061344,1.2826502732971181
2808,post,4219,0.6484849892849258,0.6933488934157267,0.8346138618017904
2808,pre,2646,0.6971905771657454,0.8038388585880957,0.8836338406473365
2809,post,2452,-0.13291662298054518,0.23155282477557115,0.5084631476248767
2809,pre,1269,-0.21568506137898713,0.2779222477985984,0.5281278423027794
2810,post,2990,0.7154394827293293,0.8166372514310988,0.9037414509729708
2810,pre,2190,0.6608080335019303,0.8269456159692499,1.0514824860100704
2811,post,2898,0.682610941570402,0.7800394795088419,1.029823436473258
2811,pre,1458,0.639806896305776,0.8142302180706338,1.0378024615744748
2812,post,2724,0.5208558385645021,0.7151776107257557,1.167359375143941
2812,pre,2457,0.5144385581042775,0.64868465737021,1.2646751876403681
2813,post,3454,0.5298721846295961,0.6648763639459794,1.2208079727305052
2813,pre,3197,0.4572071817256842,0.653349252825224,1.1792539520363923
2814,post,3488,0.5404310418174536,0.6411861249717157,1.191347317998731
2814,pre,2991,0.5162606406178636,0.6622687599317978,1.0505490015768517
2815,post,1680,-1.0663217013476864,0.00909125811524647,1.881065969372275
2815,pre,1253,-0.511408086086609,0.3365534851527764,1.5223316510184361
2816,post,2437,0.4846816919509913,0.6410319770542097,1.2562370865756085
2816,pre,1417,0.3982539078356032,0.6854791271999149,1.2242860841416725
2817,post,2865,0.5816831721510345,0.758758455516424,1.038200432122504
2817,pre,2622,0.5596285709152016,0.771729611114234,1.1025206153834046
2818,post,3168,0.580307297197413,0.553811653288156,0.8962579299611692
2818,pre,2493,0.4327951976418464,0.3908586057741338,0.7969674124317694
2819,post,3319,0.42626227211441436,0.5805614480216426,1.3313342249611533
2819,pre,2246,0.3291628023725768,0.5267176887575802,1.3900334593627799
2820,post,2057,0.301328075943307,0.5320733677620748,1.3788117722092037
2820,pre,1294,0.3609858243876034,0.5900770007063006,1.334700513043177
2821,post,2663,0.612874886341201,0.7417652958637824,1.1555247032715352
2821,pre,2156,0.5089341844825512,0.687198000955979,1.1724079940800025
2822,post,3020,0.5095687470913184,0.7031502466324817,1.1875748848906975
2822,pre,1859,0.3785623918273835,0.6200498863343495,1.23807826038362
2823,post,2112,0.7800109925706193,0.7793933961311108,0.9928565812465621
2823,pre,1751,0.6524771767641617,0.7992396080310512,0.9992464837410794
2824,post,1249,0.5156355969872708,0.6859790291797675,1.2115700636268882
2824,pre,745,-0.4266714648627308,0.4606932948527449,1.2986669961986488
2825,post,2803,0.6552959569995814,0.8203702576946288,0.934376014680071
2825,pre,2253,0.5744586018704777,0.7919177920377986,1.0035883214862997
2826,post,2116,0.10888487997627316,0.5257632529188758,1.2315065086930115
2826,pre,1270,-0.129951882715865,0.6696784331068457,1.1904718867040407
2827,post,2604,0.6121245630929676,0.7490337166293899,1.105855499309925
2827,pre,2026,0.5701263374323245,0.7719119033272499,1.0743372593764235
2828,post,3383,0.5825956441917484,0.564012557747488,0.7559084295263531
2828,pre,1470,0.6050860251722958,0.6352234946489905,0.8240755219418637
2829,post,2801,0.35708672195448343,0.4297523950378369,0.9411912285165276
2829,pre,3293,0.3630943449593196,0.6686062828323392,1.1508083686978017
2830,post,3122,0.41763939651356685,0.5421597755277827,1.3950573309839893
2830,pre,2301,0.37014100131580396,0.5746121116715757,1.35928645396723
2831,post,3229,0.5913050670017166,0.6245836406815134,0.953714389614542
2831,pre,1656,0.26473866012296043,0.34091841215569496,0.9585904143856232
2832,post,2821,0.6731001615326688,0.7458852852057061,0.8628603513100092
2832,pre,2614,0.05995834715236703,0.5097259841397459,0.8239266375418645
2833,post,2485,0.674940084967018,0.7529291803733253,1.1926637783977363
2833,pre,1752,0.35376232118758444,0.6761824211695747,1.2408195455066138
2834,post,2685,0.4550136315245664,0.6495595841570954,1.3032957224866777
2834,pre,1796,0.17812107212092,0.5758949918490239,1.357012523727867
2835,post,2611,0.5160936401653671,0.7000486223912921,1.0447159853372292
2835,pre,2001,0.3680802599669596,0.6821273652206408,1.1106783259018032
2836,post,3709,0.49941488499885567,0.5089548467301717,0.8150244783085698
2836,pre,2886,0.5866368539981062,0.6209827714681768,0.8855813013072087
2837,post,3511,0.5061316313957916,0.6289492724684296,0.9508407511542565
2837,pre,2935,0.509098096461865,0.6401737283257192,1.0046662646634426
2838,post,3911,0.598447278657058,0.6956146187329777,1.052510278123528
2838,pre,3027,0.5478110633819767,0.6874414687757725,1.1635319851966215
2839,post,4629,0.681793933252239,0.8108950607986627,1.0936503205317325
2839,pre,4717,0.6080927084680776,0.8079270268382062,1.0014589237658682
2840,post,4397,0.6421046674002772,0.774020782476894,1.114784263280916
2840,pre,4145,0.5615903609232207,0.7645544113310343,1.0788148982063488
2841,post,3439,-2.632262432574494,-0.5284935561786446,2.337722621003965
2841,pre,2803,-2.3676670601604695,-0.4153622467791587,2.2627543699591826
2842,post,3664,0.49573778299038473,0.7162408295075917,1.13033368953846
2842,pre,2911,0.5136750722329948,0.7329284142198342,1.1336281578072234
2843,post,3170,0.628508522914603,0.8162629092944518,1.0194753189812809
2843,pre,1819,0.6433373169030692,0.8213564367072583,0.9931138269296363
2844,post,4157,0.7560614404518985,0.7975695075688376,0.9103794807130055
2844,pre,3716,0.6436631665552678,0.7529446388179514,0.8902860852451973
2845,post,3612,0.59775415942308,0.748759941832467,1.1744535947799872
2845,pre,2371,0.4658795270383195,0.7372714763833532,1.0683584552707466
2846,post,3142,0.5550034081398797,0.6257616310136052,1.3043612488927723
2846,pre,2944,0.1700946492448614,0.48913833721090505,1.3878523615465677
2847,post,3889,0.6136681834958343,0.7547027568742769,1.1624450220964015
2847,pre,3011,0.5674719301902045,0.7490631249040305,1.1513776020203321
2848,post,3183,0.6350383340867396,0.7145506132908923,1.2517344949657119
2848,pre,2748,0.4241590175058779,0.6670543746773561,1.2509224314653937
2849,post,2619,0.4502656887363824,0.558766875500418,0.7505640282433224
2849,pre,3255,0.4997467191488171,0.6274514836551695,0.8511966490810343
2850,post,3657,0.49802395385450593,0.6940308622839264,1.1991636335016471
2850,pre,2220,0.505029884058122,0.7367722641562273,1.1131238003515678
2851,post,4336,0.7591236270750756,0.8357864751540158,0.9678482295121247
2851,pre,2192,0.7497667424668216,0.86623709098691,1.051677834313237
2852,post,3617,0.46489259163504615,0.5663318573258111,0.8124553738347972
2852,pre,4244,0.4303420801735445,0.5220214764755287,0.770789092838989
2853,post,3621,0.7734580956713522,0.7600808851051662,0.8496311482874139
2853,pre,1877,0.7138692875686794,0.7475958586888874,0.8510929161451039
2854,post,3526,0.4751057431696124,0.6525326856473808,1.242046648299462
2854,pre,1830,0.5589953100512648,0.7336637203683918,1.1719298703047285
2855,post,4259,0.6452217448830215,0.7507210013337728,0.9468466999170331
2855,pre,5035,0.659014668480649,0.7799335262897479,1.0007627408763282
2856,post,4600,0.672064549831035,0.6574477215876096,0.7668900143062903
2856,pre,3748,0.6998075898317804,0.684118211190354,0.7947597078030345
2857,post,4438,0.6357510026450711,0.7569178695383163,0.966304618901655
2857,pre,3458,0.5641480524787783,0.7387870911158019,0.9630084668883779
2858,post,4639,0.6056532968937813,0.704528319646348,0.9842746465205039
2858,pre,3309,0.5977628719129298,0.6931376813459865,1.0055897301584684
2859,post,3575,0.48608837370465463,0.6261928972290262,1.1334350450167263
2859,pre,3342,0.43925100853266075,0.6097051317896897,1.085156901269361
2860,post,3897,0.5142013514375969,0.6528531539312644,1.2631019095547547
2860,pre,2889,0.4285363026095561,0.6464349784760394,1.2652658221669861
2861,post,3987,0.4141463208054772,0.6750359739989616,1.1555499069843949
2861,pre,2644,0.5393041890209638,0.7348438654950489,1.1492756626817058
2862,post,3443,0.5140696131053651,0.6980467568845332,1.2243428799061102
2862,pre,3287,0.4031223915302058,0.6469757875199873,1.095560114905676
2863,post,3824,0.6136294090109711,0.7655503006669697,1.1475973708992557
2863,pre,3511,0.625603863063825,0.7913978095966038,1.1042889228656518
2864,post,3913,-1.2967456768060113,-0.25563330013850294,1.8857645525460627
2864,pre,1441,-1.1288047476550216,-0.15040787658519172,1.8160703725458032
2865,post,4098,0.651627110885254,0.824710351287996,1.0403804223090523
2865,pre,2872,0.6882084838564835,0.8327412737862866,1.0539035089237099
2866,post,3678,0.22391464163454078,0.5537300404496369,1.343832583503483
2866,pre,1872,0.27475452260803945,0.496850848471484,1.4470085358889195
2867,post,4000,0.5451659513788043,0.7259110511568022,1.179156095691133
2867,pre,2734,0.5498455225502383,0.7227082602071706,1.173742967888359
2868,post,3879,0.4017512059372662,0.5613462973412644,1.2776411156607261
2868,pre,1761,0.18121626685167846,0.4358140620671398,1.331774696320975
2869,post,2472,0.2264473232229689,0.6332061938382871,1.0176675926839025
2869,pre,1776,0.35500374450367045,0.6681897948049165,0.887221069083366
2870,post,3715,0.493389925660939,0.7199097286819957,1.1498145792417118
2870,pre,2063,0.6098525443389247,0.7384047177637654,1.1850500281081144
2871,post,4175,0.6958421124634008,0.8227775581567138,1.0806554542110098
2871,pre,3006,0.6247445571698844,0.7181281609527508,1.173129238656138
2872,post,3993,0.5057396924161198,0.7228996264154199,1.0421179173498176
2872,pre,3108,0.4383509816645803,0.6996328260475321,1.083545117728421
2873,post,3652,0.6212482399499109,0.732687166121506,1.1280922113240253
2873,pre,2821,0.6138011729540376,0.7338047997354138,1.1957864207368103
2874,post,4069,0.3931481277713543,0.61391451640436,1.2663661951845535
2874,pre,3512,0.21262618119237908,0.5042054280025328,1.3398604770293994
2875,post,4095,0.35494515963107587,0.5777579019620137,1.3117447195280423
2875,pre,3157,0.10566345615766748,0.38672765592187963,1.4945898143341387
2876,post,3571,0.3340042153012015,0.5644373176993205,1.2779125158080433
2876,pre,2431,0.1124486905884513,0.4530164762454576,1.3391019978839651
2877,post,2865,0.5199287606670933,0.5847471285890116,1.1235322749826633
2877,pre,1743,0.5121366541846706,0.6530053477712947,1.088943397251524
2878,post,2218,0.49576648312601723,0.7055244554910779,1.1662291186506593
2878,pre,2433,0.48196991051044935,0.7053024821232935,1.168565620809132
2880,post,3308,0.5449675026965715,0.6767116085815479,1.1523296993343748
2880,pre,1255,0.5232051357396954,0.6572081792098418,1.1108191126190854
2881,post,3445,0.7233404283853193,0.6773877993501524,0.838314403600303
2881,pre,2051,0.7182031498643136,0.6564470441597569,0.8376631418108178
2882,post,3801,-1.682906408332037,-0.49738253075479255,2.3196189326469034
2882,pre,1672,-1.7826435732100672,-0.6853599622182802,2.534881374771351
2883,post,1547,0.3665196653230506,0.6422486303942421,0.9617034936044436
2883,pre,626,0.29337731876687,0.672268709090974,1.0772014882090795
2884,post,3496,0.5736537431459536,0.5426689611293083,0.8293417598350298
2884,pre,1344,0.574461993052853,0.5892992840339721,0.8138129770637533
2887,post,3742,0.5181444082916502,0.7628691705101361,1.0319129523163348
2887,pre,1846,0.4584522634998859,0.6995836183693696,1.1081343537537942
2888,post,2912,0.2685669275310425,0.6036213626262008,1.1558280605938573
2888,pre,1639,0.5480813170082481,0.7602695574493353,1.1151984357219145
2889,post,4138,0.5677467436659402,0.7669620993467738,1.1068953916033677
2889,pre,2345,0.6162745250737056,0.7793099739700848,1.0318191831705
2890,post,3862,0.591459179335204,0.7233791621261234,0.8658656599631399
2890,pre,2243,0.6440041585779993,0.7840291449332557,0.9073928271322467
2891,post,3814,0.6324210401391783,0.793963491162811,1.0462361666967768
2891,pre,1939,0.5484076613645645,0.7107938869605184,0.9155530107885562
2892,post,4426,0.5644299561241208,0.7654100567450187,1.0860814343653142
2892,pre,1769,0.5760323041391588,0.7533832866895617,0.9728998009575145
2895,post,3008,0.6030014229328893,0.7816983923413198,0.9731441188312997
2895,pre,3332,0.6286817041073048,0.7650412983404591,0.9238718778626965
2896,post,4004,0.681456219201398,0.7496585972124966,0.9775552531528048
2896,pre,3903,0.6459938435719622,0.785249415011512,0.986791781335624
2897,post,4238,0.10541329287920631,0.16603487820186424,0.41520584856456794
2897,pre,3941,0.07502096775996903,0.1776706300333265,0.415708626073269
2898,post,967,0.6736832475639625,0.7396340639900185,0.828822069099149
2898,pre,1497,0.4397694509179566,0.7136634566682378,0.8890753943989496
2899,post,3959,0.6658984005292046,0.8058207709684029,1.1074919323172672
2899,pre,1886,0.47212651329769295,0.6154668534913494,1.2467878549348475
2900,post,3683,0.5941161526773332,0.7746410960327837,1.1112441200319798
2900,pre,3485,0.39719627712450245,0.6273701485432636,1.1873712191779071
2901,post,3050,0.18016763442660466,0.516959729011479,1.4340080360556513
2901,pre,2688,0.14159452266000438,0.5439958545001617,1.3717273535540335
2902,pre,356,-0.20899592698425185,0.2159687202650996,0.8496165878573433
2903,post,411,0.7707900514224528,0.8222121494817688,1.1103239162541647
2903,pre,3163,-0.5700863541947707,0.12587624893700644,1.6532727761946455
2905,post,1057,-35.497528435971894,-6.789355221365943,7.76578544207317
2905,pre,226,-33.36775248833946,-5.870216614933246,7.228624106326554
2906,post,545,-0.16363186472635483,0.25116278988929586,1.4576115309329787
2906,pre,1132,-0.2711245885019491,0.2600739241978506,1.4616610616650314
2907,pre,799,-0.2841616351676095,0.22468964353726495,0.47485667385828895
2908,post,671,0.19179933291317464,0.4116726814697387,1.299279369671234
2908,pre,1816,-0.058465029865050866,0.4136898926546655,1.272471011243467
2909,post,2175,0.5265158279980252,0.4847109606805836,0.8162430803229694
2909,pre,3731,0.6528534046097414,0.8240479218491523,0.9889679264250083
2910,pre,1535,0.5730519337956881,0.5312685834322115,0.6483729102662462
2911,pre,698,0.607448156503815,0.723891939943948,0.8172154010022518
2912,pre,97,0.06004366040869291,0.468851696730448,1.2359304038828358
2913,post,437,-0.48634662815845786,-0.10264617492439276,0.3873866284468595
2913,pre,864,0.05010472759758866,0.1624142997756084,0.573998053539091
2914,post,352,-0.04119117195682698,0.22182468474149852,0.34648088664615884
2914,pre,1271,0.032931640194953204,0.19501953514306658,0.367415579455821
2915,post,429,0.24885131303282493,0.46205547563013405,1.494011969073059
2915,pre,549,0.44961372496425545,0.6569037413131784,1.2759713066702874
2916,pre,463,0.10781832233834732,0.5532409535977654,0.9359939293021357
2917,pre,592,-17.32355442127,-3.2319703998185734,5.0722102839972605
2918,pre,501,-0.610010064443828,0.2031902492196257,1.6614165947623274
2919,pre,459,-0.5608382868176973,0.1895409585263892,1.706510303882612
2920,post,1600,0.45793041124875555,0.5329114290600745,1.0761415886401282
2920,pre,157,-0.06408582848090005,0.21174647482113018,0.7267795180357879
2921,post,1733,-0.2069399410362498,0.44239497131248884,1.2254581091322791
2921,pre,85,0.24930866907481253,0.5619722040606947,1.151998178732657
2922,post,911,-0.7988913004170646,0.19135124190922703,1.756504961284638
2922,pre,688,-0.3947020231218725,0.19298813454813257,1.6241843699530718
2923,post,770,-1.1240945614592799,0.18621814675541204,1.5079684428760993
2923,pre,633,-8.20217882063577,-0.39368051524580205,1.7757238629020209
2924,post,587,0.06363475815598585,0.08222126044499534,0.7994108271973676
2924,pre,395,0.5060149730176884,0.5141224879694497,0.94934874405736
2926,post,577,-0.08153336134729283,0.30076284345095117,0.8757511413770104
2926,pre,619,-0.05657395389452469,0.19896657134139006,0.5316202669179132
2928,post,949,-0.2224766016574351,0.3693133895016767,1.190529557010952
2928,pre,921,-0.8046844630684427,0.2832784782621969,1.254891333711488
2929,post,817,0.15125837964407263,0.09498309404434024,0.6836913660517242
2929,pre,670,0.22089854304449053,0.19060117460218817,0.81611803699406
2930,post,625,-5.1807653372565525,-0.43285602423765,1.6329018946149159
2930,pre,190,-5.204844487570755,-0.43907800962599564,1.5804885016965902
2933,post,4338,0.4280840972374451,0.43355041822692175,0.5859508430375345
2933,pre,2023,0.5730585297379365,0.5277760102869968,0.6592594556629752
2934,post,3130,0.5034086755243599,0.5890129453317452,0.7419918497771782
2934,pre,3692,0.33473999696752377,0.572625380947392,0.7260153172144028
2935,post,3508,0.42632394766522763,0.5357434902167117,0.7202319357170452
2935,pre,2073,0.5577275021640351,0.630294329766012,0.7802624788811937
2936,post,3870,0.6456175901765848,0.8191581620583508,1.0058029033192775
2936,pre,1683,0.5860141260245026,0.764712917303833,1.0758169722936726
2937,post,4078,0.6948389504501855,0.7906359865551607,0.8773987768723761
2937,pre,4310,0.628887742465406,0.7897627220388798,0.9169296443463154
2938,post,3125,0.47116943899248775,0.6297025430729651,0.7843501634814019
2938,pre,3841,0.31428485953355967,0.4782487144183867,0.6648043003881697
2939,post,4013,0.7178210265952862,0.7957256535645316,1.1654653084672182
2939,pre,2235,0.7209316316660015,0.8019030968792943,1.14508467947954
2940,post,3960,0.5174493731545362,0.63892958286596,1.2895286850976626
2940,pre,4082,0.5315503384524265,0.6755412610439212,1.2268249261825128
2941,post,3926,0.11814192708574145,0.37279834360618547,1.5464557368101288
2941,pre,1678,-0.47385938870560085,0.17794302085391844,1.6093423666489484
2942,post,3361,0.11846368296325238,0.44055309869573,1.4457318945728412
2942,pre,1146,-0.9109538446061767,0.0831270105811226,1.666467871091075
2943,post,3652,0.6211111574104724,0.7229576558306495,0.8426164372517507
2943,pre,2195,0.4665025754561022,0.7410430802909767,0.9618411604050917
2945,post,3955,0.5814710496347935,0.7389716407410444,1.0603292673114504
2945,pre,2118,0.33298299783187335,0.5562302189132434,1.1377757280845617
2946,post,3852,0.5619518103362948,0.769235980610242,0.9528346628593878
2946,pre,3815,0.4102204209319298,0.7100010637956848,0.968271349630012
2948,post,3437,0.5595753270116621,0.7167652782530414,0.8281946485061812
2948,pre,1992,0.4284323395666447,0.7083825062448754,0.8317074845354308
2949,post,2719,-1.1158967683597378,-0.020896985896429188,1.7370555902861258
2949,pre,3779,-1.6708331843891955,-0.04638247929430794,1.683764015125488
2950,post,3645,0.24271030193808296,0.3882792998832685,0.7117184682572911
2950,pre,2216,0.31037511784730476,0.5338226249861122,0.6799567967744488
2951,post,3817,0.7272866667864581,0.7492127837108242,0.8386431323497459
2951,pre,3886,0.6549478433564355,0.7561530744554469,0.8305612651327835
2952,post,3312,0.7462728480517166,0.7927421824871959,0.9950284896726692
2952,pre,2817,0.5551709508123054,0.7630468339253285,1.046722104171507
2953,post,3473,0.6200678051253317,0.5980761375002477,0.7932027551373347
2953,pre,3572,0.38170029899169533,0.47235094981346626,0.7734485839423715
2954,post,2304,0.62840400245938,0.802841109785385,1.0813796581031447
2954,pre,2004,0.5665616415395722,0.7884132361048868,1.0122100002709746
2955,post,3555,0.6351131893662845,0.8116228806756729,0.9871095069315392
2955,pre,4432,0.43072123043892885,0.7095136824013968,0.9151806485399031
2956,post,3706,0.6074296517211124,0.6571406747670919,0.8193042064487632
2956,pre,3451,0.4796520555699674,0.5047855159033079,0.75089074801653
2957,post,2390,0.4005068479926047,0.7096801941981508,0.9530188147323008
2957,pre,3689,0.312021988846907,0.670508310846267,0.9423771418353758
2958,post,2900,0.6986835830278115,0.7511165133533361,0.8196189173751116
2958,pre,2391,0.6627226003522708,0.772252207408404,0.8535011057760126
2959,post,3992,0.6470952466089225,0.7422626478888081,1.2067853968338877
2959,pre,4559,0.6106573294882495,0.7619680156660366,1.0964208536694373
2960,post,4216,0.5160251883260774,0.7487865929979067,1.0952313056990257
2960,pre,1698,0.45750626221295587,0.7000081815184196,1.1725984537212948
2961,post,4105,0.579689554349573,0.7599413173235644,1.134374984672198
2961,pre,4269,0.3294872533507601,0.6251155378272599,1.2802437369524258
2962,post,3522,0.37536048628542007,0.5364152454270473,0.6427156716446966
2962,pre,2838,0.529000784724568,0.6394255609433275,0.8001515944956401
2963,post,165,-8.844439055375313,-4.571232558266728,6.385544255489792
2963,pre,28,-68.00709553919779,-8.7183453949293,9.706315930134064
2964,post,1411,-1.0836690348104803,0.04662838104207456,1.8666674123932503
2964,pre,1139,-1.270342042767755,0.1302737698026588,1.727859609448875
2965,post,1253,0.379744379982485,0.6257509876789424,1.2191422132840068
2965,pre,2549,0.2133662160253611,0.4259624636093263,1.3289918263272824
2966,post,453,0.42554953980051935,0.6349138204177283,1.2789392941160245
2966,pre,2063,0.09285098557366611,0.47558985053997427,1.368664332870945
2967,post,2800,0.2934301183093001,0.29739224100902206,0.9434262883098915
2967,pre,3396,0.33408291676406887,0.4180229783398163,0.8580271578744924
2968,post,2083,0.18559727841977613,0.43037204353018566,1.1448255928110107
2968,pre,3183,0.04938571919667123,0.49383313272025486,1.1096021300065817
2969,post,4389,-0.02722380493791987,0.10505669008955132,1.0305496280116988
2969,pre,5121,0.10558652008873937,0.05568718116294358,0.6921937106789059
2970,post,124,-1.1607512473709338,-0.6668533577200888,2.614133202545692
2970,pre,1537,-0.45920781315617853,0.054847270137608595,1.877520144222171
2971,post,119,0.4975475601133661,0.6116012172236427,1.281950315196355
2971,pre,821,0.4546755661997517,0.5694893221320001,0.9197772355604494
2972,pre,1584,0.05525622594504609,0.02608950720430092,0.33446312069064743
2973,post,226,-0.3599327362992837,0.40436306664007926,1.1713251766029595
2973,pre,1730,0.4601000488249314,0.6202450065344656,1.1468108367602838
2974,post,208,0.348480212612447,0.5251760562078742,1.3601000016268656
2974,pre,794,0.35568885990957555,0.4813150675711716,0.8511856421407777
2975,pre,2946,-0.006726935429139491,0.2988333791236032,0.9958447640224102
2977,pre,952,0.08371390037975313,0.011194840376148818,0.46265472298410043
2978,pre,534,0.012697119253577527,-0.23859565640218472,0.631890451653453
2979,pre,255,0.03821773872710943,-0.16655656940616104,0.6179469254177014
2980,post,95,0.8337764496964801,0.6797230403631296,0.7663902167739296
2980,pre,1172,0.1961789124530524,0.38391262339535503,1.0715788612573365
2984,pre,929,0.18763008116579616,0.29276778953007265,0.9925873766792676
2988,post,121,-1.7110522119053084,-1.257318207460962,3.1881283457456684
2988,pre,934,0.17670372422289304,0.028348745052527047,1.39047667783752
2990,pre,78,0.16006492200180833,0.3466463223193229,0.9554468695485092
2991,pre,67,-1.0296035535043844,0.132903832200153,0.7287826770994664
2992,pre,52,0.6481331305455373,0.8182160831236487,1.0184277217570128
2993,pre,109,0.22346646537456194,0.45554072359324327,1.2889138815686458
2994,pre,126,0.5746301296822411,0.736895730544568,0.8095622466262113
2995,pre,142,0.1374802909061973,0.26371238245157524,1.4711143651873275
2996,pre,794,0.07380649194810274,0.13090702523394815,0.4001066985815536
2997,pre,325,-2.1749002557948565,-0.3812681214986309,1.5328225134991438
2998,pre,1488,0.1018118404668028,0.07077560799140836,0.40868147868859034
2999,post,2187,0.5627025534915302,0.4428587913388278,1.3361173978141976
2999,pre,946,0.6125177557059831,0.5005862532085786,1.0855684440998714
3000,post,1136,0.5302274638932012,0.6099235191145791,0.760572544532437
3000,pre,454,0.3336529795729485,0.49896560355980146,0.7456016300618219
3001,post,919,-0.6454742041477983,0.14188646078952216,0.4387072527506046
3001,pre,402,-0.0274126576765934,0.23726574351638108,0.61671318031461
3002,post,345,0.06358260748154865,-0.057414990573059876,0.6529940483962384
3002,pre,111,-0.20961896002241476,-0.13701886041777867,0.3378551387069288
3007,pre,1413,-0.8448126997486021,-0.04281983650508492,1.7863035786440105
3008,post,33,0.39851993603593694,0.4547355821197163,1.1067630120765206
3008,pre,543,0.2585124421333801,0.4198964185311248,0.8861534885469597
3009,post,53,0.23055439225987906,0.5790160854025681,1.272850337366762
3009,pre,659,-0.918246549919189,0.21201053443658124,1.53460566801872
3010,post,86,0.6006821830030471,0.7349564253051087,1.2289084563978712
3010,pre,1058,-0.024393328451898233,0.4601580559351989,1.4081312558296653
3011,pre,289,-4.089598012320542,-0.29285836212992034,1.9621167627966336
3012,post,91,0.20540828135304534,0.24421403084578153,0.8057620845266917
3012,pre,3728,0.2563179634540521,0.5778332168452054,1.0923006204319263
3013,post,48,-52.57666095381902,-2.2368803453025277,3.003584011785458
3013,pre,2557,-0.4488341232706692,0.3294873584523327,1.3578815704640173
3014,post,93,-1.664863948824264,-0.15537568076322827,1.9748508986963134
3014,pre,1469,-1.2956291183106807,0.04074387481442854,1.6267739694817112
3015,post,53,0.10577176306088976,0.3830629997305256,1.4977381850498792
3015,pre,737,0.39081396608078467,0.6471156160443989,1.172184397038308
3016,post,2067,-4.253172809088174,-1.0992107098972217,2.3894953925324915
3016,pre,1002,0.009932859381279968,0.13546024763941023,1.5587197161967397
3018,post,49,-4.258503627358725,-0.737212680848599,2.3676570433133635
3018,pre,2106,-0.32864017508879284,0.25731754836505427,1.53370721838707
3019,post,42,0.564548797155808,0.5958191083084219,1.06044409966192
3019,pre,1896,0.01164376081673757,0.4462144772815092,0.8958863581557285
3020,pre,999,-0.02221666563192981,-0.08879892800022993,0.5098526009480919
3021,pre,824,-0.3120222189745909,0.10498812697197091,1.7036065678314065
3022,pre,3073,0.1418904252927422,0.2657061380633876,1.61777004643689
3023,post,2349,-0.16042068616919192,-0.021392922061315378,0.7281121679332481
3023,pre,1186,-2.352521853446677,-0.1419929104177724,1.2482646621919757
3024,post,102,-0.1607582483072456,-0.17999793947149323,0.2576248623462085
3024,pre,2726,-0.24224624176043918,-0.27288437263050813,0.25939837419929285
3025,post,55,-0.08585705729036142,0.2867676652441,1.555440493934536
3025,pre,2151,-0.012085299074360067,0.3528115966826242,1.4056591323832923
3032,post,60,-2.0915221264422685,-0.8512195536369369,2.445836593503911
3032,pre,3625,0.36020375768999824,0.3556543291008507,0.6555263465709756
3033,post,274,-0.16964578607150327,0.22164221206415058,1.6052621350899803
3033,pre,1302,0.14014344613432683,0.47276709593182986,0.8242784753311515
3034,post,289,-0.2423063740574345,0.19511299671833604,0.7089078749374624
3034,pre,1889,-0.13719350668140318,-0.0974017152498301,0.24039010554614199
3035,pre,938,-68.65656411753085,-12.197974642905109,11.851122913376175
3036,post,1108,-0.8730259178742834,-0.4538962143277514,2.3191081920862113
3036,pre,2077,-4.931491315036079,-1.415376975818143,2.9429969408012
3037,pre,2741,0.45333923898340167,0.6268730156711557,1.0488705645397063
3038,pre,2713,0.3979616146194671,0.47042558159471903,0.940677223223165
3039,post,506,-0.22438575879491318,0.25610514461844236,1.499382613493476
3039,pre,2034,0.06178212878657896,-0.03380487712125335,1.7461515755899715
3040,post,623,0.1278060307559281,0.25226647455565354,0.9297293376263341
3040,pre,2562,0.35602185243572126,0.6231054478102596,1.2283918944852439
3041,post,1101,-0.3923689368978662,-0.14475113079794277,0.3362033622553718
3041,pre,3620,0.4009009581949067,0.45334802289490783,0.7394378719200227
3042,post,844,-0.2033682780313466,0.008700135927257047,1.8215313535660078
3042,pre,4269,0.22190433503228457,0.33849179598125234,1.3451209515581175
3043,post,1809,0.44308543064239203,0.4881533709094634,1.0404893498529844
3043,pre,3099,0.34083243019980625,0.4320722810877685,0.9558964481680884
3044,post,1150,0.1950931651226142,0.40552308131320425,1.4747603324245546
3044,pre,2672,0.25424689626471986,0.4762414356970468,0.9207461309034016
3045,post,216,0.2092787607229667,0.4134008268766377,1.436195943749241
3045,pre,1996,0.33560381572332676,0.4831561046405878,1.1875094227274718
3046,pre,513,0.5081332845067724,0.47666659794902055,0.829419957350476
3047,pre,1916,0.33247352354183424,0.28612105085841877,0.5490211669351137
3048,pre,2196,0.7867446117416409,0.8380082861478585,0.9717646836875892
3049,post,550,-2.8461577557972433,-2.785256558076413,4.747073198146241
3049,pre,1666,-2.488771122785767,-2.351919655885531,4.320562704712918
3050,post,1645,0.2913324871161427,0.10449798485633544,0.5257758218660636
3050,pre,1577,0.36499818819344676,0.2681746698947075,0.6916584347635227
3051,post,1548,0.5177103811683698,0.5599246417738777,0.8443940354140697
3051,pre,1298,0.5600593719580731,0.659279411315832,1.0146809731017423
3052,post,868,-2.4708435132705304,-0.585035840222065,2.2459042719799767
3052,pre,1786,-0.1593616051304192,0.05145625688657607,1.636223143527516
3053,post,983,0.12270363130362982,0.39927867394463123,0.9137590699361773
3053,pre,2958,0.27040026160835584,0.18604913040950632,0.538626081454541
3054,post,2568,0.27396063572586415,0.3678751023057699,1.4741857239446374
3054,pre,4055,0.26116360908257474,0.3130079556613109,1.5481375794109282
3055,post,2932,0.2979497892135966,0.3906871800579629,1.5074116708678522
3055,pre,3718,0.34661890983026167,0.418191360613397,1.3307007139004658
3056,post,2466,0.3351359070907024,0.5404888508418787,1.3075976300094765
3056,pre,3824,0.09570993952416162,0.32230436126075745,1.570843292204059
3057,post,2084,0.3776919203498468,0.3996021107654816,1.095331428309711
3057,pre,3605,0.23856273919951754,0.3268427508557884,1.1535054312837576
3058,post,2039,0.31323987622111615,0.4888663939865474,0.7829526035850722
3058,pre,3405,0.20212261860286607,0.299046566705946,0.6834603600956628
3059,post,2473,0.3282980885914163,0.4674739825743671,1.4767460906249599
3059,pre,1936,-0.10485622982220533,0.236922049866237,1.6652351178995253
3060,post,2766,0.12697298984001204,0.36009653426509003,0.5299011112640257
3060,pre,3891,0.34298372497354757,0.31109086904314265,0.5420052957122752
3061,post,1065,0.5837668526946851,0.7317020405242055,1.0116990002319748
3061,pre,1033,0.29023152115071316,0.5722315861511665,1.169204911274266
3062,post,1616,0.15973252862104692,0.055651521885347166,1.152742842485496
3062,pre,2021,0.21514150980508484,0.3342821944867925,1.1319334769988603
3063,post,1997,-2.841773139969097,-0.7834046667146024,2.7058530221148867
3063,pre,3460,-2.028912881527616,-0.6800960129764149,2.606319265384361
3064,pre,3667,0.14667310138252765,0.2698886199952083,1.3535575054334386
3065,post,592,0.22785620543279017,0.27430887673233717,0.6182829656050534
3065,pre,3329,0.033017456295212466,-0.02253545855238359,0.44823515416321397
3066,post,101,0.4252242701103677,0.377193361410318,0.620290919673294
3066,pre,2139,-0.11170109417151575,0.10326196387174935,0.39857435864510415
3067,post,912,-1.096477740654266,0.12563160563490705,1.4857680096690178
3067,pre,2275,-0.263316673591377,0.38325047487870034,1.2020847252183102
3070,post,166,-4.392464743306181,-0.5460582295650707,2.2301955739738566
3070,pre,1588,-2.2095251123666273,-0.3166382560059029,2.044794794143965
3071,post,878,-0.12545312083475713,0.38345351419815776,1.514259378610183
3071,pre,1079,0.3041777170859238,0.45625862734923894,1.1371499061571604
3072,post,699,-2.224030575318161,-0.09513570536842808,0.2784584413115945
3072,pre,498,-1.9917543337608437,-0.10299706166675082,0.31091342622867574
3073,post,319,-3.517772892418491,-0.0002733704131714365,0.6526042511503407
3073,pre,810,-0.2860481285949956,0.24744603885217542,1.2026597477000365
3075,post,1720,0.4508761324691475,0.5646307507887445,1.1233935552982957
3075,pre,2703,0.5458093091582453,0.49067437170765604,0.9609918657517721
3076,post,622,-1.4824098896649813,0.24346030216413117,1.4872951217278099
3076,pre,547,0.16689671064982436,0.6267556786963404,1.2131159029582617
3078,post,1814,-1.3210484800543303,0.07826985790660568,1.7302563899229078
3078,pre,2050,0.15571577724976637,0.5791454013956518,1.19842649693315
3080,post,957,0.005478893359822323,0.4625401127108514,1.254687851402533
3080,pre,1631,0.3732833752802047,0.4068926480771301,0.8563394737523988
3081,post,975,-7.686872242017037,-1.247217626126865,2.754353514907576
3081,pre,1915,-4.4047647876165374,-0.9482766432012844,2.6588823017890215
3082,post,958,0.05562516330256151,-0.039457419634656876,0.7168713540671733
3082,pre,1231,0.08153337191557275,0.1830682404474444,1.2038133363006598
3084,pre,2484,0.2894958750452149,0.5570686025303173,0.8459537412958114
3085,pre,2203,0.4100365505421011,0.6202940154726198,1.2797240101570793
3086,pre,645,0.3972333025143078,0.4007175065567413,0.8402860424246013
3087,post,261,0.06938668422262129,-0.03537208832124028,0.3431962860228547
3087,pre,1705,0.32530106757981914,0.2946894776643503,0.7658494542202723
3088,post,33,-6.564500019083229,-1.1241892705163306,2.999311512769784
3088,pre,1579,0.23401982282350275,0.4770428026699173,1.395258088282924
3089,pre,921,0.4544334460352819,0.6840973902561076,1.1245977344675582
3090,post,49,-2.651741794339932,-1.0001774083547281,2.9699005733730757
3090,pre,1621,-0.20863484063533577,0.04007275253296938,1.843372146508765
3091,post,75,-13.265190602859134,-2.2530960804728934,3.5075613204381053
3091,pre,908,-2.211641581401659,-0.9440623755605035,2.820460197446619
3092,post,95,-0.8784258919242234,0.13825204610461317,1.5822438813255761
3092,pre,2250,-0.04673684105168352,-0.14077662625167586,0.39440161326792594
3093,pre,808,0.272554106394858,0.5758661417633046,0.8655617198473099
3094,pre,610,0.26139424347670337,0.41705514973056246,0.8054205507640045
3095,pre,895,-1.0131278202977185,-0.03511537439097623,1.859904078997649
3096,post,74,0.5708257141508528,0.6819662163581828,0.8064778128086493
3096,pre,542,0.18315554423730496,0.5352565286554665,1.1592918606881015
3097,post,382,0.2048253882026838,0.5897568783804443,0.9168064616250828
3097,pre,3269,0.13288000083851137,0.5056697289767629,1.1606665306698567
3098,post,5269,0.1872138463025479,0.2283117118271003,0.6348616105096065
3098,pre,2208,0.13654900139397774,0.26001608913747054,0.7251157164276248
3099,post,6099,0.4044696643285072,0.48695789140985535,0.8816783712239407
3099,pre,6503,0.2983286923640579,0.4518561191589694,0.906492155902694
3100,post,737,0.3931659704683589,0.6157211703750944,1.1061290999694953
3100,pre,3434,-0.23080558087737946,0.41240784495420524,1.0222460740699724
3101,post,6249,0.13137177137787037,0.20351965794223237,0.5637756281449752
3101,pre,6718,0.04929235260916309,0.15822221659229385,0.5615291742811424
3102,post,2164,0.11012823033494668,-0.009031985665015618,0.34034297541055025
3102,pre,2630,0.16537488303368542,-0.03394607299409724,0.2871543421542703
3103,post,3243,-0.9725425015804805,0.4406661287936624,0.6311927768388527
3103,pre,2234,-0.6987904620089334,0.4557488475300555,0.6996771378236857
3104,post,4889,-13.27197641841978,-2.4491396435147577,4.214287546848179
3104,pre,4583,-20.564555095464954,-2.895283410871147,4.581008829793472
3105,post,5325,0.2858916592005034,0.4484411883492171,0.8050323178676042
3105,pre,3797,0.18433790374347292,0.4107917476615244,0.8008366989572507
3106,post,4224,-0.597210547312274,0.00855949415689472,0.3209341106858019
3106,pre,2819,-0.5468760852011927,-0.010094627461457506,0.34124176960992103
3107,post,4587,-1.629730266318223,-0.29204734164946977,0.1715848685363499
3107,pre,2686,-1.4797810618769072,-0.31314201086408544,0.18594419943584484
3108,post,4653,0.3803737095993146,0.6487915401466859,1.1630584016723517
3108,pre,3981,0.4309910625867347,0.6886545810793978,1.102188123299769
3109,post,4915,0.04646701182757795,0.41546895611797185,1.3927780365136269
3109,pre,4836,-0.1463299563967202,0.3694577570881519,1.4183416750812967
3110,post,4573,-1.7869416050410085,-0.03318596862810619,1.7392953305159273
3110,pre,3913,-0.6464719815570468,0.26117121373716967,1.5059569172184097
3111,pre,1820,0.18495940328747096,0.2806474886450525,0.780845203260261
3113,post,2725,0.32488628133534847,0.43059807519711724,1.4582238017471145
3113,pre,2392,0.2601547746243972,0.5299705062127644,1.2095497645158593
3114,post,4166,0.2572975640693025,0.49674155767692074,1.2582168417802224
3114,pre,3979,0.16206399873845234,0.4587659268453803,1.358546053107756
3115,post,5180,0.5083982213025828,0.6453226692635934,0.9101672686403711
3115,pre,4571,0.4686662859559777,0.6366372493469364,0.9539776126219248
3116,post,776,0.3789561884341758,0.4937584560567254,0.6863744780675745
3116,pre,2261,0.5358031713994444,0.5880405209562591,0.8209836735701899
3117,post,841,0.6086401308462718,0.6262137100965868,0.8329685817976624
3117,pre,2388,0.6426584154034174,0.6579575167632907,0.8701185680333204
3118,post,949,0.2925099021844032,0.30669451211056686,0.6031415519669813
3118,pre,2149,0.31290018460779645,0.33631339605166266,0.655759456532372
3119,post,1036,0.3267580941831941,0.4198982565101351,0.7374024774919374
3119,pre,2831,0.264287788916457,0.47785224501950585,0.8277428144655329
3120,post,785,-0.31556460623625693,0.17413117224165697,1.7696843785318663
3120,pre,1554,-0.6198734452203596,-0.026765268584486357,1.9348733101419702
3121,post,1130,-3.6020813666498244,-0.8915791699837541,2.7263200807353325
3121,pre,3142,-3.65296101064113,-0.7144906278922876,2.4847008706325506
3122,post,719,0.26424733967879954,0.2750503517124675,0.8070402655758897
3122,pre,1861,0.3132355694707746,0.48046301489726106,0.97584061844295
3124,post,548,-3.3339939516386305,-0.461555861578379,2.2082184272458143
3124,pre,1124,-3.1986922343971536,-0.42070152800185845,2.1352453560454445
3125,post,1055,-0.7060647200535353,0.25832664789950377,1.4473111630138653
3125,pre,1570,-1.4437366113499994,0.19067094536724316,1.585530715647906
3126,post,3268,0.1930711081484745,0.11979431883187652,1.1901385747642788
3126,pre,2358,0.17676394446605392,0.19319261449610847,1.2388640761614662
3127,post,3589,0.12274820268937736,0.09560284692643195,1.2110200667729043
3127,pre,2435,-0.04701547118915528,0.2167587139058198,1.554592023096972
3128,post,3343,0.1399467268407859,0.3364178821724749,1.4661481049340248
3128,pre,3563,0.1241715215041238,0.2999076284231317,1.4128760415966184
3129,post,2751,0.26118848644717374,0.3681175310748751,1.0579946234312825
3129,pre,2338,0.14020061238430348,0.3842817826242141,0.9302101124574972
3130,post,3113,0.18277409693127522,0.10197678653118214,0.4995859695136442
3130,pre,2788,0.13849565732037727,0.16301358745344685,0.5846962949176147
3132,pre,333,0.08423715297522161,0.5156876047312489,1.23905662350055
3133,pre,303,-0.34901447383457085,0.3044547462008199,1.4257318145459887
3134,post,1160,-2.2742670470394244,-0.2676810835267738,1.8014730144092626
3134,pre,1041,-2.4883430700990914,-0.2706923428124126,1.806869508347743
3135,post,3156,0.5861891496221867,0.7672888999796635,0.9283454784976697
3135,pre,1349,0.5497833525730987,0.7553372504005499,0.9008099035263731
3136,post,2308,0.7925599163747968,0.8625302165794136,0.9595487738562486
3136,pre,665,0.8012997332431879,0.899900211160819,0.9858976464656919
3137,post,2274,0.48772355328510464,0.7279720389995465,0.8710821821700574
3137,pre,821,-0.3054323072208116,0.36454331186605826,1.1670835729060203
3138,post,1560,0.4662730011286581,0.4513115093361356,0.7112739794380712
3138,pre,2354,0.3181643810923672,0.48080066875332395,0.7003690312392187
3139,post,3257,0.5244739169093202,0.658572249056049,1.1247391533356939
3139,pre,3171,0.5471603604025772,0.6360359436762028,1.0657520952954223
3140,post,3884,-0.302786140533702,-0.11262973302169677,0.23453039747364313
3140,pre,2887,-0.4937627803810434,-0.08125653581091585,0.2645797832067724
3141,post,1037,-0.3945593959606679,0.08081975903800076,0.3734645873176803
3141,pre,2148,-0.42294533602698925,0.05904428285971186,0.38807193067510054
3142,post,2530,-2.2656521112215953,-0.27420716316767124,2.1954021367846432
3142,pre,2235,-2.461308632945374,-0.2391820729362808,2.1610609986418305
3143,post,1565,0.0035426770800931484,0.49075111647916225,1.3483393687994516
3143,pre,2238,0.43247438117424475,0.6202518248690119,1.0941324735559166
3144,post,34,-12.2232034998377,-1.6286331249084083,2.9131038355303533
3144,pre,981,-0.30369191904177595,0.2188323279921186,1.3699868125484203
3145,pre,186,-0.2114581194440175,-0.16592769105068128,0.6103866946018262
3146,post,3,-0.9697732666365968,0.13201638524637616,0.7497967459255077
3146,pre,194,-0.4065699677355292,0.04397352733619242,0.6542424147202045
3147,pre,181,-0.9855838983652658,-0.060446525949019225,1.6759399995974908
3148,pre,241,0.08201718615263065,0.017274384019068112,1.125426618985627
3149,post,47,-2.9373939270566907,0.17167327110995612,0.6327215206784006
3149,pre,767,-0.040477026151150675,0.342326376873497,0.9271526515124142
3150,post,93,0.16147117270450895,0.22724304739627033,0.6693332705685688
3150,pre,1081,0.12990334665349845,0.34894191611390024,0.9227063346042864
3151,post,97,-4.568772036404267,-0.3336081274650342,0.07639019523137734
3151,pre,901,0.24827336657800025,0.5865825848051677,0.8773783314422207
3152,post,117,0.5892271568559593,0.7015642550191429,1.156042600904103
3152,pre,1716,-0.7758976457461289,0.22420026802248716,1.4023821180996308
3154,post,44,-3.984946017363261,-0.6225485898739149,1.6111925999526868
3154,pre,983,0.433237312437866,0.47632202266970936,1.473781367649763
3155,post,79,-2.065943524897266,-0.10032231666789326,1.8601357366880849
3155,pre,2082,-0.3540389679515157,0.24778523281072684,1.687961807222294
3156,post,63,0.02909826930705084,0.20508187952705337,0.8634244927734627
3156,pre,404,0.10605015998995204,0.4214004672607762,0.6161326302152864
3157,post,71,0.673733158316854,0.694777905359439,0.9816392452238948
3157,pre,1040,0.2200272397620504,0.4289234577189929,1.1780868843190075
3158,post,2070,-1.1422451702733456,-0.14070375417291747,1.837780864625833
3158,pre,1388,-0.14827728194691625,0.24127566363713027,1.3453191962737527
3159,post,161,0.5806611053731012,0.7164044735250654,1.1619279318926552
3159,pre,1738,0.6979226815263069,0.8329720286068825,0.9566817689020993
3160,post,236,0.7567180780285004,0.7614813799128828,1.0159243160017428
3160,pre,1336,0.711018822434013,0.7631456193181797,0.951414171246351
3161,post,122,0.6774306365708338,0.7648640998899416,1.1167164584865024
3161,pre,600,0.6716552723683126,0.8024008978496485,1.1336330064902196
3162,post,268,-107.0602690996292,-9.95589872726822,9.375893925868263
3162,pre,1801,-126.70891417280394,-11.49575999096061,11.34893491032016
3163,post,98,-0.38062948335748414,0.30268330403499,1.5821336317383228
3163,pre,771,-0.676694223695312,0.25749027619122933,1.6102080871626674
3165,post,250,-2.2701080667630884,-0.6778977544121327,2.2958983222607277
3165,pre,1521,-1.2315094840018248,-0.1477362090507086,1.7736996793200117
3166,post,163,-1.5844153040269502,-0.23014576597582193,1.862813627521014
3166,pre,1096,-1.2202683731620887,-0.1408481904928922,1.9234095518496352
3167,post,110,0.5698294823249147,0.5478745472022007,0.9255165098406368
3167,pre,934,0.2127489308496323,0.16706897124715392,0.8938596364065802
3168,post,168,-0.07203448120125366,0.12948593722439228,1.7790725811965538
3168,pre,626,0.377131899479756,0.4485269636992888,1.1417000561432873
3169,post,88,0.40993128111149935,0.5737611464276527,1.3356088390039709
3169,pre,752,0.37119648776383696,0.5891543029072481,1.0692089685834538
3170,post,259,0.7275531468395302,0.7735075818068557,1.0959717744909288
3170,pre,1297,0.47163727648632514,0.5949225971334791,1.1383349143540789
3171,post,199,-8.072133684977702,-2.6859854188010224,4.1301490870552655
3171,pre,746,-8.494273578610446,-2.2945062854401335,3.8140812560005326
3172,post,70,0.5043172514848941,0.549455580781166,1.0373614778283209
3172,pre,889,0.35485118414007344,0.30355371281087773,0.73525333171086
3173,post,188,0.37458132195783145,0.29359484770680966,0.5922639779086659
3173,pre,1373,0.20914115769537533,0.18570968684268985,0.5834143012559553
3174,pre,826,0.1016872577106176,0.04832325422142103,0.4818041708358621
3175,pre,890,0.22557555624208137,0.4858963464776329,1.3330682751118916
3176,post,150,0.40419276299906826,0.5484991587449859,1.1008509961133994
3176,pre,1595,0.47626597703756035,0.5487472158539588,0.8229594700704074
3177,post,133,-0.3092718314781353,-0.02765595319905878,1.9313046804359775
3177,pre,1423,0.13307481431592116,0.2703445303603841,1.5403506342819797
3178,pre,204,-3.75271668947988,-0.45839680846491593,2.0610748554452036
3179,pre,442,-0.9287550148188568,0.01603066331523284,0.3920233300989358
3180,pre,472,0.3191838526129679,0.6060915853328717,0.87172331744936
3181,pre,1142,-0.023519826485912,0.32999153775689627,1.130062811648838
3182,post,318,-0.4472918202206697,-0.014673742738625428,1.5819013105434658
3182,pre,1210,-2.0754035632890586,-0.09542426738667853,1.9436907964973875
3183,pre,1133,-0.2741309240921028,-0.03233608597714199,1.741124425835418
3184,post,430,-0.2677952930628362,0.048265712359846336,1.7660596097445858
3184,pre,1802,-0.584956920657306,-0.14773706069390813,1.8867863042394226
3185,post,44,-0.6301432551973467,0.1931273333485125,0.8742987996963315
3185,pre,508,-1.544821385763476,0.029514790382364264,1.3961620600087135
3186,pre,1790,-5.43056459959159,-0.9651158172127123,2.6636460075061796
3187,pre,1855,0.1978020876486003,0.23455437979276506,0.6171658127210766
3188,pre,1439,-0.1434153278373811,0.06189343433705752,1.3758595705401457
3189,pre,1816,0.5317697023047212,0.7339754579923474,1.1074889954523233
3190,pre,2107,0.02372308590888772,0.5300308041648891,1.1758044968797368
3191,pre,2150,0.49777445488123784,0.634328803526962,0.9606087675884877
3192,pre,1553,-3.875861357474103,-0.5483895414193671,1.9105261941555796
3193,pre,1073,-8.134371750717124,-0.652644807206487,2.1982239757291877
3194,pre,1285,-36.48804688669871,-6.384449939482909,7.928768506343985
3195,pre,1045,-42.36883712759532,-6.433844094849178,7.512211905487106
3196,pre,1296,0.10670154333540105,0.4256527666273656,1.1389655145632802
3197,pre,719,0.4610353151199251,0.7221504980752409,1.0914560169483278
3198,pre,2180,-0.6291296340847021,0.24058121400421983,1.451344115413342
3199,pre,837,-0.5903944033795199,-0.2879703230267927,0.2626541618064522
3200,pre,938,0.07935604635236171,0.21538947973717026,0.6472840506413526
3201,pre,1205,-3.0262946470080934,-0.050428630516572426,1.8795282706264513
3202,pre,851,0.016264468922656095,0.20318004705781512,0.6008692804262384
3203,pre,930,-0.35707985531313624,0.42589784651063156,1.4272728342371952
3204,pre,2841,-1.5552792353736629,-0.4369316488912709,2.2505330557430367
3205,pre,199,-64.4234755528962,-3.378240130656036,4.383069239882019
3206,pre,1758,-0.8389041663580299,-0.45631835716566105,0.142693549886873
3207,pre,175,-31.05068734341137,-3.3788484694609258,5.192662163952786
3208,pre,1274,-6.1664226857218365,-1.0897429320718297,2.436908057917563
3209,pre,444,-0.049407745029415695,0.11541489992209308,0.773334603212267
3210,pre,695,-3.1586282283846048,-0.6605954892610499,2.4420616165807942
3211,pre,2038,-0.4227091475266729,-0.3615429637660217,0.21785083882918796
3212,pre,1541,-3.4425378788922414,-0.48476001802030977,2.213369040368082
3213,pre,628,-6.049766868648334,-5.820714349093927,7.769057884323596
3214,pre,2970,-0.3076447835950833,0.36222509919875845,1.4506395267694927
3215,pre,3398,-1.849585107257579,-0.5000377590778402,2.088976052107356
3216,pre,2246,0.3305827650541594,0.42617918001579536,0.9434996670863683
3217,pre,1742,-0.026191883431259333,0.21433970961317517,0.6671033358621441
3218,pre,1621,-0.5034157747938679,-0.2939404642969048,0.22477287562045364
3219,pre,1302,-1.0991808751743393,0.035575855998341455,1.8202294789953544
3220,pre,595,0.30765458417121383,0.45651384301442843,1.0086643545833602
3221,pre,482,-0.01770417595694873,0.1425066741500054,1.0218402672208824
3222,pre,1079,0.07415839524468781,0.3629079877037795,0.7323385742305922
3223,pre,2113,-0.49558964313137555,0.1906802183372186,1.6849541712546001
3224,pre,1254,0.19863679800692147,0.36217558634722724,0.7738932153192593
3495,post,3037,0.45252282521922116,0.584422260056104,0.8626125231923671
3495,pre,923,0.4976942745651314,0.5880422058624593,0.983688658314023
3500,post,3661,0.5446097753958252,0.718894913942518,0.8593141146177706
3500,pre,1232,0.4713376667594019,0.7423494866169645,0.9674176165230772
3501,post,405,-0.16770725152762966,0.38817747195150043,1.4076842762275052
3501,pre,1296,0.16566949086673166,0.37780058655319515,1.4943675224700423
3502,post,3554,0.30235781768179504,0.623176527270391,1.2444646690180607
3502,pre,1363,0.03968760511672742,0.4321228047907686,1.4606917107376238
3503,post,3060,0.49072572782420065,0.6797331915722964,1.039898104405177
3503,pre,1375,0.5021578679941996,0.728083351547403,1.1447008982882416
3504,post,4345,0.2774598876912939,0.5739373520742337,1.2862853850380447
3504,pre,1557,0.21035477183219775,0.4436355925895483,1.4427846167771887
3505,post,3946,0.4699379631102838,0.694452307384974,0.8403576334211711
3505,pre,1378,0.4582608821194899,0.7303091975136113,0.9671008811113478
3506,post,3982,0.19694301025197125,0.0731604428333541,0.40393032641396587
3506,pre,1304,0.31277261641348075,0.24897784329694161,0.47723521540208463
3507,post,3736,-0.32631013125645114,-0.06140237837343232,1.95478499521001
3507,pre,1367,-2.226850608693891,-1.0771362716590271,2.9434610824363014
3508,post,3260,0.13292997125671424,0.0014035674419156097,0.3571230381348604
3508,pre,1012,0.17926531316386596,0.08136041800160676,0.37784920841288944
3511,post,1933,0.11395217355111154,0.3364034481443865,1.5496141971564759
3511,pre,1020,-0.053459141256645415,0.34910709698226305,1.4563373185543997
3512,post,3172,0.09370787766681044,0.4130074763871767,1.390806562928645
3512,pre,1192,0.16737274016598247,0.46724103645227666,1.2587951525357455
3515,post,241,0.3632233022237965,0.24843027525386174,0.547424671453951
3515,pre,1682,0.3094960602283702,0.1396612745770347,0.4752276552758278
3519,post,3554,0.19705297110285613,-0.013778478698061702,0.3602135070648671
3519,pre,1370,0.2247175811866462,0.07388678536626825,0.4668894835180351
3520,post,3320,0.266202548918237,0.2966655015937967,0.5916469478375074
3520,pre,1332,0.2735358123508259,0.4304264377057212,0.6747722040079175
3521,post,420,0.22003001077390305,0.23196222240187625,0.7590949586761314
3521,pre,601,0.312219305448729,0.3670532034081485,0.8122507582266544
3522,post,2741,0.23138608315517817,0.6004214255480016,1.0431000478654273
3522,pre,780,0.16604832882780862,0.5624549720056877,1.0317661657276638
3523,post,2444,0.1879401237635625,0.26717913456420816,0.9260773721124913
3523,pre,1038,0.30945124394260026,0.5261882460121571,0.9565602432489261
3524,post,3739,0.2989151804535043,0.37550823359268304,0.7324997730261122
3524,pre,1453,0.4519710082122973,0.5216905580236275,0.8287925762226369
3525,post,1085,0.42199714909128516,0.45423566551524974,1.1847592480379758
3525,pre,1276,0.3900714562353298,0.5366565446210596,1.203949048051049
3527,post,4087,0.22860550411553227,0.4346666341130936,1.3204833090799943
3527,pre,1360,0.284594937023801,0.5166553868408499,1.275421325168833
3530,post,4278,0.24481102023549395,0.6208005459960129,1.268201512810853
3530,pre,976,0.03896989030188491,0.5631988615998267,1.300977248739004
3531,post,2718,0.3778559553591865,0.6307278721055044,1.1356848441056853
3531,pre,1016,0.4409081269886095,0.7271900134656315,1.0599991302970129
3533,post,4372,0.24020705098995832,0.5818146331804992,1.243807545275826
3533,pre,1576,0.4250433317857205,0.7121537948323434,1.0638590202215172
3536,post,4463,0.4854950447529901,0.5608315721302676,0.8725294808193794
3536,pre,1668,0.09980824503355568,-0.013553944843325283,0.76557456073758
3537,post,4471,0.419427729789116,0.6551124225841959,1.2062302400410378
3537,pre,1454,0.4204909503756252,0.6899495936669625,1.0536621853339154
3539,post,369,0.485764004371501,0.657597112160217,1.0859729519765557
3539,pre,1602,0.29816298615544823,0.6343070124832135,1.1069187726849736
3541,post,3330,0.4897276359008791,0.5387900797275489,0.8887838306394005
3541,pre,1200,0.37382168839977514,0.6615155002641819,1.0102389700455976
3545,post,651,0.06129932770101887,-0.1050405654916553,0.6907468244014567
3545,pre,1665,0.4320948023243433,0.4936587721360547,0.8470966129178756
3546,post,4323,0.2369883073039729,0.26540819264596793,0.7747188238344644
3546,pre,1650,0.26541004976186433,0.35517504995379223,0.8192054772568016
3547,post,4221,0.3085755810826415,0.328544322330383,0.8344595042881996
3547,pre,1591,0.4545859100759818,0.5232142795334704,0.9187837072670639
3551,post,433,-0.8814910994211105,0.24651521638788076,1.556578083405729
3551,pre,1420,0.016455598973298957,0.42979287890006646,1.3500468562828558
3552,post,4547,-0.13191322280200013,0.248373748256697,1.4599002900164468
3552,pre,1674,0.10719203307162162,0.314978304627882,1.4756802886308187
3556,post,3966,0.1318015584591823,0.5135129687426128,1.3534227426603347
3556,pre,1419,0.5336470796781871,0.7227322737622794,1.155708796369388
3559,post,4413,0.03863906610737833,0.38617116753587,1.4388600421297089
3559,pre,1515,0.4678863637780576,0.5751629676287331,1.2773568402344726
3560,post,4015,0.5376334871725941,0.7102473240979243,1.0316230599517802
3560,pre,1525,0.524839226960153,0.573009577435204,0.9573476758988713
3564,post,4041,0.38146247719002957,0.3698544088722314,0.6954041951464994
3564,pre,1506,0.2618221223823817,0.19081251146207556,0.6269738693303013
3567,post,4971,0.4247927053588375,0.3283177230581793,0.5823480675162631
3567,pre,1815,0.3827517564596442,0.2694524359783752,0.5529150129000003
3571,post,4644,0.41205256102964605,0.6126235703315347,1.1192147469732738
3571,pre,1631,0.496052046416983,0.6076089857644755,1.0508560526672206
3576,pre,951,0.4461805893177795,0.6873763647058462,1.101697343028527
3577,pre,724,0.5589628499367147,0.6992361477296986,1.041908295745411
3579,post,4556,0.36697348191426793,0.667592267349873,1.1502626122393265
3579,pre,1717,0.5486918214069234,0.7728368654206798,1.0003870561197123
3581,post,4104,0.3458611533013891,0.6308785819240306,1.215877646101834
3581,pre,1575,0.46286460668854645,0.7037424472455733,1.1669006691425443
3582,post,4112,0.2604239559477277,0.512877743517222,1.354810061305195
3582,pre,1573,0.321070545127086,0.4830965922295808,1.1280444168961732
3583,post,4369,0.21764866533382443,0.19115546325208832,1.5434294470649224
3583,pre,1688,0.21392439869563062,0.1787227805248558,1.3907378548961131
3585,pre,372,0.345934995880936,0.48275765551611327,1.2109927345904854
3586,post,1041,0.4192133837245281,0.5227425969848787,1.08164058708887
3586,pre,1693,0.4954123210053225,0.5820485259756681,1.0055874168361292
3587,post,1589,0.2620623637365067,0.5976417816340305,1.2224140671998158
3587,pre,1402,0.41337113500424993,0.6024601058568417,1.2351301627347349
3588,post,853,0.20193691871650965,0.22015885608592656,0.7175110976480834
3588,pre,662,0.2166072394513221,0.2562693465535161,0.7231000677776127
3590,post,3259,-0.013356963122770793,0.49615407282737456,1.2924281032533766
3590,pre,1007,0.500963530265139,0.6586188720262971,1.2151916215939196
3592,pre,715,0.5047944152392783,0.3686763679406402,0.6341955066815992
3593,post,2763,0.3336198037869639,0.5387052702175661,1.069220130873094
3593,pre,1575,0.5015402365799221,0.5087334786499482,1.2883248410024981
3594,post,5016,0.32212531375531517,0.6141762168696694,1.115870597153869
3594,pre,1610,0.42967138452244136,0.600863527716873,1.1562871761640017
3595,post,4428,0.4294780763286936,0.5139070590045147,0.9111016762630108
3595,pre,1730,0.559351078451686,0.6290410039420595,0.9062420277209323
3597,post,4137,0.47903095239970517,0.6957798072664725,1.0077329719490744
3597,pre,1611,0.5767367305326259,0.5896291906634673,0.9308641835165021
3598,post,3729,0.43058052429926674,0.5572391256868461,1.1293727574313885
3598,pre,1194,0.5243363873906604,0.5234779814950018,1.044946082518705
3602,post,4491,0.5192646481190437,0.6624967572884928,0.841065053865022
3602,pre,591,0.343349013675018,0.5379403926883426,0.8562661928662151
3604,post,4495,0.4934717173542811,0.6076851261967054,0.872559412852308
3604,pre,1050,0.5678535946131776,0.6415315165001038,0.8326661912518326
3608,post,1425,0.5660265840061789,0.6922636628788011,1.0678047275702889
3609,post,4732,0.5237125928492594,0.7280440161862674,1.0698159083263579
3609,pre,1809,0.6863409904975182,0.7631498503269545,0.9831774249212307
3612,post,4620,0.29891833792945954,0.46463096452641306,0.9588155476174575
3612,pre,1748,0.4454128704468602,0.541104262497358,0.8448130275463193
3614,post,4239,0.2377307104305887,0.4990654262080171,1.276967355900399
3614,pre,1569,0.3915594444486554,0.5854267431699509,1.0992317266720746
3615,post,2056,0.2171449453184442,0.30484202334789356,1.2175874300429095
3615,pre,1343,0.3047139860063436,0.4268731135219387,1.1455406910193182
3616,post,3426,0.37410016338430774,0.41356721311136513,0.9885065372572399
3616,pre,1325,0.4970847602485956,0.4038850813342111,0.7907699488150225
3617,post,3890,0.5462184438568367,0.6314407864385958,1.0146771178844047
3617,pre,1318,0.5264432812429263,0.4771134753497115,0.8448683671993489
3620,post,3926,-0.18701694925371504,0.15630020743836248,1.7608692435422992
3620,pre,1525,0.29413762802936394,0.4767978075170336,1.375857946391721
3621,post,4485,0.2611088804366125,0.4687250497633756,1.1127393124282083
3621,pre,1612,0.5813825009218938,0.6864132158599069,1.1050529824214883
3622,post,3941,0.25847497893249527,0.5970388925117885,1.2009591665413726
3622,pre,1487,0.428922195768512,0.6479990558864668,1.117537023804968
3623,post,3457,0.48412734548450376,0.6481240289482861,0.9947564306384173
3623,pre,1549,0.6091687009467857,0.5837189406352667,0.8279246015462182
3624,post,4541,0.4524116087080575,0.5545893135290303,1.0572781743648196
3624,pre,1444,0.3712916214312755,0.45385949537582815,1.0382355775368335
3625,post,3973,0.40843927248900846,0.5547294015611091,1.039555349338307
3625,pre,1786,0.3523220620907894,0.3586575053278278,0.867189878294656
3626,post,1366,0.3684765779558057,0.28670012322317495,0.6118129232981844
3626,pre,1678,0.21049111988614366,0.10534428802332063,0.5848759647998797
3629,post,3761,0.44418848618954576,0.5272286456568738,0.8829711059101899
3629,pre,1381,0.44782795846485024,0.36057760221361035,0.6977284809774225
3630,post,3898,0.45056648737184724,0.5116024942412829,0.8310708599603166
3630,pre,1470,0.41975934889369715,0.2673028307380605,0.6184585150911149
3631,post,3801,0.0472268226036644,0.12775149066825087,1.5449208221219086
3631,pre,1254,0.4402855837742191,0.37106560001146305,1.3450916321511286
3633,post,4192,0.40320542245395363,0.47583288528169776,1.0042398328073288
3633,pre,1433,0.4228534373838253,0.36473615617082933,0.7722072231059056
3634,post,3596,0.3188975092763242,0.2303735565572369,0.6334617095097276
3634,pre,1219,0.29934924792923145,0.11570307248403422,0.48152469501654876
3636,post,1646,0.19615917356170587,0.1811758632086531,1.126063949094929
3636,pre,1231,0.3713706570705131,0.3184002980294761,1.0639231752528293
3637,post,3932,0.1982836258191033,0.28661331113779553,1.2828653010089783
3637,pre,1480,0.16109780204644475,0.21643748489403736,1.2071484666418908
3640,post,3937,0.2695391651124972,0.5074120462021185,1.3063221921227435
3640,pre,1405,9.509401842466847e-05,0.4276827741264987,1.322343239251484
3643,post,3771,0.2500862673339367,0.5832713089563003,1.204192296233473
3643,pre,1473,0.16534946894269897,0.5161160989726693,1.3074830952492544
3644,post,3603,0.4300314494488513,0.71802834762447,1.0666065923900891
3644,pre,1496,0.22762948368608515,0.5896858889411443,1.215967395048703
3645,post,754,0.1873049905189461,0.4600927075325115,1.4120701685886283
3645,pre,53,0.23520696467565216,0.1859785596476924,1.248081657989202
3647,post,3930,0.405601926687841,0.6131415617718461,0.8256989375386171
3647,pre,1480,0.42945659943262493,0.7082662148382228,0.9548649985845414
3648,post,2653,0.24354065360175314,0.5659763098410912,1.279489031647717
3648,pre,429,0.27495660616393414,0.43698013390050827,1.4193019487736405
3649,post,3863,0.14344539583992655,0.5268060818862345,1.24059653669848
3649,pre,1464,0.2339908753274459,0.42226988778930785,1.4797826562579501
3650,pre,759,-1.0862301006974802,-0.08231624648474312,1.8382637412163059
3651,post,3389,0.1684395939421135,0.5663902497247105,1.0654192838168952
3651,pre,1022,0.038284120854536474,0.44886503108851883,1.3459665508897192
3654,post,1279,0.33128437361697116,0.6309890473952904,1.1255714211484618
3654,pre,993,0.3118204635360463,0.6029860007671711,1.230742637620866
3656,post,3978,0.024193737768846035,0.45502879085793024,1.3414324482912487
3656,pre,1548,0.05724332670074472,0.3338846034339361,1.5133389430325734
3657,post,4072,0.4179773003676991,0.6430227291758168,1.071816834679523
3657,pre,1550,0.2672592345509395,0.5637911016844213,1.2865178109319546
3659,pre,433,0.4435443994524281,0.5973789769138491,1.2915647514035866
3661,post,4091,0.4103171692894171,0.27114092657315203,0.5564842941288083
3661,pre,1510,0.5090662796822482,0.4176206393117615,0.666112909860787
3662,post,4316,0.3876549712711066,0.6152592131316739,1.1507244348910317
3662,pre,1616,0.24531741561323583,0.5060044575649432,1.3745962758095054
3663,post,4456,0.5820405525965502,0.6617772053196148,0.8981176990987515
3663,pre,1721,0.5199794419153645,0.6932801044810585,1.0062902226011792
3664,post,4643,0.3992554774040995,0.6879969079498844,1.0619236065659383
3664,pre,1079,0.4037065910551998,0.5952364883107772,1.2956271492071865
3665,post,4405,0.24792551614520308,0.3225470589369468,0.5702699571846231
3665,pre,1830,0.40848777529163927,0.30755270494062403,0.6145861516716008
3666,post,1715,-1.7596171951306019,-0.35623633217502726,2.1318863851356853
3666,pre,1231,-3.5423565436139564,-0.7995368894797703,2.4603932816052763
3667,post,4004,0.4260893753879693,0.4661194466899363,0.7541214776207102
3667,pre,1292,0.49550885920978693,0.5551542410309147,0.8699728765644054
3669,post,3907,0.2801620117306892,0.4979815713045357,1.2006439288900908
3669,pre,1278,0.38669531232100496,0.4595576199280845,1.1010187546903294
3670,post,391,0.34200410679084137,0.5731042010901544,0.8275987314869568
3670,pre,149,0.009320662182265238,0.34247164593775403,0.7871307380137313
3671,post,2974,0.3955842824806367,0.39280435422299764,0.6250002860562317
3671,pre,1631,0.44191548307777906,0.4670935567882858,0.7026786025443776
3672,post,2523,0.2837257216584066,0.5069155479882461,1.3850358133939498
3672,pre,158,-1.3725370113306363,-0.29940906687531954,2.114435645030213
3673,post,4350,0.38156359733962775,0.647074872600753,1.2033540250972643
3673,pre,1456,0.35416533788640747,0.5810396545714549,1.300123677855226
3674,post,4703,0.2026389388893287,0.4959322086580381,1.376971271732468
3674,pre,1727,0.30659958559147105,0.4449350267505764,1.4825502524614682
3675,post,4828,0.1106613459535346,0.37034017618034953,1.5372859402751566
3675,pre,1719,0.050565351115677726,0.23578575385729372,1.6928302651787313
3676,post,111,-0.03886718159429625,0.42112008153862357,1.1843931358094677
3676,pre,1695,0.41744941471008523,0.6312834077496083,1.1918747190177237
3677,post,4150,0.3246133371002412,0.40721519668469996,0.7431553126582947
3677,pre,1758,0.6034872409675336,0.64873313017866,0.8997681887094094
3678,post,3988,0.4226406763208961,0.5444329090211115,0.8797639746585798
3678,pre,1453,0.5777319931615658,0.741145414030746,1.1265483534895597
3681,post,3969,0.27523776158813285,0.5659467120619904,1.30331519705253
3681,pre,1551,0.23383740674097564,0.4940219916480241,1.4033021663779828
3682,post,3290,0.5979335408573871,0.7649939372654562,0.9488213968575607
3682,pre,285,0.656164568072831,0.8064536660628647,1.098170427318089
3685,post,1775,0.568782458453238,0.7180974565390731,1.1945835293343798
3685,pre,277,0.2519305507509143,0.5705006451003343,1.2243080734197427
3686,post,3186,0.40127876695141773,0.4523362453891586,0.8473785186129754
3686,pre,1563,0.6295063438367348,0.6693467381268028,0.92716102887661
3687,post,982,0.40665017992430796,0.6532086988449946,0.9799124114454176
3687,pre,1852,0.5335512745939249,0.7137889384046583,0.9656164268982331
3688,post,587,0.526250981438795,0.6798121661523161,1.0467111482643887
3688,pre,1406,0.5955662455507442,0.7296476621335026,1.051245180563885
3693,post,2687,0.23975241991382068,0.1350210274032979,0.5857001600445664
3693,pre,1596,0.12328201822664597,0.004068862282943786,0.6370261020105479
3694,post,960,0.29990252395978456,0.5084234604148858,1.3277449596427424
3694,pre,198,0.5558596850611058,0.6674575307258579,1.0772104865638985
3696,post,3458,0.12341782108843058,0.13995979496380773,0.4669973941243086
3696,pre,1316,0.05436553604823713,0.12353982899063021,0.5092552814892625
3697,post,3058,0.10463009590029682,-0.049751856186305954,0.5719694920913365
3697,pre,1018,0.2505437032415314,0.2847749542631489,1.1262742595328668
3699,post,2678,-0.30298345242089786,0.10792179339158459,1.7305265862728798
3699,pre,990,-1.2239797154864314,-0.3898373113007454,2.202104018750441
3701,post,2472,0.2760085604014785,0.47226174564133094,1.061231017847823
3701,pre,798,0.15682024376311443,0.3500410896205939,1.2979228430245162
3702,post,3131,0.15599228485723038,0.13582944460485513,0.8433532904798599
3702,pre,958,-0.3458990079233699,-0.1934878471044006,2.0514346393749943
3703,post,3228,0.0861673637986321,-0.08735658894865983,0.6068915249251349
3703,pre,1086,0.0017783403738993453,0.3710782533162077,1.3578831220704348
3704,post,254,-6.40392540803967,-1.2182045846366134,1.7140492129211853
3704,pre,1135,-0.5812931219091537,0.3233542973260527,1.2141650410330664
3705,post,2926,0.2746633625443726,0.46013496921416364,0.8545102509921043
3705,pre,980,0.1924131510071907,0.4956294490942761,1.1144073966594372
3706,post,3375,0.16842870477535665,0.07492575561965686,0.5442589280809431
3706,pre,1197,0.34741979561464476,0.4279558829927028,0.8867625658912583
3707,post,3656,0.207175993572575,0.09947071515303041,0.6042060752195456
3707,pre,1201,0.28060327310410993,0.33471862737718794,1.0228319853042585
3708,post,4053,0.26613857854851297,0.14377528807718842,0.5103696984673586
3708,pre,1383,0.09132286203428996,0.28713044419601796,0.8830023973368413
3709,post,1293,-0.11446009737704821,0.009162612434356232,1.3693889506908832
3709,pre,748,0.24712104768640308,0.31623735883127946,0.973652267776815
3710,post,238,-0.04399498510836031,-0.4137385488403935,0.41083373825560504
3710,pre,154,-0.001452899357290871,-0.02377442965668264,1.0939166368528166
3711,post,1012,-49.334406102730696,-4.209710831837808,4.788925383548634
3711,pre,225,-121.82146735998016,-5.347499397595192,4.287195592375577
3712,post,1925,-1.8992311435150957,-0.022230450117952882,1.2562302059044084
3712,pre,1077,-1.4905743567339056,0.02027326148825559,1.2678203507365893
3713,post,211,-2.9714640733899116,-1.2394063271647289,2.8801637187548903
3713,pre,868,-0.40015426108935204,0.1513353822374761,1.6259017763157142
3714,post,3047,0.048734445706832275,0.28892744927248715,0.6455874593611055
3714,pre,1140,0.07920521663879398,0.4355777837076905,0.9712148880800741
3715,post,3729,0.2298255286382801,0.17967410487037516,0.6693315678658752
3715,pre,1244,0.09787471358319633,0.012394445161295065,0.7452640711705887
3716,post,2341,0.24700253992454235,0.12892325298527052,0.6087787516400666
3716,pre,1081,0.04238000570119416,-0.0049642413855861545,1.0321633721159695
3717,post,270,0.31487554515110605,0.36512777425488085,1.1235611229587743
3717,pre,957,-0.18072795278203047,-0.1802621633109982,2.057463696977677
3718,post,3519,0.17606043418462358,0.221363907013163,0.839959118289844
3718,pre,1191,-0.08800409176056112,0.3141186133941477,1.5073506495453621
3719,post,3832,0.31363193235627396,0.33629510649302474,0.9059218594144328
3719,pre,1255,0.22658463379889304,0.42348847826886526,1.2583292969526207
3720,post,251,-0.08255635439044151,0.10164627312795771,0.680939898357092
3720,pre,318,-0.02961292251614389,-0.044506727928206535,0.6404483853473226
3721,post,4100,0.4777972916570069,0.4445441879297196,0.7537107897799049
3721,pre,1427,0.1788623285137595,0.251827444699638,1.0235939815876731
3722,post,355,-2.764455636512734,-1.0050903664780715,2.727027018505322
3722,pre,1269,-0.5548592462850495,-0.1692037114599747,2.020522021924534
3727,post,4298,0.3138642974148228,0.4009199442607999,1.204533482966588
3727,pre,1249,0.13323470717347374,0.31508478373838666,1.6120276886848635
3730,post,4543,0.06013722233967911,0.32870015008442954,1.41765197083799
3730,pre,1554,-0.4495832940899058,-0.15181022944650668,2.012411088289758
3733,post,3410,0.3137680941889496,0.26057453120210017,0.611812253126797
3733,pre,1039,-0.013970198130863087,0.5116199971970495,0.8988985096913447
3736,post,283,-3.8125582060134775,-1.829228628759037,3.4770645001338214
3736,pre,823,-5.9129384909787985,-2.3929955403207575,4.016903838065128
3737,post,797,0.0741961978499126,-0.22987607071610938,0.2806567491096314
3737,pre,343,-0.03375830480304698,-0.2520947720934603,0.3410202374553575
3738,post,2340,-0.06416085802004501,-0.47449599305733736,0.0743998099531509
3738,pre,1069,-0.07207416438710124,-0.6111680831620876,0.06820459286987227
3739,post,683,0.3868694570674781,0.19741040539572208,0.5851202262122034
3739,pre,1203,0.32826464300574054,0.35979870905969236,0.8666564142322813
3740,post,35,-21.65910445622863,-6.107406395286039,7.701136519688371
3740,pre,234,0.1600411851466016,-1.915551214784505,3.81570561801358
3742,post,420,-0.5228833284259524,0.16051363158857446,1.6099137141249584
3742,pre,998,-0.4439587391218953,-0.1413081400155236,1.9916531592521332
3744,post,4394,0.4756070449982942,0.4580007629902456,0.8295810970037737
3744,pre,1563,0.39328074407548685,0.48981891411836087,0.9689973750821057
3746,post,4490,0.23328998978313242,0.4062297161404085,1.1594301754730834
3746,pre,1571,0.41007009430587305,0.41360183332379885,1.3293839931406801
3747,post,4514,0.47568823900160817,0.46383985185013776,0.7677273379974116
3747,pre,1552,0.4360172410088087,0.47000026648230475,0.8360473941784918
3753,post,3088,0.22458328219841928,0.2258207061810169,0.8840366870727735
3753,pre,1868,0.18734896837598447,0.15130850666386142,1.18604224567707
3754,post,4683,0.01347544120906008,0.17531510225246838,1.5985767691577806
3754,pre,1589,-0.07477600096639359,-0.12760470353973719,1.933548305758109
3759,post,1922,0.10000421292763384,0.3919297304045578,1.4422197410202606
3759,pre,75,-0.5210114479396939,0.23209489386198434,0.78482987650224
3761,post,4014,0.42126458122089305,0.4674781463223536,1.0438727171983593
3761,pre,1585,0.555243543609925,0.48110053555674626,0.9266469038667182
3765,post,334,0.5783340882974555,0.3981363220153352,0.7454722921454909
3765,pre,1118,0.3918200826651759,0.3702643714601912,0.8686150100927521
3766,post,1978,-0.7199264747872891,-0.11550540406254006,1.874070941464233
3766,pre,896,-1.8972273142444243,-0.6250161465504285,2.2429621816192316
3767,post,2636,-0.18448999168983216,0.4155177113982753,1.0309974997622957
3767,pre,254,-0.24201018809886587,-0.0883602051899195,1.8910608224498615
3768,post,1184,0.19531718929849662,0.23291547564060477,0.5881081900686069
3768,pre,944,0.22876512323608578,0.20830183181107975,0.6290892475699723
3769,post,2637,0.10697814944813822,0.10131187373188588,0.5915926374700643
3769,pre,881,0.1702354126442649,0.15440178065701227,0.6143203457190672
3770,post,2096,0.023393209321731834,0.5171137483513555,0.9599646125903532
3770,pre,568,-0.9349852980719602,-0.11412626961442207,1.8708931834613776
3771,post,2788,-0.09611040757205136,0.3228421828612571,0.6108513975972489
3771,pre,613,-0.010203517631912407,0.3457589098581486,0.928028394673771
3772,post,2397,0.4139963891675005,0.46500906911108775,1.1665596708009087
3772,pre,650,0.030012958689600966,-0.12615321373114696,2.0736993173806457
3778,pre,501,0.12983691428719635,0.3060619495545718,1.4640720114284813
3785,post,1370,0.16597542312124558,0.060025778748678316,0.4711291265020647
3786,pre,691,-0.24646003026849828,0.007869725046867004,1.6442979791060937
3787,post,4105,0.36449057365499016,0.2705636676822635,0.7019635002419549
3787,pre,1323,0.4477888331644668,0.40097084494618485,0.993259068312571
3788,pre,640,-0.055714752217203234,0.1242690362635831,0.8916097870844272
3789,post,1118,0.35316331923881983,0.2777857648105474,0.6452165501651879
3789,pre,1532,0.12239108922079756,0.3262850582422626,0.8583726591022189
3791,post,4756,0.4518014216892653,0.4785581101005245,0.8553594280156639
3791,pre,1789,0.3606840728364109,0.5604401646661661,1.0325306793581164
3792,post,5457,0.26007317154200094,0.5962946140426754,1.097144063867401
3792,pre,1966,0.0944891936607386,0.45665728172827524,1.2773060586876945
3796,post,4270,0.02028616946794526,-0.05793930699679928,1.7059097742490843
3796,pre,1669,-0.3226975927729856,-0.1659110451168626,2.0181940034464736
3797,post,1342,-1.5165961610957681,-0.6412760409527491,2.4789845132743595
3797,pre,1084,-3.7801741808469567,-1.3941287126745414,3.1078141777560075
3798,post,1759,0.3361455858428366,0.4175168030155352,0.8101604934749174
3798,pre,1337,0.38438624553267864,0.47907508758025097,0.9604166627402942
3799,post,3592,0.31527865239731867,0.6446750320915007,0.9653453568378356
3799,pre,1352,-0.03591679547990023,0.45276580640374886,1.185305102770505
3800,post,86,0.6500983335763106,0.8153237271392257,0.9769082752135584
3800,pre,1301,0.2019073714289067,0.5235586242641384,1.1498208815463669
3802,post,3531,0.042230171247024106,0.01205998814207343,1.751168404240948
3802,pre,1549,-0.15204189070296836,-0.29342329526588506,2.0072604256735045
3803,post,3635,0.12487057862207085,0.06911344406944053,0.9022804144620515
3803,pre,1339,0.07878137986627787,0.012992980971935686,0.8718270362137235
3804,post,3295,0.37410717206418054,0.42954409495524515,0.7867481356480588
3804,pre,1192,0.26095510680248957,0.3226571177378318,0.7450530234735611
3805,pre,117,0.16275373879411825,0.002371985738181537,0.6136872847861806
3806,pre,632,0.12900936933219742,-0.13370784501806954,0.35669017931188907
3807,post,2367,0.2568761398612467,0.24653829593371934,0.9685431582652547
3807,pre,1030,0.5483099196663648,0.5695464592429177,0.9342433630131974
3808,pre,1047,0.30968033468989975,0.4660747992490245,1.2155613831454113
3809,pre,1258,-0.9255490376351208,-1.2447173601715171,3.133275126840969
3810,post,476,0.11002110579949576,0.19752572107820054,1.4826909396571804
3810,pre,1306,0.30387335460909237,0.5221067252981126,1.1970983305150045
3811,post,843,-0.9777312423748192,-0.1500791316465333,1.948823125430903
3811,pre,1262,-0.38231413555257454,0.1261545687058515,1.6896072005148455
3812,pre,816,0.49255116885914507,0.47172912525926014,0.7516972236661943
3813,pre,879,0.3529240960558053,0.5725123563908548,1.0297156804756495
3814,post,4274,0.2644830820924017,0.30683086153724315,1.0602029080888173
3814,pre,1667,0.388738514840853,0.5123012567137673,1.043982700273761
3815,post,3805,0.12725660283679607,-0.005097277564266811,0.6220838561398508
3815,pre,1397,0.12674081457952857,-0.028376249462519043,0.4597425934991484
3816,post,3130,0.26952053430722867,0.26486831964053026,0.9228615906849201
3816,pre,1257,0.2376267572592834,0.3680039141666491,1.1191049764067784
3819,pre,571,0.03387067775287056,0.09596655040677493,0.9141707295081367
3821,pre,550,0.05209735976642771,0.18688851164762987,0.8849970125586306
3823,pre,513,0.01742620949200646,-0.14366921913047226,0.8141434471916469
3824,post,3675,0.4581088985454015,0.48768850736803104,0.9656355152576963
3824,pre,1326,0.3095043139417075,0.32251431798898755,0.9029893604660325
3825,post,3073,0.26537342376173023,0.17055170964499822,0.6547772588379197
3825,pre,1349,0.1812963957745004,0.19793514069137041,0.626336992316346
3827,post,3279,0.3492982279116983,0.4434806584123644,0.9448800625267304
3827,pre,1227,0.31620934902284625,0.2551154295236526,0.769438653497886
3828,post,2633,0.40026338812292117,0.5676686733028773,0.9355198132518338
3828,pre,1473,0.30516128502461437,0.5707816563947656,1.001734604017803
3831,post,1881,0.2853509090909969,0.13465639622277303,0.41361393506905403
3831,pre,1272,0.15704448046573538,0.07472745066371134,0.429101511054831
3833,pre,1014,0.24030666172103554,0.14364018493027497,0.7585106068440232
3835,post,3506,0.16204621729267676,0.09275872050559908,1.1659770913931853
3835,pre,1291,0.1226129638597403,-0.04888740239931222,1.351886985978715
3836,pre,1144,0.3463718191428017,0.6814027418674005,0.9899435643504819
3837,post,3343,0.3947705488196962,0.40349949902818183,0.8566131312371212
3837,pre,486,0.22162844472882948,0.3571136523638283,0.9837916127637873
3838,post,4380,0.19301618300158663,0.04684971097081969,0.6308479598055087
3838,pre,1582,0.1899614458429506,0.24413125044462014,1.0009788380169933
3839,post,3144,0.10983949516359581,0.02977418379118746,1.3001159713298802
3839,pre,1634,-0.4100227675747923,0.2064266151879086,1.496052942712562
3840,post,2489,0.1926714264750523,0.22788779274134463,1.2701010866594087
3840,pre,1307,0.14441767802125693,0.3402194512725917,1.1669330822886066
3842,post,3463,0.3323835656027021,0.2933727097997392,1.1993578286651863
3842,pre,1132,-1.1024317486619646,-0.09908938261263689,1.7736499520166713
3843,post,3529,0.26636928128122417,0.18091652559033133,0.8194215502319047
3843,pre,1592,-1.7381865690828775,-0.1631445589784597,1.6884842906597608
3844,post,3540,0.19164264372665074,-0.04503783602717415,1.7341931468669993
3844,pre,1139,-1.2199871737661883,-0.18306366012303688,1.974075381938298
3847,post,3857,0.23075938050915268,0.16688153440826303,0.8822962599811053
3847,pre,1262,0.054277217073741446,0.18667687257605636,0.8576807463768533
3848,pre,546,0.17771607875128026,0.1916243474100887,0.8298479697689396
3849,pre,588,0.24497050553685074,0.33041566466953975,1.312384756312277
3850,pre,589,0.232609944297115,0.1342042963101956,0.7817413152356408
3851,post,1057,-1.070579886127836,-1.4560976674824029,3.2749561369825746
3851,pre,621,-1.2342422266896431,-0.44989453454358297,2.2086969132398853
3853,pre,805,-1.123655545013555,-0.015176529611937939,1.6323538955656445
3854,post,2693,0.013016821014931401,-0.3414056930362064,0.3062630693081741
3854,pre,944,0.1923262307001986,0.005613036759062551,0.5041433351343177
3856,pre,720,0.010800327302335044,0.20241285885263716,1.5834781678181427
3857,pre,586,-0.2491006980117485,-0.03979666677346971,1.7163581494706368
3858,pre,526,-1.431078978636608,-0.9144854387227281,2.7282366759635295
3859,post,3346,0.40106950981683964,0.4249904897801495,0.728165259694155
3859,pre,1027,0.26726576337750463,0.3992828656428863,1.4949780034896596
3860,post,3588,0.42766179169467433,0.3598053041226439,0.6029366155658199
3860,pre,1184,0.29179433874486893,0.6506311701183907,1.0473704831496842
3861,post,3580,0.32674658281645874,0.2284688377628341,0.5704836870896989
3861,pre,1130,0.1895720444987613,0.6190416108742626,1.0327714185756152
3862,post,1191,0.26479203449188005,0.11100687047329716,0.2949198107286275
3862,pre,510,-0.048857349810552675,-0.21449983096118874,0.22709930318597313
3863,post,1106,0.11531748885116744,0.03370091247290585,0.9590881158387736
3863,pre,229,0.0854349999009062,0.11133922164521182,1.0779501544645798
3864,post,1439,0.3220823770708444,0.4280140830963628,0.5937080074243369
3864,pre,343,-0.8007285133932247,-0.0050940880526320065,1.502626458923111
3865,post,2538,0.5043989433408702,0.4401378615885372,1.4557653390285732
3865,pre,752,-1.7757729178253627,-0.4973386807451776,2.2161564797039444
3866,post,715,0.4300636236168466,0.644550098275093,1.1298505156027738
3866,pre,526,-0.09723318176327655,0.33489654452629225,1.2472303497242507
3867,post,3793,0.15467710997641204,-0.034865918284419095,0.5022320106224791
3867,pre,1191,0.4156591750715263,0.360097655756093,0.7909699818485584
3868,post,2805,0.2556633325120392,0.16785719285869327,0.6230997499027445
3868,pre,1107,0.2893459897114996,0.2298602191298853,0.6730559661795912
3869,post,3386,0.20502482387748755,0.05987753335635637,0.5726768357990483
3869,pre,1316,0.21604857669491095,0.18108794043014365,0.7296510773042574
3870,post,2888,0.27497169736248794,0.20967840566644946,0.7800475337908908
3870,pre,1396,0.0688612760821522,0.1383925399165724,0.8509989397108092
3871,post,3106,0.2479884732994757,0.22838337152894006,1.2859825048401765
3871,pre,1216,0.10011743512856919,0.06606058526691361,1.4560856602512198
3872,post,4048,0.18033384110733697,-0.016738003919614552,0.4457240852282006
3872,pre,1397,0.013609353896837595,-0.026770441192405903,0.5429108766639732
3873,post,1221,-7.01862777803664,-3.4882556432084524,5.081099841270596
3873,pre,373,-0.29158282564096005,-1.5571722900558314,3.5046121735007185
3874,post,403,0.09510664184892792,0.10500407776746534,0.6812122924028746
3874,pre,100,-0.6725097782342044,0.04418175169596428,0.9840311695826454
3875,post,232,-0.709279840900759,0.012422566866759133,0.3597201231267185
3875,pre,489,-4.821241739759928,-0.6580389605584771,0.8923194830475858
3876,post,119,-43.54337739874561,-3.326400392710945,3.505326070514952
3876,pre,266,-26.530043233677173,-3.9520893062498565,4.42759819529226
3878,post,186,0.525845627523635,0.7343386516296079,0.8919503919192454
3878,pre,63,0.015610270910952795,-0.4003427380090505,0.2743674651132844
3879,post,1027,-0.32800865097746823,-0.03898304279336973,1.58911031586302
3879,pre,428,0.18091233317306743,-0.17901676470207417,2.0709539205755223
3881,post,1183,-0.4848036028135567,-0.032954430247293054,1.8681486558990132
3881,pre,440,0.08270894080275348,-0.039994541248074666,1.3534812227005102
3882,post,1378,-0.46597097125993225,0.28162441999353216,1.3095844669075098
3882,pre,638,-0.3690811909441345,0.2701117230120391,1.3086622732930315
3883,pre,204,-23.750274323970338,-9.556179666138071,10.887351595480084
3885,post,2041,0.11083688368904754,-0.018342455321512796,0.7848789666261939
3885,pre,786,0.025026153004853446,-0.030359802756899867,0.7929928766058068
3886,post,2373,0.3259552455922323,0.4250921340425108,1.313789653942314
3886,pre,1004,0.013116694373130122,0.033398313758050135,1.2262606577004929
3887,post,3314,0.11108220429203863,-0.10651183499686545,0.3478426509885455
3887,pre,1175,-0.04766248468130052,-0.18807344872370013,0.30756261973291094
3888,post,2621,0.1993736467993864,-0.11134015143338205,0.2280303139222744
3888,pre,1099,0.040777561963845965,-0.2735933485345785,0.15643491055854758
3889,post,2523,0.4764193818407416,0.7062273722485859,1.01163846466139
3889,pre,862,0.2932543884881579,0.6129209250654656,1.154703736158067
3890,post,2861,0.4608129206290902,0.5262698971848596,0.7791986309335855
3890,pre,867,0.3467196707962208,0.3437306166387283,0.6532783523641578
3892,post,2473,-0.5009957243650871,-0.8884338153417337,2.788360221367036
3892,pre,861,-14.840317369812787,-3.93592727013991,5.187391904667651
3893,post,3413,0.1210619598486884,0.033831936700180365,0.7177625629139753
3893,pre,1177,0.08578903596458265,-0.0257646597603034,0.7192729316643955
3894,post,591,-0.3962934026505611,-0.1363522824599559,1.8890574149934363
3894,pre,1100,-0.049365234522440904,-0.1750455380027396,1.2143349554750777
3896,post,3567,0.16183007781300163,0.10941506973918369,0.6140444091946589
3896,pre,1465,0.11620990831911071,0.24921154903648246,0.7943159396667496
3897,post,4124,0.08130908447562046,-0.18086657818731933,0.4172024187723017
3897,pre,1486,0.11476241615042115,-0.0007294879214985173,0.5603301279337801
3899,post,3245,0.17589322107766114,0.02925801520678939,0.6401354834603372
3899,pre,1160,0.1297774485516653,-0.12658850425377133,0.3930892145194188
3900,post,1540,-0.06278389150788155,0.16241201253506354,1.5969868799331932
3900,pre,490,0.4145182225516165,0.5561156514351291,1.0111849270670206
3901,post,1269,0.2389852921880763,0.25772115969120957,0.8937125075154255
3901,pre,385,0.37153980698769695,0.5566798278037128,0.9739972036581572
3902,post,1441,-0.23182485823999088,0.4124019561501341,1.3079313870020028
3902,pre,403,-1.5684108565947272,0.05863820196218661,1.1254859733223226
3904,post,2965,0.3889614364652926,0.5645806746064812,1.0771672674207473
3904,pre,1084,0.314755434908065,0.4338843330984864,1.0591430194397051
3905,post,3422,0.4330228989781818,0.3386600279184483,0.6927635027150347
3905,pre,1249,0.38251011336392526,0.29482349681247155,0.6210786887916854
3906,post,953,-0.14616244336379824,-0.19997902777913046,0.2862368496962501
3906,pre,149,-2.3931911991937804,-0.053599070479597444,0.3415537007596407
3908,post,2820,0.31234762623160195,0.19680051494310946,0.5061271679962972
3908,pre,800,-0.08181651509829369,-0.09013748312102798,0.345258012643292
3910,post,3077,-0.026951175248391523,-0.07442598693653957,0.3017145616308673
3910,pre,1144,-0.23599489066745827,-0.23159639123036913,0.24930570543071126
3911,post,3369,0.2667656355880642,0.13637045872811127,0.5810250921810317
3911,pre,1030,0.1546525646370266,-0.03881529023164543,0.5142924471225807
3912,post,2749,0.23742129798808898,0.19685999665486953,0.700807303957832
3912,pre,1135,0.2128253292584238,0.17990503705282246,0.7614198374453467
3913,post,2488,0.2305879913758726,0.1395270712262876,0.8371367105814156
3914,post,879,-0.022454052966385474,-0.04546439742257258,1.4128211342253898
3914,pre,544,-0.34771793173370646,0.2769317408675367,1.4400884649754966
3915,pre,269,-0.13667625327453536,0.0543795611100526,1.6079744222986565
3916,post,1064,0.361340959745886,0.4337579170797069,1.2868082704169768
3916,pre,212,0.17902568467806235,0.21256469924992705,1.004064138478269
3918,post,1051,0.18448206310404636,0.05437484956030891,0.6637047665424249
3918,pre,792,0.3419565403986886,0.3920004192616908,0.9733489852528486
3919,post,619,0.2971004116406757,-0.11622330918331203,2.0026797965645393
3919,pre,105,0.5389552603287879,0.27069141810262,1.6718457437553869
3921,post,3026,-0.10352136437461201,-0.049527429898966746,1.8826232361445192
3921,pre,872,0.3232680062590694,-0.609253660970039,2.587198584675518
3922,post,1575,-0.3401657457704501,0.19305752225114847,1.3619129223631572
3922,pre,755,-0.022110102028064516,0.006603706303357826,1.2058811726428722
3923,post,2365,-0.021187827798129,-0.3728239325940417,0.16975389556816417
3923,pre,839,0.02721023085211416,-0.36936153861505927,0.12127132499653136
3925,post,2588,0.15810014410714157,0.12375224160008291,1.2790491954425887
3925,pre,965,0.0852050425231129,0.1461835699612164,1.4249808318740096
3926,post,70,-0.6725037909559384,0.17020589547001463,1.2026512259761586
3926,pre,835,0.045964832644985965,-0.04232551213559166,0.9472213342406355
3927,post,1865,0.0749461114108162,-0.08002545991312249,0.2382954561243453
3927,pre,671,-0.01937862057913131,0.2952220136941942,0.4510891261689183
3928,post,2121,-0.04268491198349644,-0.09391189615549722,0.25741630294793844
3928,pre,828,0.08911625075095764,-0.12224098595891197,0.2475818999575434
3929,post,3021,0.002566526968082794,-0.4357764859179696,0.13558243052819124
3929,pre,1207,0.04114876063824835,-0.33692228284749204,0.10414993150887779
3930,post,723,-0.4038138727741991,-0.38970742069379516,2.2670364516162733
3930,pre,278,0.09881063496679932,0.3452659349911035,1.4745993155547685
3931,post,2336,0.4802015289405477,0.5934632530420312,0.8181461775661876
3931,pre,641,0.23167408272895396,0.3501183929534224,0.7295323785761925
3932,post,208,-0.5841176300845918,-0.6233199126130293,2.560690480230445
3932,pre,140,-0.22252699052772518,-0.7728978076906476,2.7317058805957193
3934,post,1982,0.57270232472281,0.5546152172813601,0.7983372986466133
3934,pre,595,0.5146732000744773,0.5035118552627511,0.8598426794765283
3936,post,1765,-2.8670384034839866,-1.1539152564730486,2.7763074676232478
3936,pre,677,0.06209500687850744,0.10061379208860255,1.8038104010694813
3937,post,2703,-0.6577149393992194,0.025604398162069497,1.7163218550678805
3937,pre,1039,-0.08549350445426818,0.30852495261459123,1.5065554072744227
3940,post,3261,0.09309474784937599,0.20517512184515008,1.004209898914674
3940,pre,1189,-0.14084862141162469,0.04735889344628075,1.0692615234332044
3941,post,2706,0.1739897950939715,0.09493168480641834,0.8584632774059632
3941,pre,919,0.23115852067324727,0.0939872677412057,0.6390976840615491
3942,pre,439,-1.128972064121168,-0.027204437269262804,1.596828027785614
3943,post,636,-0.03866978788659092,-0.11008683719019796,0.9557279684907583
3943,pre,241,0.4196266503182684,0.26400298138121703,0.8074729775951308
3945,post,1377,-0.14941623963076966,-0.217950447741857,0.21525027708345887
3945,pre,508,0.3686924738138355,0.32839523127762604,0.39262561552707814
3946,post,1571,0.12491605438011755,0.01927813996494321,0.5113978066743409
3946,pre,275,0.23372389898905288,0.3400467953038865,0.5635832210084638
3947,post,586,0.12590417627920814,0.5667856834332017,0.8342256968896075
3947,pre,445,-1.6196584276491834,-0.2014182371039066,1.7006022519310815
3948,post,479,-0.1941886688496275,0.38036203159827986,1.170916018894637
3948,pre,380,-5.992375108168353,-1.1580554770252625,2.288785492541539
3952,post,1111,-0.15789380560456623,0.0028005223448517302,1.5420422923839103
3952,pre,397,-2.578082458976915,-0.39604753800051684,1.991490888527137
3954,post,1534,-1.7387477688451143,-0.9121433973155784,2.613667810322176
3954,pre,563,-65.27154286313217,-9.44368758496564,8.967617955436879
3955,post,842,-0.21021046959047585,0.13029935939335668,0.8484225453915816
3955,pre,57,-3.2106095062873328,-0.49919951219607617,1.2600481905276044
3956,post,1382,0.22590664799833793,0.3145770839352575,1.137510073892028
3956,pre,450,0.18299654159208367,-0.22258637711020945,2.164345213608931
3957,post,244,-1.5701944784621635,0.15546615882182135,1.3565619198127585
3957,pre,72,-4.3622978964161065,-0.08503498990426439,1.7542187378528837
3959,post,1070,-0.1055557531874205,-0.11418553550085186,0.80581035272477
3959,pre,304,-0.03180712118142437,-0.3507021786346587,0.4484669136183112
3962,post,1333,-0.2722047435053667,0.09819913203534114,1.5780137637988727
3962,pre,424,0.4952367271390672,-0.059794693787312836,1.9557945072487228
3963,post,850,-0.2046624219488713,0.2539403072688985,0.4431130934141003
3963,pre,264,0.64820161244403,0.4224963769710315,0.5153753467934068
3964,post,416,0.531778185884775,0.17982573578940697,0.3578929485333884
3964,pre,71,-0.05499208906359376,-0.24829664890959435,0.3897214602544246
3966,post,1970,0.3449330981339618,0.2054813702210475,0.6132910107731006
3966,pre,602,0.41879936704716325,0.3601515817053802,0.7739765006197854
3967,post,2139,0.4430509538183608,0.3062488888104006,0.7379627948558123
3967,pre,790,0.32279204001773454,0.2230732895694899,0.8196464722327409
3968,post,1511,0.24874807920922404,0.11675620204304105,1.2724180685259716
3968,pre,502,0.27360159035674425,0.06319657678358637,1.5657367239856532
3970,post,1115,0.15512012510225304,-1.250208446849428,3.1946715247061523
3970,pre,46,-2.9528484683413883,-2.3993731430466356,4.197823878719487
3971,post,1567,-0.3287893691699415,-0.5464007284909769,2.428364607893368
3971,pre,407,0.03741083788776145,-0.23328517264752024,2.0682495412089623
3974,post,738,0.11327661152594126,-0.2788114711773235,2.1449606901067284
3974,pre,170,0.19668846092007153,-0.010587467294070008,1.748249535176914
3975,post,1519,0.023583382874247105,-0.2155027807109855,0.27891660040206634
3975,pre,415,-0.19881011080636424,-0.30282781496300903,0.2659589592008125
3977,post,2299,0.23632925179564113,-0.0861775274394927,0.20346555159413046
3977,pre,981,0.09831509676491723,-0.15734198165360413,0.23030646184429565
3978,post,1930,0.2137291362850544,0.33343102029945804,1.5603230119432154
3978,pre,536,0.583172770271494,0.4650106966978039,1.4927663815164744
3979,post,2343,0.42696163287073774,0.15707920105782547,0.4383305400456057
3979,pre,968,0.6067878546474272,0.3788702582676359,0.594991365950632
3982,post,3439,-0.415228448522186,0.14720846501722995,1.7645588840441964
3982,pre,1112,-1.015814622880776,0.00652760100105243,1.873202968251173
3983,post,4012,0.0017092203587255606,-0.14449703834868566,0.5743778352953858
3983,pre,1566,0.1772799465759093,0.17489273645819214,0.5919145979015312
3985,pre,298,-0.024324670311635765,-0.23238924271338357,0.3268428227014162
3986,post,477,0.3176703553077692,0.23106410927524557,0.6195900385626605
3986,pre,411,0.04661607123467737,-0.09738392630820925,0.4975560990169385
3987,pre,271,-9.809013458416802,-0.9762577090343605,2.4600545835127177
3988,pre,488,-1.0298215053048372,-0.13933607173266882,0.4477057780312369
3989,pre,532,-1.7304969590206847,-0.04833855722289715,1.3684972301261313
3990,pre,844,0.1840181078633566,0.2410601318527522,0.548005867614754
3991,pre,757,0.03753493521598039,0.38419937145512206,1.5780396045349006
3992,post,231,0.4879643932427329,0.596168571817318,0.7143460826681788
3992,pre,651,0.4826498056479622,0.7270524095081886,1.0005031180432966
3993,post,590,-0.02699582893410657,-0.2594641496305221,0.3503128460159961
3993,pre,409,-0.09378641860321801,-0.23849528848365487,0.4837394737912451
3994,post,693,0.08326776225266996,0.03538569166836647,1.6197902975180851
3994,pre,93,-0.21125466302981932,-0.42691977743804843,1.851117285844212
3995,post,1558,0.06006078549728655,0.012766754152490178,0.42556475866088006
3995,pre,1203,-0.18492260639590663,0.22307103452096988,0.8767278793307562
3996,pre,782,-0.045973488856923206,0.4818713499053482,1.0049516392669195
3997,pre,776,-4.477164266198283,-1.143969689688598,2.6244740965031985
3998,post,474,-1.0706852045353261,-0.2705842951473927,1.99735843387196
3998,pre,828,-2.000055571285333,-0.11760542006354857,1.4682700933051633
3999,post,4426,0.09342070283954718,0.09837911961854462,0.43893428218685304
3999,pre,3641,0.4017707248247685,0.47270510888422246,0.6829216347683543
4000,post,3242,-0.5097710388066714,0.34410917203927494,1.248595847879406
4000,pre,2468,-1.4489642313119373,-0.10931396119062575,1.7671848000718424
4001,post,2455,0.28904628938144405,0.523757385934408,0.8245771100722548
4001,pre,3220,-0.2811014675350594,0.2926149997997277,1.0899251686008848
4002,post,2262,0.24554407097372688,0.3528109085559419,0.9802056653924722
4002,pre,1414,0.19524826824899189,0.21397686788492354,1.3168674738304371
4003,post,9,-78.71872257670408,-7.825261096096897,9.292337708811473
4003,pre,1217,-1.157344580077631,-0.07147988061861588,1.6580468053693984
4004,post,3472,0.22954476064163287,0.28979065091507517,1.396825796799828
4004,pre,4647,-0.15193070451242385,-0.4573698232353709,2.250420952359684
4005,post,286,0.29712937350713653,0.352332454382158,0.8472544641091453
4005,pre,4761,0.3007686880787759,0.34152969699427194,0.8149527692938696
4006,post,51,-0.1844681726418418,0.13996175270523825,0.4868574145290974
4006,pre,1047,0.2784413153068359,0.4047303926047858,0.6946149578918028
4007,post,78,0.28099985488044865,0.30575370559557413,0.7073709199445767
4007,pre,1768,0.3153365869268695,0.39078077206182804,0.7979004060150517
4008,post,2709,-0.9974976441208863,0.02517163946060119,1.5813826733365794
4008,pre,2874,-1.4568671384208467,-0.04359292581454888,1.5457137166721904
4009,post,1160,0.0356180468009778,-0.16736298597698962,0.25618893505137025
4009,pre,1093,0.01979223866867641,-0.17403745810248727,0.26140205643317266
4010,post,373,0.4953959191531503,0.49195731993109326,0.8657898240216974
4010,pre,5188,0.22688007586554904,0.30893317930286956,0.6270078999228319
4011,post,2651,-0.3600969842142181,-0.34343995532191096,0.0913143293830303
4011,pre,1694,-0.2719021783525568,-0.3101189298386231,0.09477253282452279
4012,post,3612,-0.17664638553608603,-0.35308393981187813,2.2683807541477825
4012,pre,2001,-1.7076497673262963,-0.7273088266834336,2.6515555682062875
4013,post,3516,0.26416795788818526,0.522140666966602,1.359746375607234
4013,pre,2119,0.36456152176141154,0.5687930042902489,1.2718195124198677
4014,post,643,-0.039576870611367276,-0.4534027461377519,0.5250227269875944
4014,pre,409,-0.04818803350930634,0.26542383584724283,1.4115812903823652
4015,post,1996,-5.778391600323617,-1.789030025393143,3.193652172828964
4015,pre,1865,-8.322779679080913,-2.8543108624185782,4.373983593481908
4016,pre,1284,-4.235282108942501,-1.5160367497159517,3.0071685123356797
4017,post,3630,0.4113728225483323,0.32889669111788367,0.6079777641097199
4017,pre,4300,0.03853777682964199,0.028529172780165535,0.3961894770041344
4018,post,713,0.594371909585494,0.523293351593832,0.6938638786408485
4018,pre,3848,0.05114949923652512,0.09725294460849077,0.3850317328582277
4019,post,3842,0.2540075114504968,0.15229579655289627,0.4377089465069386
4019,pre,3733,0.24958366950973254,0.2029351702699892,0.45109751427172673
4020,post,1152,-15.447075070960597,-4.556786149468372,6.284062323651402
4020,pre,653,-13.356601294307548,-5.70102942085137,7.54634023588788
4021,post,734,-0.7631517810305006,-0.9315100283911515,2.849948660570605
4021,pre,515,-0.37984977388846586,-1.2936825896979642,3.2215536985188824
4022,post,726,0.4978908473844663,0.47392766942174425,1.241050052583009
4022,pre,1672,0.49360838771189486,0.6331185527998062,1.0608516743735643
4023,pre,1254,0.09412812866390285,0.556067100609978,1.2107370094548267
4024,post,1250,0.333926244786082,0.29811360838898016,0.7382545839611352
4024,pre,2275,0.3429516663739026,0.3298758718281539,0.6684957438709241
4025,pre,2093,0.20590485281454107,0.23494555064115064,0.6186401279187757
4026,post,1193,0.3808935826344435,0.5300340856767222,1.1911568866344326
4026,pre,2637,0.47304933485784706,0.6130154145063873,1.0785164448602715
4027,post,2969,-0.9437799035620495,-0.04689937481072359,1.8637246425952168
4027,pre,2581,0.23544785644318877,0.5512675324805695,1.319691210797281
4028,post,2990,0.2945964198053521,0.5930131740602682,1.2816911937149442
4028,pre,3834,-0.0787375328276132,0.3035116237171952,1.5519044844646408
4029,post,2606,0.32721408034422605,0.5572798427439553,1.2391717916256786
4029,pre,1927,0.16145274290213885,0.4314912563081895,1.3588890443489972
4030,post,5047,0.31247622678299924,0.2519532072865892,0.8046265232182621
4030,pre,6764,0.27825528112228526,0.23521033819367532,0.723338792671622
4031,pre,2710,0.13628628322310699,0.18199192906758543,0.6189242626833703
4032,post,3,-0.060230246953202116,-0.06548922156447201,0.5261850490991506
4032,pre,94,-0.6113885002820576,-0.43599615213581844,2.1453385123833435
4033,post,48,0.8113384800102821,0.8382067804076437,1.1357484308196668
4033,pre,689,-0.015006212615847225,0.2786848282039739,1.5005545533440805
4034,post,1625,-1.8815275079497589,-1.3643107595399604,3.2848256911375167
4034,pre,1044,-1.9164781960941455,-0.8175611868088384,2.7155541994604784
4035,post,1324,-0.6355645725720798,0.3042927505386106,0.7459126280230427
4035,pre,1711,-0.2019908899745797,0.4327972937675596,0.7538306054878262
4036,post,253,0.46912700496568127,0.40167171116154243,0.6880086149466375
4036,pre,3988,0.38247956493621604,0.48468460359631904,0.7371337489133483
4037,post,465,-3.4433572666835186,-2.537021058746049,4.407422202770794
4037,pre,195,-6.263612161188932,-2.338890322895954,4.122904131352024
4038,post,7,-40.73986217226932,-4.990274505707201,5.90272385087487
4038,pre,367,0.09279762417570447,0.38960622691678537,0.9212763030854705
4039,post,23,-39.56791388332505,-4.894279039757776,5.664992089092447
4039,pre,218,-6.9077568972243455,-1.093904687405172,2.0138999612035065
4040,post,19,-13.516550404982086,-4.610240204879502,6.264597139856827
4040,pre,274,-1.7948012885399178,-0.3578005885380038,2.0031780169024738
4041,post,4209,0.5158034675408646,0.6059623411919247,1.1175016709413559
4041,pre,2859,0.36599328063962844,0.4192066643418363,1.3385985469873458
4042,post,1471,-7.256998054376362,-1.2498639572223125,3.136721709966753
4042,pre,895,-1.8078658283676372,-0.7352929767219973,2.5442493997341344
4043,post,772,0.30888374799613794,0.3631580012491774,1.0364359048222598
4043,pre,718,-0.020565375431274013,-0.21518490711348504,0.556044355118463
4044,post,1293,-1.7910410712528884,-1.6648473667468466,3.5216946586831352
4044,pre,1347,-1.7235150928966405,-1.1082003090261838,2.9830586623641775
4045,post,675,0.30378300833665217,0.4932283659553084,1.1460317633273518
4045,pre,749,-0.44050929702064345,0.3863925999875959,0.8766735828591536
4046,post,702,-1.358951369888238,-0.3966538300646041,1.965128368214493
4046,pre,711,-1.0482547472206338,0.10363644536984618,1.463580488074217
4047,post,3767,0.38284845823001734,0.49753289702183423,1.2019416086448846
4047,pre,3271,0.25431997008715035,0.3742681643181519,1.0339609636293392
4048,post,482,-0.9432858630100573,-0.3898827976799113,2.1201144307734783
4048,pre,1753,0.15138009890079518,0.34759559734981915,1.5040939168704253
4049,post,42,-50.27458078880173,-8.389763666719551,8.31533003962556
4049,pre,1132,-0.16666222097172345,0.022865155677407434,0.8365615510243999
4050,post,1235,0.46523575536938455,0.3921000890320605,0.6849938984357206
4050,pre,691,0.3889667185342043,0.3330961775267187,0.8514862912351702
4051,post,88,-8.649577667115137,-2.7254773749024555,3.950461804412224
4051,pre,1903,0.11824980756946935,0.3919217279037759,0.8805564269910363
4052,post,1684,-0.9561613381772969,-1.1101724895623541,2.9849008591110437
4052,pre,780,-5.787377989880001,-4.179632080235649,5.9616403181037345
4053,post,3122,-0.12810493219857122,0.10668906711246262,0.5092690355454373
4053,pre,2343,-0.14401565699601293,0.04069113169652272,0.485966230494843
4054,post,3225,0.41487552992831744,0.7010782950574812,1.036786871356835
4054,pre,2003,0.3860071596295278,0.49828264754219265,0.8936366770959944
4055,post,1573,0.25710635293608286,0.3586899316751232,0.587241610371521
4055,pre,710,0.6027519545209572,0.6139686252923611,0.6894363203507697
4056,post,3294,0.22992115015867787,-0.011062595485621607,0.3242591097125801
4056,pre,4063,0.045428957959672944,-0.1980741260359633,0.24327925662236957
4057,post,4345,0.32996689675549484,0.21997727727252547,0.5400886050291362
4057,pre,4672,0.07155583974958735,-0.08348032387820381,0.4853766696027195
4058,post,2299,-0.07806582770752435,-0.21653002722211112,0.23188798261596483
4058,pre,1830,-0.3975177054926857,-0.31645614635616304,0.18207865223324377
4059,post,4132,0.439440762509416,0.583487690295694,1.1511216873751238
4059,pre,3720,0.17746871241497786,0.23196762219071,0.9990292856971721
4060,post,3668,0.5876960091861099,0.5409410701388111,1.3260239430973897
4060,pre,3359,0.49134950835727886,0.43726592807442644,1.1664592937297011
4061,post,4617,0.30841289429628116,0.3099739779293157,0.8088970147205842
4061,pre,4081,0.17243687933173235,0.1573500599207419,0.7625727942318464
4062,post,4997,0.2804917755724593,0.03640856704152917,1.8684427195679942
4062,pre,4611,0.028346339139959653,0.05533163639692351,1.7343016538213538
4063,post,238,0.09325772251511522,0.3275798273345014,0.4459172858154275
4063,pre,2507,0.1884724835314211,0.2819604386881416,0.5578590067439436
4064,post,2738,0.06510886975559826,-0.9727773450137547,2.9418017466772692
4064,pre,2730,-0.8045450175516331,-0.7191965598753671,2.57174630406931
4065,post,2169,0.15338922412453249,-0.19018809423432215,0.1674334617013949
4065,pre,2558,-0.027924133186063127,-0.21521443636279325,0.13756438221977682
4066,post,5267,0.16687544241363028,0.1348701242463164,0.6218088667268271
4066,pre,5151,0.14175444336802434,0.14703832518779014,0.6333844577144281
4067,post,3746,0.12246670688835326,0.006489104992867145,0.505729300227454
4067,pre,3933,0.09162223635375255,-0.10309590641140765,0.4664260807455534
4068,post,32,-8.44980597692721,-7.7779413467982135,9.674906387564207
4068,pre,639,-0.0816829948626896,-2.3066517427660447,4.283987967308619
4069,pre,510,-0.6632877216056405,-0.3009555191442961,0.2965799576315026
4070,post,1477,-181.05653410206037,-34.611804996463384,35.99852001898019
4070,pre,551,-48796.01927561203,-174.30645289799688,123.63713426453585
4071,post,1696,-2.2905670167898804,-0.6802396969245288,0.012998469631192916
4071,pre,743,-1.1170225091235455,-0.6197290594056648,0.04453879530400994
4073,post,41,-41.76829710626312,-8.82296494865403,9.81855375147706
4073,pre,1721,-18.601049339066336,-8.06918743068108,9.537647926097403
4074,post,23,0.27689661745469163,0.3771031506928616,0.6077724620788058
4074,pre,459,0.40005379560382937,0.7055440588643775,1.0561873295945048
4075,post,3043,-0.23182202278689346,-0.1598518264120583,2.0399445666460996
4075,pre,1881,0.2984129205595384,0.21141482482580887,1.6953837570288088
4076,post,387,-27.65867950476851,-6.439200298835749,7.707690747039487
4076,pre,1840,-5.9193326358458,-3.095863304841372,4.816803736617165
4077,post,3837,0.3867263075691928,0.2956267235961262,0.6593681237344939
4077,pre,3166,0.036413787053803603,0.3946485825321119,0.7943933098313963
4078,pre,4176,-0.08117750551034209,-0.03954841990472446,0.45356448555991485
4079,post,378,-1.1470485561994157,-0.42030304212240077,2.3049043682577484
4079,pre,4171,-0.3592817400195476,0.31589828669010767,1.2819228589413765
4080,pre,1319,-14.573204952238475,-2.519612132509852,3.3386556763837194
4081,pre,1261,-2.576688132130309,-0.35895615293983063,1.90726937774613
4082,post,3805,0.2507025953579768,0.40027339829641917,1.3299631507327812
4082,pre,3663,0.09327266179233884,0.2690971524691116,1.523173700429648
4083,post,1863,0.25971987858662826,0.5859102489885877,0.9850044502697671
4083,pre,1648,0.14190175093081092,0.3463448932478528,0.8726080449444217
4084,post,710,0.05612537425302455,-0.06690556058000552,0.3244390578950713
4084,pre,3245,0.05071319119197082,-0.06878512356964372,0.36581728178634354
4085,post,2648,-1.2526190978130485,-0.4695161371758403,2.2393251013762634
4085,pre,3046,-0.16234434027339106,0.06343298020068788,1.6132670763149497
4086,pre,1999,-0.27480151395730257,0.2515663155170371,0.7881746620837321
4087,post,4245,0.06815539046276597,-0.1393633863927224,0.5437946742702837
4087,pre,4971,0.0862962589207138,-0.011258166701503924,0.6155425266294603
4088,post,1396,-2.489212824627786,-1.2468823544977279,2.956249700381128
4088,pre,1131,-2.2052515451133186,-1.0907274387085155,2.842093130649691
4089,post,2273,0.328539362924369,0.5433922926071548,1.2044067121022617
4089,pre,2025,-0.6414685180766295,0.051299939984173815,1.5190842040149204
4091,post,3594,-0.8157883784570414,-0.14467960539307967,1.9841239188687632
4091,pre,2005,-1.249298430222741,-0.5630703644048278,2.395172628897416
4092,post,3822,0.183819946117858,0.09706918853642232,0.40133018138319404
4092,pre,4770,0.12551215444307284,0.13396546107298446,0.49106210004400336
4093,post,3584,0.5279960036285212,0.5757193792028135,1.1236798714578389
4093,pre,5103,0.26821677660480303,0.39075718610376675,1.1429511544075575
4094,post,2255,-0.10309486321065142,-0.12265002873303765,2.036579753195421
4094,pre,1267,-2.1088750667638863,-1.1113315601824465,2.8957998033140795
4095,post,3392,-0.18046171823170054,0.19255709089285356,1.6634495359878716
4095,pre,2580,-1.0700072121899864,-0.2985908899062759,2.0270870773146106
4096,post,3347,0.4379502972526996,0.40788255907568716,0.6972561565565226
4096,pre,5328,0.3691440749667133,0.40372115788118557,0.7300632053010309
4097,post,2246,0.402237942408341,0.3587815632823792,0.6757569056542563
4097,pre,4223,0.3898562587985066,0.37131448169592207,0.7416286014645765
4098,post,967,0.22865087791707683,0.528200763014187,1.1188337338084955
4098,pre,3696,0.15115431414064429,0.3762706087762656,0.943750263217677
4099,post,2896,0.3225569393739416,0.4818842742892274,1.4347731117807558
4099,pre,3122,-0.6159185283761226,0.2896726653451204,1.3764015626432398
4100,post,2165,-0.01669766057455413,-0.25122789920059363,0.29713167887746944
4100,pre,1495,0.22885358461855754,0.35368093324478245,0.777018326156045
4101,post,4264,0.4531097070305119,0.5132777717096326,0.8880881647968986
4101,pre,4403,0.535940725038301,0.5875573099330857,1.018172140930772
4102,post,2066,0.505680899415499,0.5676166207607305,0.818411631639142
4102,pre,4161,0.4628059598942377,0.5790705336009937,0.8419280449877001
4103,post,2142,-1.7242041457198307,-0.2247771777065226,1.9106620237498921
4103,pre,2092,0.1955593177413999,0.4851625918066238,1.3525939818118744
4104,pre,191,-0.9030936791632007,-0.10910790761882905,0.29876050560320755
4105,pre,33,-1.1458849905977697,-0.06947469556324637,1.2308297337810252
4106,post,2187,0.4804382081880588,0.6381344217794134,0.9133034870161145
4106,pre,2850,0.1362440632589632,0.4173233048374172,0.7601380926044105
4108,post,2543,0.5767734279258238,0.7454190074269365,1.1193414677769729
4108,pre,3605,0.18997018030104607,0.4062897375608797,1.4880371498045093
4109,post,3136,0.28939376820681406,0.2926474920430904,0.6662541741443434
4109,pre,3977,0.24501516194830886,0.1840716343737966,0.6609049490750655
4110,post,3035,-0.8290657869739979,-0.07250112381868457,1.7408473335363501
4110,pre,3609,-0.4486605769559022,0.0314338185241585,1.768570756327545
4111,post,3215,0.4836866353997069,0.5136751984789116,1.1020528418345805
4111,pre,4197,0.39030455115575113,0.5563722877180537,1.1782278902956893
4112,post,1471,-0.28033966343963557,0.11580775940008492,1.4864315369756524
4112,pre,1779,0.27175447402207376,0.47550995649283545,1.2297901265836848
4113,post,283,-10.693607697190586,-2.6924806877303324,3.852089017236681
4113,pre,1662,0.19512429893518413,0.5633066564548654,1.1113590685826589
4114,post,1092,0.10367838735773405,0.4353824201905818,1.3787008462603425
4114,pre,973,-0.5621560808418264,-0.3568659963008498,2.0022721714893668
4115,post,2951,0.2850599171664283,0.20130647340416918,0.6447610793283984
4115,pre,4186,0.30415274685290106,0.4880012744192883,0.8092078649440252
4116,post,3479,0.446038469137657,0.46464759967499525,0.7020547333413775
4116,pre,2368,0.5827104742536994,0.6347855973047996,0.8076966944235988
4117,post,2915,0.20035918664112595,0.3064671217634679,0.5942231103644295
4117,pre,2195,0.24551335907396565,0.5787727878675487,0.8278363582687487
4118,post,2760,0.2958269864258867,0.31643663177976145,0.7157615059767815
4118,pre,2115,0.5082256540203568,0.5637040189890958,0.8735416872028596
4119,post,3992,0.4047045988142606,0.45250835410962387,0.9117800765549343
4119,pre,3629,0.29404145730431863,0.3788018295510065,1.1840199459090657
4120,post,4114,-0.11145175589675271,0.17008115172457183,1.7151550331273717
4120,pre,3486,-0.31465081169179765,0.09598378337190183,1.7571325260299717
4121,post,3186,0.14943961769205683,0.10048151364709201,0.44439418361053085
4121,pre,3770,0.251606476481955,0.2436521929697788,0.5692146684789243
4122,post,3240,0.4221972396456537,0.42867912349871706,1.3008244548211447
4122,pre,1583,0.3912980105440579,0.5454214301497433,1.237628067928826
4123,post,2951,0.35868897464746163,0.562905800482632,1.0277052525030455
4123,pre,4578,-0.027684024212244474,0.4956159090133708,1.1680433798649223
4124,post,2021,-4.091519244398844,-1.276686708696615,3.0238217445013547
4124,pre,3534,-2.1357254523695186,-0.38694747989985756,2.095239766137541
4125,post,139,-0.43460073660107934,-0.36628655325926585,0.06702689343612056
4125,pre,3055,-0.2702303631229812,-0.5017121098172546,0.09279536207167534
4126,post,1446,0.20698540870996274,0.5488646785118104,1.230441804479351
4126,pre,2196,-2.623842462730651,-0.5596552557017485,1.9686784748257113
4127,pre,2156,-0.010574136155091951,0.3793879423791596,0.8608238568364736
4128,post,158,-0.10919133468102049,0.01563054242215256,1.3762049288314826
4128,pre,4487,0.11285891485989874,0.1866667292038171,0.9320468205082909
4129,post,2895,0.3560077048192729,0.49121166084408996,1.1504738196391253
4129,pre,3645,0.057653670162944204,0.3273521721347247,1.2491251040148887
4130,post,3547,0.3613288331388438,0.38615399821405205,1.5007655810073344
4130,pre,4620,-0.32791301328119205,-0.04303372307319253,1.911397158583233
4131,post,2752,0.28408149855385734,0.2000209993899732,0.6524276329878667
4131,pre,4709,0.17394457776908856,0.16434223337173637,0.6513928046209048
4132,post,3101,0.3193351618169442,0.4181818094685521,1.4002330468591135
4132,pre,3091,-0.0178774101042265,0.22097657035389562,1.5841430071559528
4133,post,1137,-0.584587059374956,0.05246654228386827,1.7609289622122442
4133,pre,1970,-0.30389852745897294,0.17181777290581068,1.6726687959896154
4134,post,880,0.21835242347963524,0.02315443814647078,1.9229523427585116
4134,pre,4685,0.11810411654611885,0.17295673950813784,0.6489697179460143
4135,post,2518,0.3990077527405138,0.48067598509022713,0.8140233484737278
4135,pre,2806,0.38335146217338256,0.4098215997143946,0.6915107527213881
4136,post,1099,-5.306032159385953,-1.969057120512041,3.5635862980691555
4136,pre,1582,-4.6553428979912885,-1.6412100098018527,3.154650636665047
4137,post,140,-0.5159031058903234,0.14106077959850094,1.7000829493076681
4137,pre,1295,0.31051411537075757,0.29999275421984983,0.838831729178651
4138,post,2605,-0.10827218305508346,-0.46989267781962685,2.1645183336761784
4138,pre,3186,-0.3275453678659559,-0.8904546904165347,2.6406698936959954
4139,post,201,-4.269949108456678,-1.6355809419273601,3.4819256311208844
4139,pre,686,-2.7148761991111465,-1.1619333685264919,3.012418949053959
4140,post,3600,0.5131926347088969,0.49431209295039946,0.8161958824237752
4140,pre,1793,0.5366609328994517,0.6044783420735238,0.8920699775213484
4141,pre,1456,0.2950021261755862,0.5480880582026266,1.2735258290792877
4142,pre,880,-1.0263685956909363,0.21678473234958495,0.9699040112436139
4143,post,3027,0.005898418546826156,-0.27065114808737945,0.6695757053706459
4143,pre,2544,0.2514292618809897,0.644070635365422,1.041947293406592
4144,post,2549,-9.900443693780293,-1.8537114940051422,2.317504806377034
4144,pre,2124,-4.3466483606056725,-0.8211555657304992,1.898654080851444
4145,post,215,0.07258091914805864,-0.21513091126147654,0.17972425122435962
4145,pre,3832,-0.06894175177993733,-0.3534727617250901,0.14979412054038108
4146,post,2020,0.2329979198107346,0.047897045563690344,0.5502791520955864
4146,pre,2448,0.021726407238815915,-0.1910485072179633,0.45772126037620825
4147,post,4964,0.16758377932918633,0.32554547624139074,0.6990159980630499
4147,pre,4401,0.01597562300137101,0.12708508805288987,0.6294067989532947
4148,post,3413,0.20803884146759732,0.12354616474000812,0.7536294355031498
4148,pre,3039,0.22951082310047022,0.12737139165702827,0.634953876372767
4149,post,2839,0.4245977568618009,0.4348923428990258,0.9305474650110145
4149,pre,3472,0.19437192176504703,0.19267337641761706,0.8113815280433823
4150,post,915,0.30578961420187856,0.19934001016541614,0.410086872151511
4150,pre,2091,0.11322019378837223,-0.0617448882085756,0.37739567693000614
4151,post,199,-0.368115798529846,0.27129336689685113,1.4133400760448427
4151,pre,3052,-0.15008992194781623,0.38354919332087367,1.3312968205954943
4152,pre,277,-63.360662268121246,-6.78626635127287,7.269977577096322
4153,post,2635,0.23218101288606574,0.4128644213828534,0.7936895542684022
4153,pre,2286,-0.05701034215640943,-0.0017349590009256843,1.1582536534226504
4154,post,871,0.36230398505487593,0.19185750119382772,0.5790801185694445
4154,pre,831,0.25001058882441674,0.09324465490665124,0.4341649212021399
4155,post,2269,0.44362377205234116,0.6931649424292483,1.161457500178142
4155,pre,4396,0.12394701166625044,0.4004376603563009,1.1222092954635294
4156,post,2442,-1.0193293045575595,-0.25861684813822783,2.1334860039856083
4156,pre,1952,-1.9691803752415398,-0.841523357995327,2.7489433589295107
4157,post,2849,0.024413673609697373,0.03775477094871671,0.4074474118333732
4157,pre,2772,-0.10291513638873528,0.03543455326570066,0.4303970309523174
4158,post,3707,0.2377013859503354,0.2015136971052749,0.5375680078174814
4158,pre,3935,0.1280354453182363,0.11495040258576839,0.5420081616701246
4159,post,536,-0.23891384489189593,0.011993150802705244,0.9845997146544323
4159,pre,389,-4.184791880392049,-3.0023041587027848,4.748846476424389
4160,post,2095,-0.2558035103452152,0.4508796675816332,1.093282204423905
4160,pre,2119,-0.662802765181264,0.20090549089589138,1.374659653873208
4161,post,1471,0.4384231588977868,0.5042223419162805,1.139425989484929
4161,pre,4803,0.23744386315531063,0.505333690992886,1.366969256517125
4162,post,1818,-5.086450711385211,-1.6758542557236167,3.159612094794675
4162,pre,3251,-4.388236534827554,-1.2298786788690417,2.671824553408034
4163,post,1722,-6.216675597627501,-1.196115133931344,2.2634990484651736
4163,pre,3423,-13.130399133493201,-2.1182859865549535,2.347235982368573
4164,post,2075,-0.09591110167637695,0.3129310455982458,0.7804192127915395
4164,pre,2013,-0.4565421089618562,0.327103783354015,1.0290311120438917
4165,post,1606,0.34925364520244917,0.16678803587281177,0.45616220134304086
4165,pre,695,0.35078491697694647,0.43345617072832054,0.7855274230485983
4166,post,2150,0.42881424319689565,0.473779021726774,0.6947186892523514
4166,pre,1079,0.13459648140091762,0.07523990176674067,0.5726959865520344
4167,post,1310,0.15335340276041742,0.0983525000128268,0.5657105266265511
4167,pre,836,0.12118817485046796,0.1084242030540774,0.5840710274820572
4168,post,616,-0.5820677022782292,-0.029750791809816546,1.1374458315858362
4168,pre,1179,-0.4268736851853083,-1.1684449411845925,3.0732383932427076
4169,post,11,-7.17090739078324,-1.5670322448972045,2.8640509075983562
4169,pre,1022,-1.0295205670113283,0.12142020390158736,1.4355870275193254
4170,post,987,0.09849658148079077,0.5383253339950027,1.2299879312111799
4170,pre,1121,-0.4537199111195074,0.11997255807569085,1.6886307398050135
4171,post,2122,0.09790309859851942,0.2239323637067553,1.6878004511298597
4171,pre,2008,-0.2865232232527102,-0.2600164751174332,2.1885934323001344
4172,post,722,0.01850188021862187,0.41158045284333655,1.45943398028107
4172,pre,451,-0.4681622824447482,0.3242535684199208,1.3990703360825658
4173,post,621,-3.260320731963625,-0.4972427099044783,1.6776302571429582
4173,pre,593,-1.2445377391805121,0.014349334517356205,1.5049240478289476
4174,post,999,0.14092913962749065,0.12361073737118689,0.7577176586769964
4174,pre,579,0.38358249179391446,0.4965886935291869,1.03931528005238
4175,post,3024,0.31312339249645993,0.31770737038592,0.6921761620085736
4175,pre,4286,0.09349348795258006,0.20199047728129893,0.743375589277764
4176,post,3982,-2.3128919272935358,-0.860345527138543,2.7638538025630135
4176,pre,4139,-6.936943609556358,-1.343282782110422,3.0951428020460123
4177,post,703,-0.551872686467771,0.208450953851267,0.8607776084237929
4177,pre,40,-9.937685700786432,-2.8379696974970976,4.555154230486342
4178,post,935,-66.07839220220161,-11.940956252135548,12.192942324440214
4178,pre,404,-11.16190742745876,-5.743976157692114,7.38503992413043
4179,post,3563,0.39078543802979115,0.5660274606349879,1.3658644010088608
4179,pre,3278,0.04730827068171228,0.5085403040057423,1.3168501092744171
4180,post,3142,0.0358025069575032,0.23717100381070366,1.6777809482666095
4180,pre,3396,-1.0970485222402528,0.008257632055052921,1.6588333704650668
4181,post,838,0.44852429914106484,0.4600378293572306,0.9485458564974223
4181,pre,3748,0.14605041663518836,0.2574347554191737,0.7057865501635
4182,post,2476,-2.1623706211397162,-0.6465820966498788,2.546073490004267
4182,pre,2767,-0.49881746332590615,-0.45007045511456334,2.1860473426422935
4183,post,2782,0.5332336867656088,0.5959519293243517,0.9741755303486318
4183,pre,2711,0.1931321924484095,0.5374182600928645,1.2138066785983932
4184,post,151,0.44341329320250833,0.37938132393877766,0.8277852086100355
4184,pre,2404,0.4894876859373505,0.46279198028087165,0.8926555901558372
4185,post,74,0.3066361836806488,0.4944436988462897,1.1471962382880843
4185,pre,1928,0.34178703008186606,0.6397458587503944,1.2078035182423728
4186,post,122,0.2617493343880959,0.1622980444826222,0.6590972130420923
4186,pre,2666,0.5538005617841679,0.6414031350099023,1.153613555544041
4187,post,49,0.4004046086708214,0.6172824504377914,0.9748004034681506
4187,pre,924,-1.2311155438087367,-0.014366173333743681,1.8243220280129175
4188,post,2823,-2.357171500999733,-0.4595548331085484,2.1249072367207025
4188,pre,3209,-0.737875100713534,0.18306143205210124,1.4523005907081041
4189,post,2718,-1.4672692424895217,-0.34615443735161233,2.0500932686050226
4189,pre,2512,-1.572174777003152,-0.2547673168616955,2.041736929146001
4190,post,65,0.3758280529567485,0.5507768615844181,0.9286488908176804
4190,pre,2103,0.08793056440624092,0.5683436295475852,1.1225259108560226
4191,post,3198,0.2585803519096037,0.5156728716141075,0.8548384484780582
4191,pre,3882,0.17298192975247095,0.46489960315345713,0.9305292203178855
4192,post,1106,0.07338287160202261,0.3323764174009577,1.5679809657726058
4192,pre,3694,-0.7652130459881128,0.13443767850803323,1.5804721404079285
4193,post,3169,0.5898941017403407,0.6082938665835513,0.7957667258639485
4193,pre,3698,0.2809621418284649,0.6286307392517554,1.0472764587936305
4194,post,2445,0.06762113680518711,0.3421856033844727,1.6074947827830588
4194,pre,2079,-2.336534031530097,-0.3343409374663395,2.164722147940361
4195,post,89,-0.5028368418140177,0.22728218291449054,0.4648764048853089
4195,pre,2076,-0.7728893484793966,0.27107077141968405,0.7572090311510721
4196,post,2958,-0.06343516121062431,0.04150903660975325,0.3854310734911301
4196,pre,3759,-0.31118438541471205,0.012284497792926952,0.4104659090729474
4197,post,3695,0.14420962807137094,-0.07624035759101067,0.4978734939013709
4197,pre,2026,0.42140937111721377,0.4769909920424893,0.8456155090606702
4198,post,3394,0.47182587592609426,0.3541102174473032,1.5575304414146858
4198,pre,3003,-0.5783366450350762,-0.07409027745517327,1.8791244467559718
4199,post,56,-0.2448375643279137,0.315119682469289,1.5667968031501514
4199,pre,1513,-1.3865316850837366,-0.016396636229454975,1.6680423980514656
4200,post,3488,0.11467908571512309,0.501467062271741,1.3385071721928032
4200,pre,4689,0.09367815280968739,0.5395571791633076,1.2290139166512026
4201,post,1866,-1.2177125710259271,-0.22061711661142125,1.9391939632576234
4201,pre,3228,-0.1302162883542246,0.35185487282694705,0.716249076837562
4202,post,53,-0.09844402406885777,0.1318575122281772,0.9736149821409049
4202,pre,3665,-0.00878325402397473,0.3402333805303973,1.0621021103365624
4203,post,3542,0.45431320241261863,0.46728807952912066,0.6997712207419602
4203,pre,4646,0.1735507255619222,0.40693220788352513,0.6694588560646694
4204,post,423,0.03132894169767886,-0.22045216455146122,0.696752975706765
4204,pre,918,0.05112879878285659,-0.07604360131726118,0.8977956406831892
4205,post,296,0.3219700588194403,0.3932575159436634,0.6484649203281844
4205,pre,3620,0.5161476635127988,0.628225422483787,0.6975607514415684
4206,post,360,0.0450384303417245,0.01667743600343441,0.4560818106102013
4206,pre,1502,-0.01480339690397936,-0.2952692905201353,0.2862593869172402
4207,post,1336,-7.378024084555189,-1.051994425902096,2.827009545537876
4207,pre,1584,-54.338180328803595,-1.5854540518284774,3.182703178160732
4208,post,1264,0.20509653215604773,0.5589935363508551,1.374411843786237
4208,pre,2136,-0.22559843981214156,0.48018091678035235,1.4643682092652064
4209,post,174,-4.473978658493462,-0.6039524994306962,1.0209755657669697
4209,pre,734,-7.752136258798425,-0.008623602680385423,1.5115237396919468
4210,post,390,-0.3028188684964497,-0.03756520695770038,0.4294177382760589
4210,pre,1239,-0.04542739190387568,-0.145530167978005,0.46800845327358426
4211,pre,785,-4.037186838374608,-1.4544124654729016,2.9513372322159794
4212,pre,1352,-50.61620731343593,-9.779715192987924,10.217281910169502
4213,pre,765,0.1271170134781371,-0.03264356192555251,0.47336121364319944
4214,pre,1944,-1.3675686546959147,-0.6089399919201126,2.3683467164845844
4215,pre,2071,0.2943965802187176,0.35839155367198416,0.9807631483435206
4216,pre,2955,-0.23254726634630396,0.3524894253719334,1.3444390512180067
4217,pre,1563,-0.2502156739882435,0.33447193855613877,1.3739528566563608
4218,pre,1237,0.5397343111430997,0.6964628877942798,1.154750926564589
4219,pre,573,0.07512487054483075,0.12818423752117525,1.2868900526195404
4220,pre,1413,0.3706642156539429,0.5938309168407787,1.0452843389591062
4221,pre,1061,0.22454068703817776,0.21099834443239718,0.7088971897363192
4222,pre,3026,0.36758677561899433,0.5360874416331103,0.7745443121786789
4223,pre,1315,0.5263894912059341,0.4347711881514379,0.7892901858900718
4224,pre,547,0.3532594463748415,0.4746118611216841,1.3782308055691814
4225,pre,725,-0.015057036303238736,-0.32177024299082824,0.7058378406411944
4226,pre,1342,0.018580159707280663,-0.043745428086105154,0.43558893626106415
4227,pre,1994,-34.31806468680471,-6.357532063854597,7.680978092110965
4228,pre,1237,-0.16135597407901314,0.02024244343398618,0.3841993008330358
4229,pre,814,-20.20843302822201,-5.483046030745458,6.867574095835694
4230,pre,1575,-1.2211585081744065,-0.10660224307671018,2.0320950518861274
4231,pre,786,0.15247884188492666,0.08877321458024567,0.4073862432083082
4232,pre,480,-17.234285088196764,-3.1098106389890576,4.3170280808337225
4233,pre,1806,0.05979052625700698,-0.11177783018898713,0.5391447838177057
4234,pre,1723,-0.510784435716241,-0.16189569591401742,1.9443149911144124
4235,pre,2735,0.4789446423814844,0.6758374609702229,0.9165884231557689
4236,pre,2453,0.36638336802467364,0.5920795290687793,0.7902118141297005
4237,pre,2831,0.19945106306582816,0.22428568649460146,0.4468335565666729
4238,pre,1217,0.18993212917758928,0.3666260092421686,1.5365292757106042
4239,pre,949,0.25582038012808916,0.6189398393508465,1.1430036330707225
4240,pre,1456,0.25020144656203824,0.364918292489549,0.6929694784909607
4241,pre,1009,0.08353116154934126,0.3577135511494025,1.498098864645137
4242,pre,835,-20.541753444462916,-5.205463168381097,6.34891368489136
4243,pre,706,0.035793906694818745,-0.2478319598609675,1.8575869753580105
4244,pre,1736,0.10073975006460767,0.4143612933370451,1.4293039880034066
4245,pre,2838,0.11676834866193586,-0.042691003923591486,0.2929441564201203
1,all,574,-6.5669791369453465,-1.1938760684642493,3.0694279075648154
2,all,4991,-0.1463255796669256,0.3705425417382181,0.7528138367771678
3,all,5896,0.2014471315233478,0.4381374317723893,1.0101684261242605
4,all,3751,-1.216380338111592,-0.16834764898271581,1.9547291417573402
5,all,2965,-41.95844101187213,-4.803740751437103,6.160329976933528
6,all,3443,-1.7042934571792916,-0.36760790148924305,2.2368333644255163
7,all,3100,0.1614748119328474,0.3465347344547016,0.7670999940075456
8,all,5982,-0.43196470790294783,0.3479062632297827,0.5876324867882387
9,all,2115,-0.4569543396403182,-0.02410588426691529,0.38012015790905723
10,all,4289,-4.797530192668347,-0.33957732071935376,2.2348575117919354
11,all,4164,0.35723013204947396,0.3600781871039518,1.2250170148822976
12,all,2960,0.32990014276449664,0.37586367326684755,0.8483267263066326
13,all,3485,-0.7011543742082782,-0.4167631850549318,2.2276312056011496
14,all,3410,0.5162283623542239,0.575806761399734,1.1679757476860113
15,all,6936,0.317120085367087,0.008968086980452039,0.34285874867831934
16,all,4869,0.3824318810299392,0.263610343679338,0.6147150878205768
17,all,5049,0.5767616993863278,0.673002328035863,0.9055250930352546
18,all,5180,0.36625458616218143,0.28317393823338766,0.6474309559939633
19,all,5881,0.6133926605398818,0.7115861386363143,1.2157201198023797
20,all,3972,0.5363202046140216,0.6196191006061326,0.7151188239297243
21,all,4436,0.2069575250404203,0.4937073125831788,1.2117922224726467
22,all,5022,-0.02613212631555939,-0.4978287327909927,0.06419231862697301
23,all,4942,-0.06822908083787937,-0.7452844349723053,2.203976637732337
24,all,374,0.3003158115165975,0.3139626838185233,0.48375201930692746
25,all,8609,-3.682175626603942,-1.1369674124304914,2.5963309934455703
26,all,7378,0.5767163029886003,0.7447579983378827,1.16448718904813
27,all,3056,-7.962680684740793,-3.6505479577727895,5.221820893591724
28,all,10317,0.4042127949521368,0.7094239607918714,1.0231692871419602
29,all,8124,-0.6214150855335252,-0.05923459652931706,1.7560396728962402
30,all,10402,0.6168944413347742,0.760039556853231,1.0819120960054722
31,all,9272,0.48841708125234895,0.6163573463995151,1.3103408301271247
32,all,10653,0.4765410227024841,0.49268549431270525,0.7101952858042172
33,all,7137,0.5216507455387964,0.6848741064503401,1.1974038483685523
34,all,7326,0.4841194520398002,0.7467937308259618,0.9739956072868283
35,all,4653,0.5982170927320744,0.7896464539513813,0.9243062528070414
36,all,6595,0.4405765748116356,0.7298469160324926,1.0317670573608477
37,all,5499,0.21172744567996538,0.4558309045639861,1.3316505655292066
38,all,9168,0.5436245681416381,0.5328338901691627,0.6708953515816896
39,all,7899,0.594728333876503,0.7730892018781431,0.8872671236597408
40,all,7039,0.2801458106125815,0.48541026236600693,1.2925682319081968
41,all,7932,0.6275892731035357,0.7205190944408395,0.9223895169459372
42,all,7337,0.46011914790581376,0.6595562682687163,0.8335814627252531
43,all,8843,0.6313580314778597,0.7758034919535026,0.9729186426617807
44,all,6126,0.5811529264131545,0.7407340212781206,0.8345534646808789
45,all,5668,0.5559941132758964,0.7201762859759102,0.9744235996795011
46,all,8112,0.09667895244038827,0.36167064819445827,1.481513129416629
47,all,5845,-9.866797885122699,-1.2842204626929403,2.622748967340603
48,all,5840,0.35018180793374676,0.3624896706635602,0.5605668996143436
49,all,6762,0.40801080139849344,0.5874090216441596,1.1944475855437235
50,all,5793,0.41252315125352335,0.6912445039185383,1.081683103448588
51,all,9394,0.535992127485863,0.7033618321744279,1.1630479308141044
52,all,7447,0.6263435501967699,0.6959546699003203,0.8706609557814102
53,all,5220,-0.4797351061690551,0.3127768317156646,1.194145212050249
54,all,7148,0.5290871566044004,0.6753011669164324,1.1918894732996907
55,all,4318,0.3725882165172777,0.5290159544467561,0.6765905587469652
56,all,5542,-1.4447334955418758,-1.2966727567896692,3.1357089951654022
57,all,4177,-0.3431805156107459,0.13558212921640567,1.6623610608650419
58,all,5769,-1.0405427356609493,-0.5692761658289447,2.4135754549221535
59,all,5847,0.6295555338437925,0.7088022335067925,0.9043179764123973
60,all,5995,0.5103588722121335,0.43515303522331117,0.6373161638132905
61,all,5564,0.09480331203846237,0.15354044643125608,1.7595449124574953
62,all,6627,0.22604137369434074,0.24642045709451144,0.5921894285107432
63,all,4981,0.5536026160126652,0.5776915086368395,0.8894860461675297
64,all,4429,-0.1662036887845677,0.33676623461280597,1.4192577177901984
65,all,1650,0.06701557157280091,0.29537806338184713,0.9439595003388178
66,all,6647,-0.6487393846998797,0.16306861386688976,1.4986523386072184
67,all,5092,-0.6558240078349205,0.17924077914854386,1.491190763948107
68,all,4215,0.13360758539733464,0.3590393303348556,0.6982406628295921
69,all,4321,-0.38357185820599016,0.058948967453660295,1.746816092068203
70,all,5854,-0.0353582387699658,0.2391169509995812,0.7396133270130515
71,all,5353,-5.624829427679489,-2.143280570829628,3.560212743353186
72,all,5437,0.04941130881597433,0.4634106578615418,1.3325168140911225
73,all,9868,0.3862043021728232,0.3456011845762572,0.5327314275410217
74,all,8157,-1.0351957174883255,-0.1702930378620835,1.9428747993340012
75,all,8329,0.3897545412193656,0.32123611060530743,0.622410382891149
76,all,8221,0.4440916913982771,0.3687087882956074,0.5930721500276087
77,all,7950,0.049623652205087354,-0.08320398601186829,2.0201037732236906
78,all,7481,0.1859271072616856,0.2801114140853841,1.628515672130604
79,all,5892,0.41852078364404166,0.5835594372169202,1.2544451402736683
80,all,9850,0.3930082578024445,0.5779231905219839,0.932354725678298
81,all,6976,0.23176053278935538,0.6185361584117746,1.1289971726674393
82,all,8955,0.2972195057459357,0.6167483959086508,0.9287928349026177
83,all,6482,-0.6173359958091449,-0.26883605133004895,2.1066080642599228
84,all,1585,0.04838091265339073,-0.10914656023682157,0.37771162078919795
85,all,2942,0.009372559747280018,0.4687235754019855,0.8577486964518867
86,all,5590,-0.5812908938973336,0.14478262062898006,1.577316729455433
87,all,6426,0.14617308138130625,0.37090117298089054,0.8620215146545775
88,all,7039,0.15465419795347246,0.440038051166451,1.3484148617314116
89,all,6751,0.15896957029523806,0.5007913260616343,1.1488302355669522
90,all,8926,0.2391153506113073,0.4476766722403599,0.9585351572288968
91,all,3902,-0.0005405675532088594,-0.1956445461881624,0.322628393745497
92,all,4944,0.2617163486448165,0.29344217624688784,1.048422337722546
93,all,4747,0.2551299551483063,0.21316135841237904,0.8826896366049652
94,all,4141,0.1403659657269758,0.29889101770072257,1.5449637468735695
95,all,4043,0.3056486977428017,0.20463110941204987,1.711298365698184
96,all,3839,-0.004370527171327465,0.37833541594068176,1.156106495729653
97,all,5689,0.48519263001793245,0.5694147106394044,0.8380456659820377
98,all,5099,-0.08438372756698653,-0.2610785893255292,0.10147694366791438
99,all,5681,0.29162988013135394,0.39120154716430355,1.3462231204808672
100,all,3783,0.3662375871956596,0.49653117382853496,0.9900575298565514
101,all,5802,0.34087316961391845,0.4062628661519504,1.2402243857562323
102,all,4224,0.05901006275134102,-0.10619411371240628,1.9906463673549732
103,all,5713,0.0071470232170604,-0.031267960275337625,1.9243475356269502
104,all,5737,0.3939908155435873,0.38247166377825037,0.6312709618377587
105,all,6241,0.3463060761042097,0.45734919850827527,1.3426370541608637
106,all,7485,0.2759086351462511,0.2072055740332861,0.6187654707658201
107,all,5856,0.18019891278120737,0.08709634705882663,0.6333631065218026
108,all,5797,0.38581333326597345,0.3415276615955479,1.0973680179634298
109,all,7175,0.44109666751788323,0.37519562840742515,0.6449876339062905
110,all,6801,0.43371255766836214,0.27084637203355355,0.5488564068325146
111,all,8384,0.5039250125236381,0.560579222836557,1.0519981375220935
112,all,6299,0.3301303712197826,0.43220224103105587,0.9889764717909116
113,all,8849,0.4034145423392518,0.35121561504791476,0.831818566674851
114,all,6611,0.38817178339192615,0.39794499004892714,0.9332309546528935
115,all,7294,0.4457085199742721,0.4020007414337524,1.4133820676937812
116,all,6206,0.3400034648587953,0.32388738748586277,0.6916719188263661
117,all,5193,0.14596258281836294,0.31639120464994586,1.449332003175
118,all,4246,0.2285964724582219,0.1966309788990379,0.9113422770595068
119,all,3500,0.2499520869918962,0.2920986377654011,1.228937501445062
120,all,5988,0.3397258475010809,0.39214487937511644,0.9866584875649957
121,all,4357,0.2830977966786552,0.5089114573480447,0.8318680632958784
122,all,4609,0.35540098698493416,0.4228009713240105,1.1488165153644947
123,all,4637,0.19144704224828812,-0.03011812820789861,0.4839832548495992
124,all,5025,0.11857199919284611,-0.027097630789811422,0.564528322292959
125,all,4777,0.22466792431627836,0.10831160408627993,0.7310830420445162
126,all,5357,0.20455210564821202,0.1555892879085743,0.8190097755844306
127,all,2831,0.19383255815626188,0.2429092858918318,1.6369780377901915
128,all,4915,0.26965272682649566,0.23562554101722855,1.3331077944893022
129,all,7267,0.1855172295475993,0.46608544978261557,1.3520612905442098
130,all,3469,0.25038933339389124,0.23809989219710426,1.2766820700424504
131,all,8206,0.2203461041768877,0.03782661785629815,0.46983861100043334
132,all,5307,0.4883311804849204,0.5736418220981874,0.9676474420437995
133,all,5049,0.2625517013001353,0.35993174149106466,1.220654821499344
134,all,4869,0.546207609120346,0.6512313778007675,0.8252534741903557
135,all,6328,0.33380713223514724,0.5894892061673983,1.1441143449157356
136,all,5180,0.41219869266509357,0.4236434155037765,0.9868289900545623
137,all,6355,0.2978869059632361,0.3046868234723762,0.9953152745388415
138,all,6535,0.4149150600498772,0.4538160288494615,0.9140743177453386
139,all,3806,0.23959179805854858,0.17132326677177712,0.8074032148498533
140,all,6021,0.28959064577259075,0.1420547544345636,0.5338353939647743
141,all,4674,0.19895181235402404,0.11343512941393963,0.3842097046965339
142,all,2965,0.489276588740303,0.5778236551623017,1.168928793022407
143,all,4192,0.13745859752746137,0.5579395040149493,1.2112043841873223
144,all,2702,-0.106240137231981,0.2649505005152627,1.5558895651899847
145,all,4814,0.2271325008246633,0.35783123298875585,0.46632197468554304
146,all,7361,0.15605546409969495,-0.5363704293965375,2.493095191692674
147,all,9744,0.20287056644542822,0.45686785139581365,0.9927659575003608
148,all,8575,-0.2808984631559308,-0.02618820985923942,1.8652717222905777
149,all,7784,-1.5401944156810456,-1.1744377498573115,3.1050508646040433
150,all,7602,0.43916914768777615,0.4303817327410211,0.7750326757712901
151,all,6357,-0.8090008055939806,-0.5533684157824625,2.4050575021047593
152,all,8580,0.30561626001023723,0.4738825644792457,1.1370371045236836
153,all,5319,-1.0993779802879908,-1.8998284764352857,3.823884530496437
154,all,5412,0.15414666657451148,0.1352478087859177,0.45190220690994204
155,all,7343,0.4223153760223307,0.5561090355136975,0.8683610698348121
156,all,6986,0.29315243522265133,0.37602311164013746,1.052664161260599
157,all,10876,0.27707298914426304,0.18923631159777443,0.6348158863424087
158,all,6417,0.26342176641300175,0.43002409478338155,1.3134355417909984
159,all,9304,0.2977540462818413,0.22182685568998273,0.6123785850407504
160,all,5579,-0.7211819766496099,-0.7858410767953206,2.674679893343619
161,all,6695,0.40683801788399976,0.27753051663601846,0.5351800622459074
162,all,9056,0.322977290055804,0.2438687605877119,0.5973264726684059
163,all,7140,0.1671073986869237,0.0600110551761458,0.47020357022513676
164,all,6847,0.4122816988549536,0.5416306893351379,1.3002617456617271
165,all,9378,0.29804697192019924,0.6428769307605119,1.121597335149399
166,all,8850,-0.137992348584826,0.31913129192319045,1.487418957311471
167,all,8672,-1.4016021099204123,-0.5075598724368249,2.228283355565395
168,all,9317,0.3650494734083066,0.6950249361540217,1.03979405821897
169,all,7018,0.17543391657054508,0.6083445827681362,0.9625070947868987
170,all,6067,-0.07775609988385557,-0.318433206125492,2.2709674417678865
171,all,6272,-0.2356485098080463,0.0934387885186615,0.40136808850427813
172,all,5034,-0.4631621522705569,0.062287238888924845,1.7357425554697186
173,all,8280,0.45793070031790784,0.7001686811405747,1.1529565191662443
174,all,6960,-6.1748825881897424,-0.8066139565819477,2.4603208972634425
175,all,5317,-18.783414256338588,-1.4539619398820012,2.824271241048003
176,all,5773,0.09069662454300931,0.3909121793643723,1.3608520334832426
177,all,6849,0.042736683559955635,-0.08419810967685937,0.4074401538175116
178,all,7440,0.2027972910688457,0.5088052866403235,1.3201773829576733
179,all,6942,0.08008868496748134,0.4030076981677917,1.3493975728467589
180,all,4341,-3.067971840524012,-0.8735635031779221,2.3904433840629067
181,all,4858,-0.15027237120516634,-0.1085509065911281,1.9675457982049314
182,all,7199,0.30309952307924903,0.4068485635081761,0.7361974267770975
183,all,6824,0.4201046938370335,0.7022189185685093,1.1180781527579715
184,all,3508,-1.9600667695186043,-1.1287503142801798,2.9221628169664084
185,all,6310,-0.3525833256160409,0.10517061139122685,1.759631241438784
186,all,3021,-2.6535244868751873,-0.4636714879036834,1.848755731674283
187,all,2957,-385.379742518353,-24.334381481582888,21.788203688242028
188,all,7320,-0.1686177440288752,0.46833940451173883,1.0900607840974723
189,all,4023,-2.7312827968418945,-0.7857509400418774,2.278524695664245
191,all,4990,0.4839293651771486,0.6100476433622678,0.81601525097579
192,all,6042,0.20883246070408035,0.0542965284439092,0.313206644124602
193,all,5338,0.24855357423806934,0.31770319459705776,0.4497046000759612
194,all,6301,0.11168626640734214,0.422332739396601,1.2918331343357308
195,all,3938,-35.44114301608631,-7.143049228849517,7.769952826870837
196,all,4610,-8.23307642695795,-2.230923739681692,3.3050051065365107
197,all,5871,0.3943712690800001,0.27184023952244674,0.5955834208523676
198,all,3568,0.39350443240075095,0.4980735732188911,1.0203020112541776
199,all,3545,-1.1985376079875651,-1.6021403943747847,3.4944349272133746
200,all,6175,0.531198562966426,0.6621760503460971,1.0866000743727742
201,all,4903,-1.1753397392882325,-0.32337785667722696,1.9944083686136806
202,all,3145,0.31818725212322096,0.37685748453137125,1.4518152693259978
203,all,6582,0.3884348808055089,0.5059377991414433,1.1610540945295962
204,all,2319,0.3280715466099683,0.31485698598985845,0.8131506723118418
205,all,6611,0.486342691570652,0.6479918582870733,1.053340907222011
206,all,4476,0.4090857804973267,0.44288365710532684,0.8875809961338367
207,all,5271,0.3245097628206296,0.4648215012953223,1.2121542735251016
208,all,6348,0.06942799681375189,0.13157757147322902,0.36137276553304987
209,all,7424,0.3052484663853767,0.577744498677053,1.2793745680909638
210,all,6263,0.23235777967165694,0.27329691885266294,1.550217094819202
211,all,7519,0.1331828880756205,0.47826046052138815,1.2359190324377334
212,all,9709,-0.21451705352244432,0.36288909448988527,1.4406657274400068
214,all,9510,0.4812630070329741,0.6737932181902679,0.9149639044678212
215,all,8232,-0.02863137767214252,0.3850842712476016,1.3669371202000946
216,all,7652,0.09571007221584926,0.4468433834633856,1.3387638977037868
217,all,8567,0.4906965919133994,0.7037231628963854,1.0431726011593638
218,all,10749,0.44216389840148673,0.6901212105421541,1.1626662507519496
704,all,3886,-0.8388293638680624,0.19501569146952025,1.570681393550305
712,all,3215,0.3357039651141892,0.5109985103455292,1.355703035805492
715,all,3933,0.5495297932279333,0.6154820895433424,1.3165471618575546
717,all,4234,0.04846787328529811,0.4169557332424082,1.4062054344135335
719,all,4440,-0.5849137712752062,-0.08127630967557797,1.9041451908388118
720,all,1525,-1.8254541011870304,0.3709747284696939,1.4608857956252357
722,all,2845,0.253567340131334,0.30918926337418107,0.5126417457130095
723,all,2115,0.3783706010001059,0.43519490486609014,0.5972038961552522
729,all,1539,0.17721460359439667,0.46401987694917657,1.4237115730453553
732,all,3271,-0.020184033132446544,0.11535486932419114,0.3758060354302663
733,all,1637,0.16699163131575046,0.4957970673481642,0.899992658220887
735,all,2896,0.40028260087890033,0.40648524048997337,0.6157820438902126
736,all,994,-0.020594817974496804,0.5885671166060783,1.2008590953168357
737,all,2461,0.2603864737600521,0.32725339298164335,0.5987011294642325
738,all,1871,-8.522526523438861,-2.0922096460046546,3.5725705848688425
739,all,1819,-0.17391069219731237,0.5597563474740693,1.3261385201065687
740,all,3505,0.06658163788628602,0.3946538826174567,1.5029308100134517
741,all,2862,0.5703695998301863,0.7797327314231157,0.9931265219129507
742,all,1750,0.10067577663597338,0.29346878204142157,1.63518174305419
743,all,2651,0.569423977849544,0.7075175624685301,0.9311171539576236
744,all,1168,0.30838277079192933,0.46161224566653736,1.0888171256474881
745,all,2603,0.5479614437978119,0.7198466097152187,1.1079636329999416
746,all,1232,0.47181519388299265,0.47356479961150366,0.8507155618886577
747,all,749,0.007464627943054136,0.3309850722407395,0.7529145004909467
748,all,2496,0.5538372568044696,0.6553435502464033,1.0717735327986933
749,all,2255,0.7678103006098786,0.7161214651739906,0.8669083928955273
750,all,1830,0.5361229650348655,0.4486426432831103,0.9202523642597259
751,all,1747,0.6321845056826834,0.6592166306013445,1.133058932143053
752,all,2618,0.5790231095497907,0.47806543836870397,0.8276245740598044
753,all,2584,-0.23717099693844101,0.49986984038141113,0.688438640901262
754,all,1831,0.5923720761100444,0.6822846467031664,0.9130452190813356
755,all,2877,0.6410103321444715,0.7237918968414072,1.2053895647084216
757,all,3130,0.6106703571926858,0.7919342165027703,0.9894941364064144
759,all,1369,0.1517891026498973,0.23853034963802655,0.5318236128760457
760,all,2277,0.2112539437774712,0.5436291059856195,1.3040710369809898
761,all,1961,0.5167876794170141,0.6899138938087499,1.2334248725233963
762,all,3239,0.5583741314621147,0.5483888026137863,0.8162203499660592
763,all,3578,0.478638606508337,0.6272362380403363,1.2680278225336723
766,all,2448,0.5342012839664356,0.7069373827163156,1.203889720871909
768,all,1387,-0.0060754763902350906,0.23412028045145228,0.37472606875132924
769,all,2388,0.6553962593960312,0.5605051488031123,0.6794264425343021
770,all,4259,0.458962326256386,0.691257623850849,1.2018207529774318
771,all,3848,0.7135697573830775,0.8446069667973081,1.0753787392076035
772,all,1759,0.49973408830409016,0.7459373187600159,1.0907679236325256
773,all,2593,-0.29340121256537666,0.2699578837269859,1.4755176472585698
776,all,3532,0.1976675520731871,0.5509742203634866,1.3379263876794634
779,all,1618,0.3562621682811672,0.6909910914724924,1.1349444618104618
780,all,2232,0.5882541854758832,0.7835990581511683,0.9841278872709288
781,all,1872,0.18112639515846019,0.6634100645827541,1.1855478510507558
783,all,2091,-1.5498894906991012,0.33961673360281786,1.3716243235321566
785,all,1320,0.4119597968640668,0.6001292669748346,0.9523694667333352
790,all,856,-1.2922325987736167,-0.007393622533678368,1.791576014520402
791,all,2200,-0.16378621825572304,0.37583527807615114,1.3721088062008533
792,all,2170,0.4113742925713768,0.6755504361806496,1.1253862652713644
793,all,1505,0.17951503607208952,0.5269821851164151,0.7946672090386777
794,all,1897,0.4165951051117174,0.7097974770229231,0.865864739523796
795,all,3073,0.583690696224967,0.6441511988798514,0.917317867163099
796,all,2796,0.22518918862139548,0.3735533097132262,0.928183611210768
797,all,983,-40.79216505121196,-1.777066729487915,2.50194620058779
798,all,839,0.22003305128954398,0.26050969783709876,0.5849408568734863
800,all,1558,-0.11461044185024538,0.47019786948858044,1.3752360304128417
801,all,2573,0.2576718125181183,0.6354696188523341,1.1819008648422782
802,all,1286,0.15276166243593026,0.29886658122955656,1.4155713715408897
803,all,1810,-0.511190475699449,0.3399486701291813,1.455747382007101
804,all,970,-1.776103561989697,0.09460494323182866,1.4914795016622302
805,all,3286,-0.8830621603722306,0.18403459863255012,1.6367001880560559
806,all,2999,0.4221247373282432,0.709871919824703,0.9927909156655723
809,all,1533,0.06766835542206373,0.5802500557071412,1.061175876435185
812,all,2902,0.14510422989151261,0.5896533503095946,0.9940479631915665
813,all,724,-3.00298453077854,-0.889134393821436,2.4659650865824303
814,all,5072,0.36696772780433573,0.1998954883127102,0.5219737889479747
815,all,5267,0.59407291865808,0.660648451621351,0.8696174144548359
816,all,4570,0.5532681444616445,0.5485327833313671,0.9260233010040002
817,all,4618,0.572634999673964,0.5161007947492973,0.836168593443297
818,all,3077,0.5253558585987788,0.5814214043790374,1.337935761820533
820,all,6017,0.46120801659487876,0.3789320917197345,0.7325192142937982
822,all,5036,0.37891244875188035,0.3849184766199719,1.037756879185548
827,all,4496,0.2738867816682271,0.3413728101895188,1.5861380611438065
828,all,4362,-0.31197766199452337,0.2488535399996603,1.5271111164780773
829,all,5017,0.19930153879693202,0.2731731053078801,1.6798107868118268
831,all,4945,0.5407682485233894,0.6127168096183635,1.0309342681177571
832,all,3159,0.14576189609559553,0.2925177855480994,0.5587419129964971
833,all,4675,0.2643339329164086,0.38580247854640637,1.555845405251451
834,all,1619,0.12986882459155458,0.003705500383740845,0.3701795931327952
836,all,1861,0.6200914843226744,0.7138831477250317,1.096605781124132
839,all,4679,0.4496611147793199,0.6220007914738803,1.2310987641747715
840,all,1414,0.5215444501985804,0.5589163435341172,0.778976791587367
841,all,4808,0.6358827795756137,0.697923284059198,0.9088565715988329
842,all,3215,0.2634229377623929,0.4650869598377054,1.2570297806691937
843,all,3377,0.18476008971053026,0.46702256997705205,1.4179030211720725
845,all,1466,0.6303010565012068,0.6195996072434719,0.8085676945277863
848,all,3334,0.4164810358198252,0.6443049765842119,1.2592870117708928
849,all,3833,0.2996292859202553,0.2068846044165975,0.4651348612329279
850,all,3925,-0.3863258437336343,-0.12608267753782876,2.064415163666185
855,all,4033,0.36057443866503525,0.3259708138984805,0.6913173697915915
857,all,3815,0.49619513365671253,0.5912885085880538,1.1056783356110715
859,all,2727,0.6113057295510849,0.6713876062015884,1.0668111496700214
860,all,1723,0.43922608120904316,0.5479540254582453,1.403670751253528
861,all,446,-1.9037543734943978,-1.004056673556482,2.8507806477352062
863,all,5604,0.5277381020781796,0.7329907195030922,1.0689667879265294
864,all,2586,0.43426607892629965,0.6305887722151032,0.8611098504611631
865,all,6103,0.4840342697392207,0.5104639475218372,0.7263510496760812
866,all,5204,0.4819535390861214,0.7064190156050667,1.0895140755971335
867,all,8361,0.6284966680680224,0.726518245518466,0.849407200373462
868,all,3203,0.4898386556204404,0.6019816282917407,1.0830323967513633
869,all,4250,-0.1407031190718453,0.4598941019237949,1.290392230855699
870,all,1953,-1.509053758544305,-0.2500449471741284,2.0051353907716822
873,all,567,0.08994841551703625,0.126797885016108,0.7655215836917554
874,all,825,-0.08473489216623076,-0.17319075385116145,0.25765304960855623
875,all,857,-0.06311980920320837,0.3160569739434631,1.449502224312486
878,all,1338,-6.333634751287582,-1.2533419500010594,2.560551823738344
879,all,411,0.00851617169418406,0.29841498992769455,1.0604264258836782
880,all,1275,-10.819456266155385,-2.857623083899897,4.480645922012236
881,all,530,-0.39806335943877524,-0.013779287113812044,1.2971295117517407
884,all,1480,-2.205788770761546,-0.12446911964834073,1.859013142543521
885,all,4735,0.5318693156781207,0.4461732083629497,0.6875823447857212
887,all,2492,0.5588726277878604,0.6144046356011472,0.7895959899562075
888,all,2642,0.46702852950676466,0.4193020341492302,0.8674282697796694
889,all,4760,0.5836758375575273,0.5086333892321417,0.8327648667223295
890,all,3203,0.7351574715550391,0.7467402974283013,1.001959027606982
891,all,3397,0.6231005971478341,0.6824530182299261,1.2841425134648132
894,all,2284,0.6205516276184175,0.6022139166898757,0.7489306846172967
895,all,3148,0.08446544353893004,0.07064164332089085,0.35669850619569843
896,all,2043,0.24552102716094748,0.4549921003675672,0.6105999968755101
898,all,2042,0.42388406177934523,0.645539201140368,0.7921854264927229
909,all,2304,0.2199149410604685,0.1198894000518379,0.46131884326941286
910,all,2124,0.25611056661476295,0.24308425616557594,0.6402769842104847
911,all,1752,-3.8220409645871607,-0.5269188039381116,1.8580743817953123
912,all,1519,0.4391026829011877,0.5513926873335488,0.8280763959903309
913,all,3307,-0.12252427618864647,0.16898188947572834,0.7880451842549884
914,all,1927,-0.15539960148761645,0.48658641445363704,1.393234976544543
915,all,3154,-25.43205385497922,-3.932294511502472,5.797081550500936
916,all,4619,-4.745895013159886,-0.5545823495908346,2.4094223164616526
917,all,1920,0.0016830952288797718,0.1525843958357853,0.9492728840808733
918,all,3633,-0.6413655886130056,0.12566887139911798,1.4097194972766958
919,all,3210,0.1033040453167905,0.2710377924244679,0.875857115993548
920,all,142,-0.5063744157423926,0.10735277965995904,1.8269677655131527
921,all,1997,-1.4711127166504179,-0.5361395938086511,0.029562577663195616
922,all,591,-3.5453939271569865,0.006117763058624326,1.7361927238754291
923,all,450,-8.029802474786392,-0.15529660404000056,1.9925387348669084
924,all,389,-0.8794525723818536,-0.015274952854213097,1.2900143822834518
925,all,2597,-0.1836909567370968,-0.16005659433299235,0.7499732590394337
926,all,5275,-2.007559701391956,-0.5622997127619078,2.403108321989793
927,all,2605,0.43848413817211473,0.5963539058337775,0.9197820354489804
928,all,2555,0.2641193235414159,0.34348454805687023,0.8014821578650684
929,all,3845,-9.396895154161943,-1.8322716874260565,3.7965648682895456
930,all,420,-0.1528643544443664,0.1477879531666091,1.0150982662691264
931,all,2679,-6.727213225130256,-0.6574692115314023,2.2793674431712585
932,all,3015,-0.047750823416762955,0.0008863528367804019,0.7443272744944864
933,all,3288,0.18416832309301168,0.34385855793763254,1.1151669230940746
934,all,428,-0.009951678240674555,0.24955109233057715,0.9804432463556423
935,all,2368,-0.27098315161662234,-0.05834048193363128,0.6979783139677056
936,all,3385,-1.554124841421999,-0.10157277774798934,1.8195241637419477
937,all,3889,-0.15765422526521222,0.10836844279276214,0.9906391040075667
938,all,338,-0.7210929975279268,-0.1339375969135772,0.2890988850126537
939,all,249,0.2182956868535798,0.18189130210303794,0.9117871940163266
940,all,780,0.34164067591450975,0.5102859551960208,1.0621077777792909
941,all,671,0.292930691168646,0.48378211137450133,1.4029457673406889
942,all,201,0.05469856266314643,0.2872492872528196,0.9700982558801636
943,all,268,0.25692299923921913,0.3683211804046471,0.9689461428630626
944,all,250,-0.9173753231771853,0.3894670212897302,0.6182533099913792
945,all,322,-1.1314811090465073,0.11216131129390416,1.7173500991621815
946,all,350,-0.8850586189720184,0.10119283865718676,1.5622789954717342
947,all,503,-0.41694760464807046,0.3339516140660723,1.4931843263829698
948,all,1370,0.5996693181736131,0.5456880684862291,0.7167308535754761
949,all,1154,-1.8391054861504217,-1.3508221508548064,3.0828981363274477
950,all,1965,0.21647921138526927,0.49109079609879736,0.8827106475138567
951,all,1809,0.6360596265355165,0.810303963292511,0.9680770860020707
952,all,1522,0.2385723682456562,0.4706205718654637,1.412364426017044
953,all,1826,-0.43756622552937086,0.030168246420634426,1.7674552666066679
954,all,2027,0.4917866929007174,0.4021069997546165,0.7213421315664372
955,all,1092,-2.2160525478382658,-0.966852377715693,2.7310866692641387
956,all,1076,-0.45830149365298856,-0.3410555264752726,2.2570706523253965
957,all,1041,-0.16432169143959596,0.43103715196932446,1.2727001400834979
958,all,2827,0.6353213183245359,0.8000636122726947,1.0486679352807926
959,all,2629,-0.17032826413385904,0.6520122765615195,1.2120615414620568
960,all,4240,-0.24220617763807106,0.5732894433461935,1.3665182084608931
961,all,1702,0.2520789379309022,0.6086088193965113,1.22663020306653
962,all,3037,0.668907231699021,0.5577778367586201,0.7758943479745332
963,all,7280,0.7077985578982835,0.6980389146351869,0.8871900745101982
964,all,6350,0.656125331160607,0.7101125334207468,0.9394476502586752
965,all,5112,0.19854889110562302,0.5973446742492374,1.3038604107475553
966,all,4129,0.7295118726022749,0.7678737066734371,1.139311234805216
967,all,7302,0.7793941777224064,0.8307711245740814,0.992772013453197
968,all,3202,0.6254882490069873,0.743515057137635,0.9118583183888979
969,all,2513,0.5979976545984653,0.6386567133227661,0.83631574186709
970,all,4213,0.5642688589131644,0.752270144980929,1.1501237331629657
971,all,4578,0.5648608202024394,0.6117479755203079,0.9570372272990877
972,all,2169,0.6820104756897021,0.7912677212788883,1.1610549854858552
973,all,3554,-0.03212246875397806,0.5063913281452154,1.3561121169881705
974,all,6837,0.46511600306600853,0.7127315948412424,1.1201609528520071
975,all,3843,0.7595165086686917,0.8684221630362727,1.0386941114002608
976,all,4440,0.5844618600193237,0.5711140981784897,0.7507135529954412
977,all,4940,0.7017872174195039,0.8255488744875122,1.025553153843595
978,all,5152,-0.119499359618368,0.30422757326670635,1.5560815765880656
979,all,2913,0.10361823853298746,0.5404108303821452,1.3731166045503305
980,all,5446,0.5456688320894408,0.7095222191623136,1.141677275609293
981,all,5696,0.6206301137126251,0.7591325475533355,1.1320955766556229
982,all,4878,0.7059220559201967,0.7158990230784983,0.9313759277280531
983,all,5016,0.7015442363806736,0.7436781925745081,1.0470439335654127
984,all,1219,0.40750914860997833,0.6671193659110886,1.029221577672194
986,all,5273,0.6486295275690169,0.8260106207422452,1.0203208190183375
987,all,6925,0.7649973186203995,0.8703041753335881,1.0435947736332631
988,all,5533,0.4489634740077211,0.533028369461239,1.435837539835571
989,all,5516,0.6424659617629973,0.7675287229633014,1.1655681371019413
990,all,5167,0.6981766496096935,0.8422831700816159,1.05317869218725
991,all,4861,0.4086844675321307,0.5126895454793232,0.7122885716634759
993,all,5441,0.6538323993957116,0.7204514891763745,0.8582443588843582
994,all,1414,0.19274041861493996,0.42635920790872905,1.4485756554343778
995,all,5530,0.6673796972393373,0.8122507375811445,1.0916124596420465
997,all,2896,0.5418886020971744,0.5466846283959543,0.817844529913473
999,all,1620,0.2458943207308959,0.5520566165220617,1.4116944160529337
1000,all,1066,0.7044972969262651,0.7864020971922434,1.063598508477039
1001,all,3435,0.47146227952145203,0.51643679295802,0.7217105218346813
1002,all,6477,0.6365158092870635,0.6190247980717066,0.8106889416717503
1003,all,5103,0.4023367040457374,0.5375205500748788,1.383596787349274
1004,all,2503,0.728660660587283,0.7422930516967452,1.1449554265634498
1005,all,2979,0.6394331008646672,0.7458264759590815,0.8253258800370793
1006,all,6909,-3.2196564145479085,-0.23981409873972548,1.5539897199228918
1008,all,5543,0.6404292867071192,0.7772337617457628,1.138216638814628
1009,all,2312,0.668570727846812,0.749745532328064,1.1110599692304661
1010,all,690,0.642721619677235,0.8161552900267158,1.0613923978564588
1011,all,1734,0.6057474655886691,0.8002975197898514,0.9457598424975623
1012,all,3666,0.42650040931304634,0.6257187429408604,1.2806640902779907
1014,all,4236,0.5504143191717665,0.7400246543612556,1.1651041626286456
1015,all,5047,-0.5089427497714236,0.24546375469169246,1.4847565982878723
1016,all,5139,0.38757468985568966,0.6760245611816045,1.1397057115366884
1017,all,6139,0.6415058606478461,0.658839408754867,0.8302242154236429
1018,all,4760,0.4466793261705583,0.5504586109064036,0.7335556133737916
1020,all,5164,0.6608297806223878,0.7713761923266229,1.0723729522540038
1021,all,1959,0.6665106577161038,0.5952829151501688,0.8430323930195954
1022,all,2132,0.16760404836489795,0.3790733128894128,0.5627341954825792
1023,all,3348,0.1767559424777546,0.543592725895359,1.3196186779745311
1024,all,2521,0.2945245658810328,0.5375222481679636,1.3219025706358076
1026,all,4030,0.5916111619107978,0.7935050537805459,0.9936615033797339
1027,all,2443,0.4621302744196848,0.6358383829090845,1.0954537859325677
1031,all,3782,0.7030617094058997,0.7302941391266784,0.9514117601470901
1032,all,2011,-1.108424874287853,-0.19921917778552412,2.0927727388312087
1033,all,3004,0.6640944750046207,0.6554661033657524,0.8545042990811805
1052,all,3047,0.16586698927135834,0.4700979243044372,1.3922565924133345
1054,all,3322,0.35847677665706323,0.5899326304970564,1.209232882213211
1055,all,2594,0.21161095576910738,0.43162971738856826,0.6966337762733288
1056,all,2633,0.5388741067806546,0.695646409308077,1.1486818286100022
1057,all,3295,0.3473576597417093,0.5713411031887982,1.353783265436478
1058,all,1816,0.2252346372802556,0.4692952504719504,1.453424245691578
1060,all,2146,0.31702445323303363,0.5899326812938612,1.2990440477503167
1061,all,2023,0.5227576982734042,0.6925683126860684,1.1435573712830513
1062,all,1864,0.5776688490282973,0.6996041247318301,1.0890660466607918
1064,all,2090,0.57464763615052,0.7421756763178944,1.1291262899149999
1065,all,2423,0.4102525886015743,0.625985989146056,1.28131827156732
1066,all,2874,0.502328711783431,0.6483643943211178,1.1346365172936956
1067,all,2299,0.45588392650086107,0.5916046328869295,1.1884874131730376
1068,all,3010,0.06814837336526258,0.48022391326268354,1.285391783142019
1069,all,1925,0.5584790125289312,0.6571621342675549,1.1229028324603745
1070,all,2397,0.43097810906376044,0.4772090542399654,1.4437150621146286
1072,all,2583,0.27481555283653314,0.5523876418303835,1.3224599581073555
1073,all,2604,0.5201334234627746,0.686849045917108,1.1980416637787517
1074,all,3290,0.59843639414986,0.6682402860355904,1.0769832336012564
1076,all,2056,0.44106236175256885,0.5912618238476838,1.1132541930213515
1077,all,2931,0.4940582247708738,0.6389646441692571,1.307704624964141
1079,all,3046,0.6417531602827589,0.6926664882133913,0.9944262793159506
1080,all,2233,0.7165694783868088,0.8120902539324172,1.046152697449016
1081,all,2312,0.45258621258190457,0.46319009125606003,0.8756613847443627
1082,all,2490,0.526372111551676,0.6973270224320727,1.005211904590086
1084,all,2078,0.3018548893869071,0.28909265444361887,0.8681558901199851
1085,all,1330,-0.16671195420895546,0.38712220690757915,1.2261550394538294
1086,all,1405,-0.29402517063079703,0.34601891811029406,1.572544455732978
1087,all,1466,0.11157458583463875,0.5671615757064902,1.3307048785564959
1088,all,2971,0.4721139865468357,0.47710362612666324,0.6614150777202703
1089,all,2143,0.6933374140040656,0.8191880831463343,1.0056000965328808
1091,all,3116,0.5198015286595133,0.6380993474156147,1.1713213485745853
1092,all,2610,-0.8203999823745196,-0.01967153180437764,1.634206478192337
1093,all,2971,0.6298365162427872,0.7043672757754444,0.9440637039233896
1094,all,4065,0.7015886860470313,0.7790216326686548,1.0488996849717134
1096,all,2344,0.6264396761899206,0.6573757188745395,0.8613703644600665
1097,all,3851,0.5499872827784571,0.778795818843112,1.0364502923211263
1100,all,156,-4.006335122069644,-0.47921426151131374,1.1479879575170742
1101,all,526,0.3267689055381129,0.6202362918635849,1.1695223571828424
1103,all,561,-0.9997519049286292,0.07185353382857251,0.43850876613046763
1106,all,1527,-0.204237085936938,0.3931716449136283,1.275500422900679
1108,all,617,0.3466082544337513,0.602672454007531,1.2834045176284368
1109,all,782,-1.829158948178474,-0.1443437310070783,1.2117926551512235
1110,all,136,-6.5197448891323,-0.8549040074652066,1.9816734657992952
1112,all,356,-3.4821007661734065,-0.07549673628755915,1.629339588521181
1113,all,178,-0.916727057485651,0.1910142211038094,1.3972301103564044
1114,all,685,-6.339684364342946,-0.7560807999563579,1.89873913638764
1117,all,144,-11.468205412445426,-1.6330330509910995,1.6903139777925151
1120,all,651,-0.049768056662092164,0.4347052930602624,1.1420999438696415
1121,all,773,0.0651251413509033,0.5766004424700437,0.9871615712699371
1122,all,670,0.14775919983922703,0.5998147887998416,0.7253575647177264
1124,all,304,-12.295961018115571,-0.09857200029390101,1.9492245092251816
1125,all,688,-1.10160555534401,0.2058841731652763,1.3005043336323232
1126,all,605,-0.4715507266200236,0.4419999456623005,1.288078725402411
1127,all,170,-150.90051110274703,-2.7962199405244563,2.466550565473451
1128,all,515,-4.651397514284063,-0.589496667496956,1.602440131513756
1131,all,591,-1.676886821834481,0.06191545513366814,1.3567889882426876
1132,all,691,-4.187802137513398,-0.27980163647198886,1.6793749006958552
1136,all,479,0.22017707461013414,0.5638870288140421,1.2079912309793204
1142,all,702,-1.1034046677154534,0.031213630470841802,1.4143334038646467
1144,all,1640,0.6200786892055771,0.6600818167400744,0.9459434908803791
1147,all,577,0.3378872779358687,0.5875545987357369,1.1807014233999267
1151,all,1822,-0.7053374558055303,0.2385874286021228,1.4713223696419038
1152,all,731,0.2912017418013103,0.5271431006493019,0.9272310809267026
1155,all,464,0.20070093821181034,0.5501618350322293,0.9969064575649238
1160,all,3367,0.5292768568121615,0.6189977162678121,1.1003115656777898
1161,all,2287,0.5025542065861388,0.5283745816806107,0.8906294071129502
1163,all,2890,0.7284967734312899,0.8516961207749052,0.9369086529026619
1164,all,2533,0.6412223967013931,0.7273540060504653,0.9386412122812942
1165,all,2680,0.6257928255136884,0.7239942450660197,0.9282326116782517
1166,all,1339,-0.35088058557153246,0.418925457104244,1.5122149184220943
1167,all,3818,0.656845480089354,0.822321058424395,1.0558806968236698
1168,all,3452,0.613894063033859,0.7735461077077666,1.1110637733004731
1169,all,4486,0.5818820726948504,0.7388080996679804,0.9413690370973667
1170,all,3866,0.6091424072223565,0.7290005553776377,1.1994324602247695
1171,all,3455,0.557021936939207,0.7823240194855838,0.97418278416642
1172,all,2326,0.6391121472079266,0.6622005645544065,0.8474663571199975
1173,all,2315,0.6903929390031569,0.7155442807133321,0.8878570127910574
1174,all,3743,0.602663337452712,0.7077155919292035,1.2139727715624158
1175,all,2727,0.2422530560115691,0.5069939776910999,1.3140751603363556
1176,all,3395,0.5644773552193934,0.7665836073743602,1.081625189137791
1177,all,1491,0.06517925147694315,0.42725503167239964,1.4980157425157836
1178,all,1595,0.5236224553261751,0.6301551683569382,0.8621684694528297
1180,all,1721,0.7024378824939082,0.8044866656868633,1.0169321651433876
1181,all,2913,-0.23179873383782557,0.25634982416987795,1.5642729654811407
1183,all,3406,0.46779883319375337,0.637986730971454,1.2491769488953304
1185,all,3964,0.6288162778146742,0.7726263916226365,1.0615207989311428
1186,all,3235,0.4322704232401493,0.6597939709177443,1.2591558785260648
1187,all,2925,0.4289645678699522,0.6756119170431985,1.0872804102875984
1189,all,2774,0.38580632814386306,0.5457621698255715,1.4180057275822189
1191,all,4661,0.626461351487351,0.7124403475309042,0.9243075781106069
1192,all,2824,0.3523543209754253,0.655761014731906,1.1758422283110108
1193,all,3217,0.5333492658559583,0.6893222722918158,0.8360081078711081
1194,all,2333,-0.38198150985250545,0.2027247829234916,1.6070193707752738
1195,all,3458,0.6211747386078834,0.7953582750346492,1.0789632580089477
1196,all,3463,0.6510153136504748,0.6607973097519164,0.7528163156644959
1197,all,3519,0.7264008229135438,0.7207107590312873,0.8960642552919766
1198,all,1733,0.6041485071804724,0.693703748636934,0.999736923326573
1199,all,1472,0.5564825679578145,0.749854999415758,1.1591720134605608
1200,all,768,0.6762042534248712,0.7150702887781011,1.0438718544816448
1201,all,1607,0.5601020554163589,0.5445865886679475,0.8715772813995157
1202,all,1057,0.4992824546077823,0.4253834098607093,0.9550116864713191
1203,all,96,-1.2479390613139754,0.009448133872763775,0.3889393926903559
1205,all,1599,0.6377915858954573,0.6725857613611341,0.95765429035155
1206,all,1278,0.5084117960203254,0.6935133689829293,1.2235491009117465
1208,all,152,-0.6127676226331773,-0.16015366292976108,0.23184005044687994
1209,all,395,0.5557569797925976,0.6385828514366032,1.0043632511167853
1212,all,681,0.45606020754975585,0.6231565007077425,0.7497406838087317
1213,all,868,0.38204665460510767,0.614822206628469,1.3044538616820773
1217,all,614,0.5935087901242816,0.7461036591085799,1.21025835400867
1218,all,806,0.6633436023001397,0.8015830972875415,1.153296026225121
1219,all,107,0.40026068412080473,0.5855223811455839,1.3943338968549
1220,all,675,0.31316331934124986,0.6703765779126674,1.2586531252696165
1221,all,667,-0.03547605358469319,0.5419531116978185,1.3978662231505992
1222,all,1027,-3.36204883514388,-0.5430085817960417,2.073374194307393
1225,all,1894,0.6242928943342163,0.7816638416399517,1.0362770170742936
1228,all,906,-0.12094634715562957,0.38541895508902957,1.3509976499283856
1229,all,339,0.39013608945602574,0.7072597545755286,0.9846242853847369
1230,all,324,-0.3417306736521142,0.3277091995457404,0.7163965292916559
1232,all,486,0.07138700960950561,0.5418171062267552,1.090500120643958
1233,all,638,0.5195087756337551,0.6743312978408504,1.034115084226697
1234,all,521,-0.04778784670806324,0.5035236382028196,1.338390045533141
1235,all,251,-0.3812849015706463,0.3807362182805105,1.1471421501523116
1236,all,810,0.42050716582611736,0.6926997688051607,1.0860180712018566
1237,all,229,0.34003951282685096,0.6825462774215096,0.9431883077609197
1240,all,148,0.4149555170006791,0.6822453545432181,1.1618432722166314
1241,all,354,0.4898228132024832,0.6959872619054598,1.1279739132356008
1242,all,959,0.5209504340236832,0.6536513167928641,1.1795336792295306
1243,all,185,0.32001644500181425,0.5824153994288912,1.1063138485810884
1250,all,481,0.45876905529847634,0.7149423668237174,1.0862131065260918
1251,all,1625,0.338374181102314,0.6456610058921367,1.201722660678366
1253,all,578,-0.8545062341708891,0.19205734017510034,1.503816266889272
1254,all,1414,0.12991338466594093,0.5650034120008514,1.270489661820296
1257,all,133,0.4828326279563173,0.6998401306021604,1.2548294675520804
1258,all,497,0.43759738034497975,0.7163424584264024,1.1457217272208144
1259,all,454,0.40838453612836534,0.5701777209728455,0.9053851438118842
1260,all,559,0.4538962589549741,0.6533103514356426,1.0504628625516679
1261,all,811,-0.052288513903108846,0.4777749889109357,1.296730527115733
1262,all,90,0.7306777997874636,0.8402187527908311,1.0817253217029972
1264,all,361,-0.037543066282422544,0.47427013930202766,1.2787753927168166
1269,all,218,0.5719463077532966,0.7618776681540016,1.1599503394638926
1270,all,513,0.5639982696656947,0.7661107303171186,1.1194280567353825
1271,all,788,0.07383487468174377,0.5534706425950571,1.3952948767030404
1272,all,91,-25.368871120755834,-2.7691048713114346,3.2948820653760857
1276,all,600,0.42451215217564786,0.7155001971005637,1.0908458835547317
1278,all,122,0.2920691339441287,0.6301415876210987,1.2206496330841379
1279,all,431,0.3696601100098419,0.6613995229215162,1.2019251562207658
1281,all,1199,0.3790912050691071,0.6717222071865394,1.058091078398574
1283,all,611,0.4619386968185665,0.6881845332054077,1.0986996592173968
1284,all,695,0.5730903498883315,0.5980659628916456,1.0180430603325177
1285,all,6,-35.81871401051108,-4.867180256526716,0.9809042174165702
1286,all,81,-0.7938801189793077,0.21552840859895073,0.9671743044840274
1296,all,967,0.40312953038163024,0.6672641350157358,1.2339300020826074
1297,all,1823,0.6469052976394316,0.7857183982839787,0.9624008141548593
1298,all,1769,0.16314969477189067,0.4930768578381368,0.6567362433501425
1300,all,1199,0.6250759460827482,0.8039090391597686,1.0821114941890986
1304,all,3392,-0.2229180354715632,-0.05512180674654288,0.2634791152036686
1305,all,2283,-3.6217333749276737,-0.7463609540402398,2.264013869319413
1306,all,2228,0.2723309874889215,0.556789155193536,1.3162389254282136
1307,all,2975,-11.376385013516142,-1.8446557800828929,3.1291926630208997
1310,all,3525,0.714107524099014,0.7420904540244799,0.9172069397068422
1311,all,3800,0.645849128025376,0.7740749464816801,1.1300739764055772
1312,all,1165,0.35931697907127647,0.5502562412564727,1.1684141634750487
1314,all,2182,0.3796093326816552,0.6684696387182272,1.0307944926644053
1315,all,1517,0.48688102363018004,0.5722716372489645,0.913456643143615
1316,all,1277,-4.66180735355381,-0.3587897974979386,2.180980094838879
1317,all,2195,0.14903346203365264,0.4337244646998204,0.621081868153653
1318,all,1361,0.6788877837794813,0.8297724250802875,1.0759922820408023
1319,all,1689,0.2342397241312807,0.645881552903806,1.284231930979094
1322,all,2380,0.12820564434839954,0.3282456202175502,1.5748688239946431
1324,all,1395,0.40474108480520843,0.6643045679984448,1.23752353562508
1325,all,1873,0.06640518110322435,0.26875482911706894,0.5407636591118509
1327,all,2872,0.4563751762949346,0.44501369059314577,0.7260680928667371
1328,all,556,0.6073182325920291,0.5957777525411684,0.8023027415154662
1330,all,3398,0.6207293735412838,0.7458012460100703,0.9113843543568884
1331,all,2141,0.46516174434568125,0.6894599661498642,1.2065737703147406
1332,all,3127,0.649387845004778,0.6813791933489743,0.8610048967127453
1333,all,2155,-1.5910457050651297,-0.23201912719802098,1.8329971052115788
1334,all,2288,0.5606008482440461,0.5678277173851203,0.6846612358043733
1335,all,2218,0.29196388597364764,0.5964721226226971,1.1761250772686171
1336,all,2389,0.5878201541225279,0.7906320455313913,0.9942398574776015
1337,all,2109,0.5357715614832723,0.741083687203572,1.1659770175363908
1339,all,1568,0.3249842976995162,0.645664139512508,1.2028136118545365
1340,all,849,-10.866867214821651,-1.4392921067827422,2.260561402344518
1341,all,747,-39.446818262593965,-4.51487630359449,4.611353109438305
1343,all,2665,0.34618291070378704,0.41657114198737655,0.7067167115549461
1344,all,1736,0.11098379882535336,0.4683703289891602,1.4035467629716134
1345,all,516,-0.030207595739982773,0.4619541372296302,1.3645003774909124
1346,all,1978,0.561606628271643,0.7347563294787893,1.0746122308831656
1347,all,1193,0.6089521411299953,0.770039823081679,1.0451532922044173
1348,all,1022,0.4900021870592005,0.7491790499646187,0.9415158884506389
1351,all,2768,0.4410420866126691,0.720439812269116,1.081552591488165
1354,all,2763,-0.2536349166762226,0.5921868673291073,1.3512973368088863
1355,all,1731,0.36209183041898285,0.6425986233377308,1.247085004803665
1356,all,607,-1.7298432062702824,-0.09239446782758964,1.790668826607321
1358,all,1728,0.33236194257249796,0.5616836010228754,1.2944844474842694
1359,all,628,-1.1039677521625788,0.1205424509442744,1.7541096080424305
1360,all,4240,0.33626847516942737,0.6564278441461375,0.8372581281245275
1361,all,1292,-2.2159322619700603,-0.08333950866680451,1.8616801038020936
1363,all,531,0.33995079588779265,0.3957805791955361,0.6725686459037054
1364,all,405,0.49449125213991996,0.6253905831708846,0.7398449412966759
1365,all,2419,0.4080281812436731,0.3991217947493222,0.6412858111335155
1366,all,2125,0.44659946780629545,0.6365774801933426,1.2347844413464972
1367,all,2301,0.45160079847399326,0.6771901425081416,1.2209841508722588
1368,all,845,0.5070932557283636,0.6523190074893905,0.8377808413760824
1369,all,2895,0.6055086455963921,0.7680498501424644,1.0188488230714807
1370,all,2362,0.6340548968131019,0.6724320129793853,0.9369268356116558
1372,all,2737,0.619136343074802,0.7349105145883761,0.9601570419829292
1373,all,856,0.09863751639132856,0.4440797370926869,1.40354573234439
1374,all,2126,-0.01149759378541515,0.32780500000166624,1.5272042559043033
1375,all,562,0.23881193626583452,0.5434040829313569,1.3523841960869332
1376,all,1953,0.34818432153228884,0.5585773935278024,1.2598241844700329
1377,all,2705,0.5557896443099868,0.5654519841487471,0.7922697244280086
1380,all,2476,0.5414870339436318,0.5611348718820104,0.8860771456698211
1381,all,2516,0.04017580054472525,0.6450047967305457,1.2801404970604138
1382,all,1902,0.21074203307136163,0.59002322241156,1.2571151068390523
1383,all,1536,0.4687486589042047,0.5622553511620276,0.9426239001982081
1384,all,409,-1.4317306773997558,0.3064321723704796,1.632111638490752
1386,all,2438,0.6816567373209753,0.7064075060042767,0.9431185818558916
1387,all,2917,0.646667003844686,0.6391071420836378,0.9170206779284159
1388,all,3458,0.10585439132129282,0.4662671701263227,1.3835091260946073
1390,all,3150,0.6866719701485879,0.734002288763734,0.9297724886026837
1394,all,1511,0.34972314806160765,0.6196970186809745,1.2291578439111834
1396,all,3861,0.6847739074143544,0.751516518610659,1.0028282568044105
1397,all,3218,0.5204695665818577,0.7266775515862647,1.1718350889466118
1399,all,2880,0.5446245388316457,0.6987012301297262,0.9214827563046877
1400,all,2920,0.30609614475855995,0.5869016012243066,1.3315649737898627
1401,all,2562,0.1864025229778835,0.4486772937669846,1.3575642807316433
1402,all,1205,0.3692473495681933,0.6484032714260033,1.0086324050102864
1403,all,2087,-0.31996810736765013,0.2342104272003851,1.6326926142858236
1404,all,1843,0.5547919367025539,0.7085021333370175,1.104002367797783
1405,all,1060,0.06145750932173,0.17603335261556718,0.7607513714376903
1406,all,2355,0.43216553262496327,0.7117644607131175,1.2097545921893722
1407,all,1295,0.45718155520588877,0.6627644004103369,1.178609498325591
1409,all,1712,0.1387115335006157,0.47919931050867837,1.4325765223644888
1410,all,2855,0.5532869610210622,0.681644524580505,1.2024434845438592
1412,all,2106,0.4626451720477842,0.5913005613572428,1.0571968708888912
1416,all,1266,0.5825094105402158,0.7693381618896904,1.1261731477047212
1417,all,1467,0.42898495415758064,0.5317655284777159,0.8215852387159358
1418,all,1556,-1.09974845644096,0.4824658702758493,1.4292814634461006
1419,all,1197,-1.544044226821351,0.5316582691270203,1.304642367494505
1420,all,674,-28.93092075198545,-2.1903138892018426,3.439596366540049
1421,all,349,-5.087268491284372,-0.688365086718798,2.5720732061649865
1422,all,2445,0.42795046545190574,0.7179733887643616,1.079473146397627
1424,all,805,-2.2631953737498027,0.30165117439686406,1.4577197594353748
1425,all,1210,-4.42600795933199,0.42786575575519703,1.428711374020127
1426,all,2276,0.5600367973453393,0.6909214337565082,0.9495785143628855
1427,all,2192,-0.02136748100452368,0.6743016654622431,1.241168195429173
1429,all,1605,0.507442126041123,0.7039029853160914,1.186418882426249
1430,all,2669,0.580759048005768,0.7327589827578863,1.0520418328484833
1432,all,3909,0.5398382496124479,0.6065303754901807,0.7844234712756442
1433,all,2918,0.6241676289229552,0.7329520458536515,1.0420661020766997
1435,all,1001,0.6713938399615753,0.8111434506103588,0.9185064220588297
1436,all,4063,0.6878772950430019,0.7881866297931398,1.0343456147355545
1438,all,1635,0.4609353565503246,0.6467312128976148,1.1690502122264985
1439,all,3145,0.6615853140208536,0.8191848847634104,1.079117912989751
1443,all,5493,0.44422834048058146,0.624860266505062,1.2513870607698985
1444,all,4698,0.7077983142193248,0.7192302698786791,0.8392438581639847
1445,all,5146,0.6876471576760945,0.8424087288267416,1.0169714466319877
1446,all,3872,-0.4363029714050788,0.19246735637781753,1.5829868608925428
1447,all,4210,0.6118066211233542,0.7975560960610495,0.9882908388610242
1448,all,2361,-0.5550852163126352,0.19791123329716753,1.620955519629192
1449,all,1771,0.21143768273213825,0.5899954216670726,1.2993168823357162
1451,all,2639,0.5703901065620305,0.7597902744391071,1.0462905248576775
1452,all,4508,0.5804315111019402,0.7936084623002309,1.0145201250125715
1453,all,573,-424.20078960058936,-12.808043023887231,7.741946478930882
1456,all,3019,0.4436602008157592,0.6465497025522655,0.7884420108554128
1457,all,4111,0.5297981345163325,0.6979738657528733,0.8451049458246145
1458,all,2862,0.2734911581316136,0.581050738631572,1.304443052518407
1459,all,2471,0.2601733093963785,0.4811845060432687,1.4346342124582918
1460,all,3615,0.42861701324682633,0.6536499873849784,1.224877119929327
1462,all,2092,0.4771028154627821,0.546967210485963,0.7023360784980934
1463,all,3266,0.536237335574191,0.7611399103238747,0.9278311771134792
1464,all,3425,0.5948978951231401,0.7057946300374817,0.9844612150807033
1465,all,4858,0.6076888761463952,0.7806498621036323,0.9874925249857399
1470,all,2983,0.65811108784339,0.6932391351619994,0.8075209080861646
1478,all,3987,0.1310152412390475,0.42294385859316364,1.419744190692106
1479,all,3255,0.6507685750213639,0.8109540520270774,1.090125168293041
1480,all,4135,0.6261422282068763,0.8063644470443885,1.063610076796279
1481,all,2843,0.5048509103052444,0.680490649291323,1.232047715342861
1482,all,2959,0.6702153310715505,0.8270065316355064,1.0595651228060035
1483,all,2755,0.6465510779040269,0.7815333345284432,0.9252452740669895
1484,all,3062,0.4348930566027628,0.6370218357660976,1.260733954162669
1485,all,2808,0.5779575681791753,0.7192382753892774,1.1818383997949988
1486,all,2200,0.5534031039282243,0.6730149138228717,1.2345277757838793
1487,all,3356,0.48243711702196024,0.44455012526315507,0.7431110987579495
1488,all,3866,0.472436217412462,0.6301545605657863,1.300735675358186
1489,all,2182,-0.39798087290883055,0.12063866877334906,1.645813936711473
1490,all,1772,0.5126546756523414,0.7350942230541472,1.1284129307639965
1491,all,1943,0.5525198095723847,0.7488620114849072,1.1256712178898405
1492,all,2783,0.13932291290604204,0.5216613964581003,1.1907800575886374
1493,all,1855,0.6077657333991455,0.7187674983147583,1.2212992992799774
1494,all,2879,0.7419624145421594,0.7459157740039681,0.8898599231788694
1495,all,2982,0.6423507172543461,0.7785586181530426,1.1374309242935357
1496,all,2405,0.718583440625816,0.8581680522901846,0.9958978472961445
1497,all,3490,0.6028015165726059,0.6741849268690222,1.2600694634912855
1498,all,2712,0.4598811116585867,0.4882822282889717,0.7535677337147134
1499,all,4671,0.25274148133242336,0.4477209191271586,1.4087105857544486
1501,all,3087,0.607429635500462,0.7982529301348033,0.958068363723628
1502,all,3552,0.2763017370441706,0.5390779423697618,1.3404688245755152
1503,all,4052,0.6574256510001534,0.6902348135782619,0.883179498046484
1504,all,2155,0.6755869321946383,0.7393721015045679,0.8960082006712743
1505,all,3331,0.4964208724633423,0.6966575669828314,1.1642384732089872
1506,all,1449,-0.10739731922624274,0.33628998162838564,1.44124271687443
1507,all,2336,0.4816968516805856,0.6958687357258657,1.1908651465840894
1508,all,2859,0.5028228400312285,0.7119363285933977,0.9301468754386337
1509,all,3671,0.2706370558862289,0.45049987478389086,1.4550415443088833
1510,all,2533,0.21810640108457013,0.5641928858110139,1.0445653502260157
1511,all,2495,0.10717183693487664,0.5175852945586336,1.288879052597804
1512,all,2676,0.45071821746933394,0.6860637790190185,1.1910780945995247
1513,all,2491,0.1442644032702084,0.5259109134897588,1.2822081100316307
1514,all,1211,0.47152663756426505,0.5569477387421315,0.7085599214626201
1515,all,2048,-0.27179684864569964,0.26417730008509577,1.5109042196596993
1516,all,2327,0.520161491142018,0.6944296897418611,0.9338082636658431
1519,all,5903,0.2844156453789508,0.5593291546685943,1.2870173547173043
1520,all,3161,0.6226722177286137,0.8012557246301282,1.0819802787801203
1521,all,2748,-0.07113649597116312,0.33243014471589105,1.484158203449773
1522,all,1035,0.5437312760701407,0.7764206859898792,1.03447379090057
1523,all,2260,0.18992565773347136,0.49155489116320317,1.408364645405398
1524,all,2543,0.5933868942199774,0.7943300437781287,0.9673402373170285
1526,all,1265,-0.5015644454565815,0.25885626061825073,1.6258449579660874
1527,all,2768,-0.802648321090107,0.0662259469190466,1.6746235021448181
1528,all,2225,-0.13406992757938863,0.3285591375628406,1.578586196758772
1529,all,2099,-1.6042987479120194,-0.21671778378851947,1.8951448723008493
1530,all,615,-3.597750013889664,-0.5334497075947742,2.236918184342983
1531,all,2533,0.5206971005087491,0.6822812037435166,0.8432715348759943
1532,all,2920,0.21568954081483926,0.4613573496367014,1.3624006270055384
1533,all,1258,-0.5002834213621481,0.17621913633160247,1.7749463988010243
1534,all,2099,0.7356974552863741,0.6697824173294786,0.9520667212801078
1535,all,1083,0.4759383231213453,0.5373339033874582,1.1365194859280683
1536,all,744,-16.854809845192744,-2.073572914701923,3.255492073756718
1537,all,3315,0.4531850728264697,0.6571262742413577,1.1594948713774866
1538,all,3254,0.6678552986759311,0.8355230672228497,0.9872615349599145
1539,all,4373,0.3519997966754893,0.4568076406484436,1.4250838598898368
1540,all,3009,-0.15897338750285805,0.15383335909441864,1.6497903087034265
1541,all,3394,0.5805532204169457,0.7779890240661279,1.0014549821120062
1542,all,2527,0.5045388370862498,0.71869860039243,1.179346748521666
1543,all,3852,0.6279593211837722,0.7742254700287856,1.1184596540436382
1544,all,1270,-13.2725228433129,-2.472003203383391,3.998538578541592
1545,all,3378,0.6334742228759906,0.7150270359914022,1.2164940483559588
1546,all,2039,0.7099055712587721,0.7427684981287301,0.8382808093945464
1547,all,2940,0.5427955699289246,0.7158945813022266,1.1977580329858832
1548,all,2642,0.5976818962407469,0.7680179073601557,1.0273683227712602
1549,all,2751,0.5644439690124858,0.6174196471351794,0.9196109264532601
1550,all,3335,0.7625752584767432,0.8233174753488139,1.0338910755002635
1551,all,3877,0.6798200743439211,0.7570391308221232,1.1824415828948562
1552,all,3000,0.771217827302296,0.8527870345279218,1.0329133577871377
1553,all,2688,0.36257673474191865,0.502579666823512,1.4225241852251072
1555,all,3971,0.5496625175199905,0.6448411119646806,1.2821513404679519
1557,all,2949,0.5725289636516484,0.5438400305261664,0.7446702096364011
1558,all,2474,0.5841043269297927,0.7797982764082515,1.0449630118549411
1559,all,2493,0.747045968516381,0.8005434416480116,1.0101950684608434
1560,all,3879,0.7140194595946103,0.683554454861181,0.7861859717827333
1561,all,1636,0.7029854113076336,0.8422814012567099,0.975992788769957
1562,all,4540,0.730518001431472,0.7826178938131589,0.9616058315810893
1564,all,4018,0.748878068836726,0.8237939649654829,0.9473084358006214
1566,all,2049,0.45563986369065423,0.4661741049430843,0.7136603051457296
1567,all,1917,0.4295054262880792,0.6707711829817306,1.093501589331834
1572,all,1217,-1.4097605868508554,-0.18710467293610722,1.9521127864142693
1573,all,1635,0.207912739629326,0.4231171917011034,0.9131022097710533
1575,all,1224,0.024095812808685668,0.43815185802918866,1.3131274217589726
1576,all,397,0.5070692209428952,0.7422441978755578,1.0527247456261009
1577,all,994,0.629623071822925,0.7264692857134496,1.2330623628140922
1580,all,2592,0.4445119515470206,0.6747281709195999,1.0208212738864615
1583,all,575,-0.6843560654052172,0.07457578749698557,1.4756208576294603
1584,all,668,0.1838541759063056,0.14791369497761409,0.7928498329642926
1585,all,1122,0.5589072856546222,0.6025134217570627,0.8613127928176614
1586,all,688,-9.099108031277742,-1.2768323395964023,2.463454332145982
1589,all,446,-0.22172065924031625,0.31030296964509074,1.6196902118984402
1590,all,422,-7.625241575576279,-0.9495055762992344,2.7854123548939134
1591,all,1072,0.5875765804536817,0.5407877744316874,0.7827969578703005
1592,all,1089,0.2960812986124379,0.32120982301310186,0.6317765935238442
1593,all,378,-0.24414173008823092,0.4076959940185789,1.4911746307462062
1595,all,422,-6.539236902230374,-1.2967456908931996,2.4570073151667766
1597,all,548,0.46015733008099746,0.5544751730614191,0.8871535603905005
1599,all,657,0.4856268760432799,0.5375034513269259,1.0030556145242324
1603,all,729,0.040402147042621794,0.5784037460920065,1.2830997687414183
1607,all,297,-3.1069084618376577,-0.4351094960367894,2.3661143615976674
1608,all,610,-0.28613097012039557,0.37591700428191754,1.2652823118514842
1609,all,975,0.40124196193869954,0.7116008974359884,1.0268086072295766
1610,all,661,-5.938967652253909,-0.8698942476500593,2.267934326781722
1615,all,893,-0.2866445199523828,0.2975156575133946,1.2917144233362094
1616,all,587,0.5050475207752985,0.6085489057879699,1.1144067935823776
1624,all,903,0.6434973658785306,0.7427701537625662,0.9162150443610362
1625,all,909,0.5554666266100564,0.7382008257932551,0.8802314872497847
1628,all,1175,0.049038601922033465,0.5249215177101927,1.423568793649799
1727,all,1083,0.30827999427492836,0.5534216829214436,0.8667074950296045
1728,all,1624,-0.29419165105760303,0.0771585100164296,0.5247785841781403
1730,all,4719,0.6983043243862537,0.7649208233638807,1.0244346686045829
1731,all,3258,0.7376108715095692,0.8542299370561552,0.9683560758043557
1732,all,6423,0.5612226916433963,0.6949925820678693,0.8890233824366047
1733,all,5521,0.6768320879840601,0.7838473208700647,0.8978365442113285
1734,all,3172,0.5281481621381385,0.7485885824547589,1.0144280119140177
1735,all,6434,0.7057175351061401,0.8252993199331548,0.9777249407051064
1976,all,1474,0.6363524913677508,0.5788794015378794,0.9109413566362201
1977,all,2083,-0.3554023544124407,0.0785225559949817,0.7470195274417434
1978,all,1350,-0.803443053787265,-0.05051347062743772,1.4314726384624343
1979,all,635,-0.1741920997478621,0.05172798826453073,0.7890113981285428
1981,all,2682,-1.1286621821418268,0.056090325492226034,1.5206123938381524
1982,all,1265,-2.802999699675282,-0.022557423042589786,1.8004368957544927
1983,all,1097,-27.847443729466185,-2.2953766071998816,3.7781934947834257
1984,all,1681,-7.842147810935556,-1.1322471083548602,3.0961643286875082
1985,all,2925,-0.05135605347580374,-0.12957161368137626,1.4528474398379359
1986,all,2716,-0.3578851430628669,0.12156518994182264,1.5832647856833464
1987,all,2226,0.40345552314112665,0.6763890225901872,1.18129370286154
1988,all,2939,0.4004004119619855,0.5973006744160716,1.31679587545398
1990,all,1381,-5.694288282607844,-2.0983888858087325,3.962033856214456
1992,all,1388,0.5308587238605063,0.45375671773836557,0.905662794240134
1993,all,4468,-0.2741199340843481,0.2931067763528926,1.4183865492620762
1994,all,4174,0.43159599444590924,0.6296315838150144,0.7726048152013615
1995,all,2956,0.5391756451480232,0.5756864484428221,0.8382267916292798
1996,all,1317,0.6670920675542787,0.7707017426748128,1.039109520626659
1997,all,4751,0.10589779609161853,-0.07978393231509506,0.29217530356115545
1998,all,5177,0.5387634011724419,0.6599051341008053,0.9185695524158025
1999,all,4193,0.5696530105873605,0.6375966095047598,0.7518786503938977
2000,all,4268,0.4119947528517527,0.4209100065311405,0.7286027381096771
2001,all,5026,0.3390682671022658,0.6031925974397899,1.2198465848054951
2002,all,4461,0.18744482223635317,0.5775020172971279,1.1738490161927697
2003,all,2527,0.32333604328327725,0.592542656854055,1.279436548176253
2004,all,5382,0.43986808014311274,0.6783528818640601,1.1039027849248388
2005,all,7458,0.6046628059909833,0.5511130299837191,0.7710287948542721
2006,all,1574,-0.363797433397848,0.21741314652398824,1.5968338363238652
2007,all,4318,0.5530227314963012,0.6848225781367969,1.2412861228049614
2008,all,5136,0.5289005782717893,0.7081488700628431,1.1897870307291205
2009,all,5279,0.6101872183407067,0.723847119603229,0.9278433998649399
2010,all,5769,0.556469623630139,0.7357356144084721,1.1358763662628435
2011,all,3705,0.6080530868714495,0.697176638023239,0.8702781113523184
2012,all,4458,0.297876371217655,0.6194031972540148,1.1572488272857075
2013,all,4510,0.6560418845831164,0.8155892096518881,0.9146937418563753
2014,all,5184,0.7048527097179078,0.8250408008377152,1.1012856146971823
2015,all,5111,0.7246545091269552,0.863619827157347,0.993971366810064
2016,all,5150,-7.232779641603049,-2.8324153647765966,4.367742023756087
2017,all,4849,0.4845727444026462,0.4138632273013032,0.7283288573941397
2018,all,5628,0.5028671848510348,0.49790035253899056,0.8123778837006767
2019,all,5290,-0.047514145885603876,0.4354208017120932,1.395662622039647
2020,all,4796,0.5428864836289904,0.5487154581788034,0.807225947442718
2021,all,5556,0.6602182729369203,0.7895013447270349,1.1334710641956858
2022,all,3397,-0.31113884410817527,0.29475539448394816,1.1848568952571024
2023,all,4692,0.746611724500043,0.8076928704138548,0.9483076369283782
2024,all,6153,0.43478497926357484,0.6260859738886734,1.2763233288834657
2025,all,5428,0.4871630765124808,0.5519139535531659,0.7963439863706755
2026,all,5167,0.6149387089669909,0.7866655762991466,0.9356246511874554
2027,all,5070,0.7170949344807781,0.8100825421645048,0.9156272409949276
2028,all,4625,-0.1301528335488562,0.22490049445187488,1.6276909923364453
2029,all,2308,0.6751023430165921,0.748583251096778,0.8493508160908078
2030,all,3769,-0.20430387934798233,-0.22575240545618458,0.2036661661824388
2031,all,4876,0.6883205873810131,0.844178148640823,1.0266407536945767
2032,all,2133,-0.17145737815463757,0.19025175841828734,1.6269438480083238
2033,all,4317,0.7029584908248011,0.7250306052089603,0.9093816188075773
2034,all,4650,0.6224230506604345,0.770368417018744,1.06017408783372
2035,all,4699,0.8063671585035663,0.8794525298312053,1.0634985308859841
2036,all,3059,0.2889106076770054,0.45983998398444625,1.360188824362489
2037,all,4078,0.7321781698001526,0.7618404243811403,0.841685212452277
2038,all,3733,0.7622147677290176,0.8730425738917365,1.0475553895824177
2039,all,4414,0.6605495232907089,0.6886041798288951,1.2152625187038295
2040,all,2612,0.14922119498101127,0.205354666198993,1.6078670562421609
2041,all,4382,0.6634136040476095,0.7933790219674051,1.073787597454926
2042,all,3643,0.606652963014251,0.7346910285441235,1.1654651542695835
2043,all,3994,0.30334521821452387,0.34638038618644884,1.5584263426597342
2044,all,3140,0.48815506373196504,0.6750283034936722,1.2042762867848518
2045,all,2862,0.2427098493033144,0.29681507069665647,1.6138826439226754
2046,all,1697,0.55379450551109,0.4289794466560586,0.6872596028968223
2047,all,5104,0.6573010119606665,0.8135232457103181,0.9968825378410069
2048,all,5809,0.7335682104417387,0.7822509773455498,0.8885357959812767
2049,all,5402,0.6816494413649696,0.726027918080925,0.9558477420939252
2050,all,3755,-1.5511286326745761,-0.5279833232748656,2.2181652617905177
2051,all,4143,0.6780569989527898,0.7825840997452715,1.1146408513006092
2052,all,4841,0.4874690589686823,0.6448605974236801,1.2436080025982477
2053,all,4641,0.6610490696158677,0.787415239852183,1.1464250152432955
2054,all,5363,0.6527595747908344,0.7113679033401248,0.8400145215251501
2055,all,2891,0.279821262943997,0.4060365123147699,1.2032147507497288
2056,all,6195,0.6143154268902732,0.7550680456512778,1.17033268991752
2057,all,4042,0.41004643405254426,0.49848699658933204,0.7942756389098935
2058,all,4648,0.6725460068362761,0.8198340787365879,0.9398581675434629
2059,all,2854,0.24550532438470252,0.6100018082913458,1.1869002854206314
2060,all,3086,0.650989075646362,0.7797376010918677,1.096719266254712
2061,all,4832,0.4557427262965926,0.6732468750156895,1.1181161865173965
2062,all,3308,-2.5316908958724382,-0.7660500400792698,2.4949158021963607
2063,all,3790,0.5129564765726475,0.6951875008177002,1.1628573206681474
2064,all,4730,0.6346395725347664,0.8034596073272,1.0005198317716892
2065,all,4554,0.44833805286992423,0.3591972486821253,0.6838389691376272
2066,all,4753,0.5684554407895088,0.6075971834667796,0.8470414390005548
2067,all,3422,0.5489532107472417,0.6994788499150668,0.9769632968982432
2068,all,5478,0.7217225226371933,0.8366822428285317,1.0741622699466606
2069,all,3637,0.7121940866596599,0.6118333249742229,0.7536511446910567
2070,all,3951,0.3481491934494605,0.5008345756828883,1.419390331780967
2071,all,4117,0.7676039296459549,0.8731318799160175,1.0173554362020432
2072,all,4103,0.5347521108357562,0.6968563857138409,1.1581638346749483
2073,all,2844,0.18764768984085045,0.392786683248728,1.5286234557583176
2074,all,3821,0.24964332630356778,0.41679684709336773,1.470866020014966
2075,all,3944,0.44387820172659553,0.521401364985618,1.3357741557936584
2076,all,4039,0.5586150604776186,0.6942625045827839,1.215118494306655
2077,all,4118,0.521628175502829,0.7248265895506953,1.1579330203048879
2078,all,3896,0.1901097418431391,0.2648351027858997,1.5631613016263366
2079,all,3826,0.6133399105050827,0.7647908409386652,1.1010117277299014
2080,all,4047,0.35277639465884536,0.42369931307392306,1.483757614424745
2081,all,2108,0.5103644226190839,0.7343845620396433,1.1570371978398708
2082,all,3020,0.5291450131711996,0.6453225673646734,1.2475898950728814
2083,all,3970,0.5656627045559766,0.650573679252219,1.2417123596486603
2084,all,4410,0.7218034124566413,0.8177595655982643,0.8852515223460825
2085,all,4121,0.11438385845835519,0.5548340650201316,1.1939560261805124
2086,all,3562,-0.14423279006335643,0.19984206102535584,1.616514619181091
2087,all,3709,-0.9020671488200036,0.15845604734285446,1.4196992028677848
2088,all,3218,0.6038228473625532,0.6719242051254243,1.269033825122017
2089,all,4664,0.6440097702446668,0.7919702841519084,0.9780576033593336
2090,all,1583,0.5506482502199247,0.5260572301745149,0.7541740900039117
2091,all,5092,0.7734350657191826,0.8594442305629018,1.033802614688788
2092,all,4276,0.45150166913708467,0.6280441279254484,1.231969320989751
2093,all,3809,0.700401614338719,0.8315558839294398,1.075485084183288
2094,all,4396,0.8100588137981899,0.8840083986230033,0.9884031500638861
2095,all,4181,-0.08192489402907599,0.23127929493993082,1.5993312867845986
2096,all,2183,0.5005068134432126,0.6934978720430908,0.7883959172197523
2097,all,4111,0.6713618613847512,0.7971138923084128,0.9887520717813509
2098,all,876,0.4309336961635276,0.7084960370541192,1.1171263845363866
2099,all,3098,0.29413683115196554,0.6154581232613765,1.2081378526820867
2100,all,1282,-1.045347309542291,-0.0324776516487737,1.7134485092589506
2101,all,3997,0.48787679439283016,0.6356559380445315,1.2920566247554675
2102,all,3724,0.6028174100590753,0.7793453700634911,0.8956326557606288
2103,all,2776,0.4931262335457035,0.6572639039195893,1.2330339482381951
2104,all,2503,-14.932605307941456,-1.8566350668224776,2.9867864135052007
2105,all,1947,0.546075896975491,0.6632471857408928,1.0200014218970557
2106,all,3068,-4.348049396159783,-0.48868333322422153,2.252116426945542
2107,all,2664,0.6065112165460746,0.5948016002228371,0.8627983745253723
2108,all,3384,-1.7346573938049317,-0.3741258740671476,2.0439277892516015
2109,all,5371,0.7531259074215598,0.8483789916312918,1.0950527787105389
2110,all,4817,0.8055333490793662,0.8149123062727285,0.8966173293627222
2111,all,4465,0.520055512415629,0.6403823152744361,1.289259893856035
2112,all,4290,0.7283655478429846,0.7212822728665835,1.0181657414767185
2113,all,4386,0.5020364452340478,0.586273239492528,1.3580857574393062
2114,all,4927,0.484445048952189,0.5558042967524065,1.368387747240577
2115,all,4357,0.5652543140934172,0.6555957545019909,1.28551046470148
2116,all,3149,0.629529980175862,0.7417648517137979,1.1910660708035605
2117,all,4005,-0.2120798266731707,0.2121439169382341,1.4859679354226678
2118,all,6,-38.225536864568056,-1.2110381866669369,1.3057040870651666
2119,all,4244,0.46913283425246155,0.728032857985661,1.0151137303709388
2120,all,2205,0.37292428739963734,0.6443844950582889,1.0887552354642915
2121,all,3988,0.5024244904129977,0.6656684487117354,0.987727873676758
2122,all,4385,0.5189706057942878,0.5861020034884888,0.763147315222478
2123,all,5266,0.528306639827417,0.531550873671864,0.7865356927177755
2124,all,5372,-0.4661798572875777,0.30032444963522364,1.4947969475889105
2125,all,5289,0.4097748683804803,0.5626290605173857,1.04389418497965
2126,all,3372,-0.3959746908367443,0.381265914735723,1.5025237976718848
2127,all,4184,0.42876514168004454,0.37605074297525487,0.561019342663117
2128,all,3721,-0.41725195915710556,0.008122164577771374,0.3418639760718549
2129,all,4747,0.3792595371621702,0.3772840454302552,0.5710935876547911
2130,all,3028,0.42515320581450433,0.4069905055179499,0.6623833224109845
2131,all,1728,0.4381244094525577,0.5499043150974225,0.8528354253107161
2132,all,4573,0.6428400895819337,0.7551101422208182,1.1461104819764283
2133,all,3804,0.5222179600955439,0.5474587537305713,0.795096581589848
2134,all,4882,0.6247564092486559,0.6647950417156478,1.2011680942526173
2135,all,4335,0.17114078966291724,0.3239018405689218,1.6068721253299785
2136,all,4783,0.25800554285205646,0.5985947597075606,1.1652596701085032
2137,all,5585,0.6127301244032244,0.7206263054792323,1.2138726256393468
2138,all,5125,0.6463231677481458,0.7292634790758663,0.8605566493276398
2139,all,3344,0.48819284413673936,0.6964043499878305,0.944795391806304
2140,all,2041,0.031836583236305005,0.4847621715545056,1.3237922962567108
2141,all,5999,0.5609648936463325,0.7179623307541378,0.9828913182129829
2142,all,4711,0.5831155905293293,0.7310972410429921,1.065038390925326
2143,all,6262,0.5642883327657287,0.7322572711597883,0.9627878435855736
2144,all,4396,0.4657952527968794,0.5516422991043577,0.90456353273711
2145,all,53,-0.25426222161888545,0.4770381669717101,1.2197938114729137
2146,all,4947,0.5491461478039861,0.4609146629465717,0.8121214719463025
2147,all,4803,0.6512864682215505,0.7801519028445438,0.9259227097743253
2148,all,4617,0.33840535336174704,0.23705384600454538,0.5317969776561948
2149,all,2770,0.6252260666367914,0.665553644849957,0.7858081617715016
2150,all,5828,0.5491392705096927,0.42476283894532907,0.6711313091735014
2151,all,4291,0.5530382209706228,0.5584144891517735,0.9019802282188318
2152,all,5984,0.6041394830962589,0.5654317029345884,0.9246823784696497
2153,all,4011,0.3344873897170162,0.29154775088655316,0.7715850280704825
2154,all,6287,0.2721684587897608,0.5594277928831584,1.3101514234557208
2155,all,5703,0.6517172671731786,0.7294310429370202,0.8674760941231925
2156,all,4978,0.6033422656791787,0.6077809060733261,0.7935509263551588
2157,all,3949,0.2992633702205787,0.5373845598827374,1.2869199482456453
2158,all,4580,0.7515726822895799,0.7789281830982455,0.8774803881519722
2159,all,3957,0.766121369326499,0.8148514671460884,0.9114093916343912
2160,all,4828,0.5314183707457589,0.720093815451402,1.1551755983125145
2161,all,5311,0.7343777405008407,0.7596824498460746,0.8995224983061184
2162,all,2025,-1.1111364316484722,0.16624786828638283,1.4044669859501318
2163,all,2233,0.18717119354452727,0.11098758754531146,0.411715945514101
2164,all,2857,0.6266056305812395,0.6899115382983765,0.9467836125035167
2165,all,4608,0.5267778476332576,0.4946869104193693,0.8670963298535023
2166,all,5718,0.5182269244997454,0.569425470100597,0.984620646258816
2167,all,5350,0.3961397438321351,0.3334683978498837,0.6604441208201782
2168,all,3398,0.3184270422954484,0.558164858144885,1.3171348793566358
2169,all,4398,0.5148175482700169,0.5581691744354647,0.7146822091778847
2170,all,4501,0.541826245803338,0.7156881280385619,0.9431099115945727
2171,all,5117,0.5732098806724711,0.549737775164511,0.7564143544225828
2172,all,2447,-1.42013915487468,-0.3229484449836064,0.08329023542886835
2173,all,4449,0.5510522381102206,0.7765293644541823,0.9538614203937206
2174,all,5021,0.46581082179434596,0.6223697296759632,1.283109465928277
2175,all,1662,0.4367549683580625,0.7265460228958301,1.0223768495486167
2176,all,1751,0.24460909761535843,0.3609270023354936,0.535582933086749
2177,all,134,-3.137400502921496,-0.24760823277090083,0.15101942125380502
2178,all,4953,0.43813940175124344,0.33419618826465436,0.6219375269513653
2179,all,5496,0.2126561704922707,0.29344745319828436,1.488882768342863
2180,all,3019,0.6336847474268918,0.7338659156186573,1.0914677529130934
2181,all,2071,0.03807420876614942,-0.2166737194899222,0.5723874740735193
2182,all,3996,0.5835044130881033,0.7768694543490853,1.0529304154531043
2183,all,3302,0.46928268432512155,0.6542075567320815,0.8964344180915678
2184,all,3113,-0.6908280452931206,0.20072644396610928,1.6052274523461463
2185,all,4990,0.13412969929722818,0.3772465792991496,1.533136796573932
2187,all,3824,-0.3136948328772138,-0.02641753274616976,1.8934224519552902
2188,all,4407,0.0664418783104157,0.264227657453475,1.5954486957807488
2189,all,3279,0.2471864572809026,0.5279500360562367,1.366104063857593
2190,all,4057,0.686303554150714,0.6533836193246463,0.8893790368550981
2191,all,2572,0.6135015894387291,0.5345789468233526,0.6962992155497318
2193,all,3262,0.7466107963024252,0.814326676087687,1.0408246499350733
2195,all,5145,0.6700509664300052,0.7866336070854908,1.091939504493453
2196,all,4020,0.6487072082400964,0.596614777076067,0.8124812087744545
2197,all,3446,0.6725812545600669,0.7488281608466283,1.1181069071184748
2198,all,5150,0.7091665568093877,0.8135486035795783,1.1112447359615218
2199,all,3071,0.6632503930758797,0.7751160636609316,1.1678554943350892
2200,all,3448,0.7180384941876207,0.7916487012462651,1.0453960278076049
2201,all,1570,0.5857500403815941,0.5854431867044229,1.093989798642331
2202,all,3057,0.7390172720171861,0.8357810924500435,1.0338234185420296
2203,all,3706,0.519768963198987,0.6819805231876022,1.2056297789853518
2204,all,2526,-7.102496307273325,-0.22048590239596422,2.1901526600333105
2205,all,4616,0.6148634749870362,0.7329294551496066,1.0029584612956117
2206,all,4901,0.7329807957163136,0.7650516308560278,0.9343726064089829
2207,all,2900,0.7191287401060629,0.6678785746822167,0.8067273325986442
2208,all,4731,0.7149481174501878,0.7254352628852357,0.8867518595353799
2209,all,5638,0.7610581725921606,0.7851155411087412,0.9464791104431741
2212,all,4949,0.794492208883228,0.7647091890697587,0.8691081884261368
2214,all,3939,0.6409531336094438,0.7524182379315072,1.1727924836124521
2215,all,4020,0.3464872740267396,0.44029871307734136,1.4928931609441045
2216,all,5230,0.5629248413024096,0.6446451372055112,1.2672390439837267
2217,all,5191,0.7565003691768014,0.8190566898531602,1.0460444913483062
2218,all,4188,0.659150020040264,0.7045347438430191,1.2499129506162971
2219,all,3552,0.5864569431947545,0.723732024040705,1.1313440664480758
2220,all,4804,0.48205502847870285,0.6095600697749117,1.2665420232602713
2221,all,3776,0.33689042975415906,0.6178996670611412,1.213892202304295
2222,all,3544,0.5025354608551191,0.6800066082508043,1.2311241889178954
2223,all,4223,0.6658303506027927,0.7697830525441351,1.10424668374171
2224,all,4218,0.36599092544356837,0.5390405650088255,1.3567272962349264
2225,all,3606,0.7373049361692139,0.7921696408235157,1.153570798550241
2226,all,3211,0.5757796815401939,0.6860698205011493,1.2091466571217042
2227,all,3368,0.6201760658180299,0.7195523423483763,1.224207360649877
2228,all,4650,0.6671441983861484,0.8017984871623425,1.0596498399554306
2229,all,3978,0.6168190280271889,0.6779491388360859,1.2803688095142378
2231,all,3475,0.5470970892829338,0.5686020025653915,1.3834712717004267
2233,all,4615,0.5424910876470703,0.5855857022665714,1.3425579930998586
2234,all,3075,0.6071369786864979,0.6412491227455953,1.3196989143860869
2235,all,5476,0.5764090326872484,0.7794853915160606,1.0675887569355804
2236,all,5514,0.5109360988719165,0.5875207025164687,1.3530145463409795
2237,all,4979,0.519548520141234,0.6867420256670771,1.131703432645496
2238,all,5318,0.5889893038324563,0.7561189115263792,1.146092302656617
2239,all,5150,0.6055710839291215,0.7322226651970967,1.1827131896626037
2240,all,4629,0.6871528699313832,0.8238731916599612,1.0161479333266943
2241,all,2987,0.6877045453421284,0.7859565235713138,0.9202579678126903
2242,all,3571,0.755268827902042,0.8285309016915234,1.1323145749081431
2243,all,3516,0.7691879716511709,0.7365826489758556,1.0049833240095372
2244,all,4836,0.5949549419638904,0.6977404123595106,1.2385793368013167
2245,all,3507,0.7654611671142271,0.827790052298502,1.1402524296080803
2246,all,4525,0.5708106586099979,0.6811672503288659,1.260475868141375
2247,all,3939,0.6723316387756391,0.6410290954694688,0.7567899348243914
2249,all,3647,0.6803230157850663,0.6791470124305228,0.8332616926949205
2250,all,2213,-3.096921008022891,-0.20259779626686947,1.7189797460896017
2251,all,2137,0.6478092312967592,0.7843359651618206,0.9582617733504915
2252,all,3826,0.10511330929352791,0.31764464329209385,0.5195652691727097
2254,all,4913,0.21723590088462297,0.3769263257541997,0.5498414237772891
2255,all,2378,0.22901824837844675,0.49738936914775767,0.7949552517180659
2256,all,1588,0.4919678102724431,0.7300743166828156,0.8619998162548234
2257,all,2226,0.6220411305463647,0.7731018735731445,0.9791410117215462
2258,all,2640,0.6970625606678545,0.8194470710976081,1.1136225581442811
2259,all,3966,0.6026007959165054,0.7214971659091709,1.2212697552943272
2260,all,2906,0.674285346960808,0.7279553608346423,1.1761849646428713
2261,all,1570,0.3943861061203757,0.6451852886044629,0.9457857039097493
2262,all,3381,0.5989676759935871,0.6730225365860516,0.982176263121019
2264,all,3332,0.6897309140756747,0.8363758425089635,1.0585092678576737
2266,all,4651,0.7207006142997806,0.8245777906988526,0.9214871576684525
2267,all,3698,0.4616638836516058,0.4900651536756241,0.6368701786974367
2270,all,3930,0.6597122543296422,0.8184185497367248,0.9582676306181052
2271,all,4646,0.11554709716801304,0.4536641754989237,1.3009861639714788
2274,all,5171,0.5687145350059599,0.6763855219859305,1.2460439350757788
2275,all,4235,0.4987075396842878,0.5269942976192361,0.747974592071954
2276,all,2411,0.5132255866625528,0.7159455529511194,0.8370567150694853
2277,all,2926,-1.9010601808081273,0.4410997026106719,1.4501675711318203
2278,all,5034,0.40279343499972164,0.5643539038557293,1.1694323468758339
2279,all,2746,-0.7973572978410217,0.06648978397590366,1.5533634819375137
2280,all,4261,0.6422051721836155,0.8228932829150073,0.981110773520604
2281,all,4987,0.7362850377307385,0.828916939090857,1.0712491870886325
2282,all,3226,0.6045599584840511,0.7825126691133272,1.1191858717001495
2284,all,2486,0.7201257297352431,0.7590379449002921,0.9596897341099826
2286,all,2318,0.48984395702879124,0.6081355229162271,1.0759258779591165
2288,all,2118,0.5404027283055018,0.6872953991239708,0.9331500803680356
2289,all,1795,0.2327782387667452,0.6678421412048101,1.1917813428479391
2290,all,1505,-0.6647521917318311,0.477306983235006,1.4642349901170764
2291,all,2017,-1.8994582521281527,0.28704077679159523,1.5739710208381592
2294,all,4966,0.576409786458532,0.5977122821687332,0.7267504996365715
2298,all,5248,0.6704972966016423,0.6869172702753032,0.7473514723009074
2299,all,4554,0.6533893982494456,0.8150240107399254,0.9243053657912657
2300,all,4385,0.7227852865029197,0.823984971995913,0.9066718588054894
2301,all,3599,-0.1109001662850837,0.23653304116727591,1.5321581277027536
2304,all,3304,0.5736022847234055,0.7253632063769686,1.1072656691428606
2305,all,3630,0.5130204679357875,0.5893091013929159,1.2932166824750715
2306,all,5256,0.35969389085551695,0.4598648010308405,1.4420514375144142
2308,all,5610,0.7239596851370836,0.6498180320715266,0.7431031342908843
2309,all,3071,0.5448387096764862,0.7772977486006257,1.15091076692508
2310,all,4433,0.6910640167881736,0.6620481438979338,0.7706547251759869
2311,all,4289,0.7900726285158632,0.818661143104901,0.8923438743532792
2312,all,4387,0.6805604324277361,0.8007504469831538,1.070478065429777
2313,all,4163,0.550199573421322,0.73807238247271,1.0581949210539003
2314,all,1884,0.5302491091334205,0.7322886344446466,1.089745227787051
2316,all,1898,0.02863160669196274,0.5634413738632744,0.9123810206789134
2318,all,4203,0.5544821418714769,0.7118374221360336,1.2213421560503395
2319,all,2136,-0.5263199421657832,0.2495672425688107,1.4883899201485522
2321,all,3726,0.4314624031890154,0.5967272693789274,1.2189910780888333
2323,all,2393,0.6826400419745036,0.8316547083461002,1.000880269972179
2324,all,3390,-1.356962405113714,0.13172626182838154,1.6084535515899485
2325,all,3852,-6.912512568153869,-0.7956676984680466,2.43312817197054
2326,all,1513,0.2985140550243993,0.598098417507744,1.0237212903717685
2327,all,3168,0.5926892413040679,0.754168289680246,1.169471072680473
2328,all,2953,0.17987465403889946,0.5445725670271637,0.7400967322391588
2329,all,3262,0.5857211184632273,0.6761312647542346,0.947501782901228
2332,all,2640,-4.267692468432119,0.09823676887983379,1.7727588265382812
2333,all,4115,-1.024408878601034,-0.144913289102357,1.8187412335340898
2334,all,3268,0.3138064249324919,0.5922928238143784,1.3322337243899092
2336,all,3500,0.4552662802034453,0.6665132613614142,1.2346981969139257
2337,all,5866,0.6953930193188849,0.7759337949938215,0.8761299778677408
2340,all,4552,0.7429601886084164,0.7438477174992162,0.8951837691168937
2343,all,2466,-0.6775799229281956,0.18529238383594349,1.6302811980989664
2346,all,4882,0.720147327944471,0.7134673124683948,0.7793956820924394
2347,all,4008,0.6225737570210281,0.8096947066005592,1.015208588110457
2348,all,3926,0.6161611210301408,0.7219576426601066,1.206877399101206
2350,all,4145,0.5252608908087024,0.4989498325001822,0.631815161888441
2351,all,4316,0.4648554132888487,0.5728606942997676,1.2298243753215434
2356,all,4070,0.2856652662752591,0.4375222703126155,1.3917998111735508
2358,all,5311,0.773838172890557,0.8123264103309715,0.8921213964586479
2359,all,5926,0.7688763868539776,0.8327292053583784,0.9776791212878416
2360,all,5651,0.7873689672607123,0.8133760284840226,0.8675722606596429
2363,all,4280,0.49620753835111264,0.600694359204407,1.2898744132288649
2364,all,4866,0.7424603907950338,0.8611099628512636,0.982901184494448
2365,all,4582,0.7111976238475051,0.7931768046742103,1.0224447110822779
2367,all,4887,0.7280354990299529,0.7769893639933714,1.1475584811931383
2368,all,2152,0.7579192496110696,0.7849525691493267,0.8995637036828847
2369,all,4280,0.004885152630179079,0.10332796282890278,1.7541065562299814
2370,all,4002,0.3939920512069891,0.4789922890078252,1.351515703254021
2372,all,3585,0.6016551658181808,0.7833910722761815,1.1004963094747429
2375,all,4651,0.4890575907656882,0.7171509760995322,1.1205267445616587
2377,all,4901,0.6241309098359844,0.7490491376364314,1.1624217458942567
2378,all,3606,0.7443004720465166,0.8666988176375227,0.9555042084127602
2379,all,4815,0.5722006869435852,0.6601083755528121,1.1888217700045194
2380,all,4149,0.5307557160937413,0.6954234177719021,1.169686090435564
2381,all,4138,0.5071030774829994,0.7159501068495803,0.9668298667426184
2382,all,4868,0.6023687043147459,0.762829599984282,1.002725377629789
2383,all,5667,0.6548841001966454,0.760580237701215,1.058910170264127
2384,all,5357,-0.12375011598079921,0.15945230150204504,1.6749413155846764
2385,all,5281,0.0681385210967681,0.2654208530400549,1.6217493626089914
2386,all,4373,0.6633474151975446,0.7576435093736954,0.8840557638194917
2387,all,4224,0.4253994859497877,0.6414684014478857,1.237155545034104
2388,all,5140,0.6090498149008876,0.5836107492874758,0.7429168178907386
2389,all,6194,0.7407985675583931,0.8676033921996658,1.0339218506094943
2390,all,5629,0.6621274105990509,0.7671345005486311,1.1613814594047422
2391,all,1897,-0.18423682227240068,0.21077427992348174,1.7068340300067404
2392,all,5936,0.5089497104718368,0.6378409716841351,1.2510341951474733
2393,all,4911,0.6480462954668935,0.8054526973422674,1.0949957502322694
2396,all,3923,0.5734739218550384,0.6810658934472851,0.8570848514871966
2397,all,4522,0.3394281032698344,0.6578253876849811,0.9470047682187626
2398,all,4404,0.4544498665860791,0.6617583507392688,1.2143691644194698
2399,all,3677,0.6804326803049587,0.7859583277897025,1.0689690407538253
2400,all,4610,0.7379662883524396,0.7846603540129624,0.9745030836937438
2401,all,3892,0.5631931031754998,0.6421034920201161,1.2717395509117728
2402,all,3784,0.50942232480726,0.5202148324617948,0.7551180457729025
2403,all,3258,0.6143520059320355,0.7511342338033659,1.1078879617006379
2404,all,3029,-0.2735096719767758,0.1494012794778955,1.6882492680102306
2405,all,4016,0.336292467767208,0.6585920332445677,1.0686895249544839
2406,all,4758,0.5145506302179141,0.5231655884717399,0.7299785867664845
2407,all,3724,0.7394562663723467,0.842757477932668,1.0046244118645213
2408,all,2871,0.44567248348408917,0.588907780827483,1.2735654245914254
2409,all,3417,0.6953912411302724,0.8141244742848245,1.1183035533333971
2410,all,3493,0.7434390516300705,0.8008084297887401,0.9369879608166658
2411,all,2645,0.6843421853394324,0.7879189189832381,0.8850077583011418
2412,all,3202,-1.563152547000259,-0.7088284712587747,2.579971799462143
2413,all,4190,0.7860431150278517,0.8759984468691444,1.055509421320555
2415,all,3387,0.5692146667713108,0.5524731149450546,0.6749088484493848
2417,all,3045,0.6208882203342442,0.7768217207538352,0.8875198050517594
2418,all,4952,0.4338571114829869,0.5259945869258951,1.416726724511757
2419,all,5314,0.6559014509116995,0.6928999777705179,1.229065593445073
2420,all,5724,0.5610971173693271,0.5722503627046767,1.2725112500029705
2421,all,4727,0.5739179911348169,0.6259646430241858,1.253613478342111
2422,all,3544,0.5867891447015499,0.5571028040566934,1.3274774889374612
2423,all,3116,0.4839942693846504,0.5888386187985264,1.3317708343627948
2424,all,2623,0.5723017318923986,0.6705869323759764,0.8638865588069258
2425,all,2533,0.6888867234438538,0.7629466317863266,1.190756715479554
2428,all,3306,0.5550825960470107,0.6908904583591395,1.1742388008007267
2429,all,3759,0.4075658238514901,0.6310860957827061,0.9072144937224813
2437,all,3427,0.47286808122304624,0.587430730365355,1.2837836348204772
2438,all,2212,0.07136717137614268,0.29205306236417494,1.58090940879904
2439,all,4731,0.5185482537711086,0.6466036611672948,1.2363264465581945
2440,all,2795,0.33155638434675283,0.4984022526668135,1.425662570578922
2442,all,3490,-5.684941808481351,-1.4220430383170912,3.1595783445892334
2443,all,2212,-0.4993004074293055,0.1892748631072444,1.6116666050051436
2446,all,4704,0.749129491889569,0.8580601110473032,1.03960524569378
2450,all,4619,0.46468508532664143,0.6322520011791039,1.2758472837192463
2452,all,4080,0.7160703377149291,0.8203716647524112,0.9144079520680284
2454,all,4062,0.5265765168300613,0.7391313249681519,0.9228447193238951
2455,all,5045,0.747670710632717,0.8740225250159734,0.9957770937998969
2456,all,4963,0.6639657638448297,0.7651045892094399,1.130948916158257
2459,all,5006,0.39516575130463094,0.6723994916216876,1.0870842534633498
2461,all,4870,0.5645470472059626,0.5743311712547777,0.8359844949824016
2462,all,6868,0.6240744200227378,0.7665761580654112,0.9935177376108666
2463,all,7122,-0.8397575351202784,-0.11406536433446912,1.8925797126617465
2464,all,5405,0.5595003568068484,0.5673679239890095,0.7306314322629782
2465,all,4366,0.49935873886355986,0.6718805164712776,0.9291404156597595
2466,all,3638,0.454030464376194,0.6225208506772737,0.8637607151568705
2467,all,3702,0.43851365721720736,0.610873711423537,0.8886440404280251
2468,all,7128,-0.18673575811923993,0.09532264455671613,1.7498998310289449
2469,all,3664,-0.04708192306076042,0.2596611798796763,1.5640826734686972
2470,all,5593,0.6321972832067617,0.6133332160888747,1.0139230684109433
2471,all,3336,0.49808533175111,0.43713655585675804,0.7574887180474179
2472,all,4862,0.5871757650724092,0.5319627251259971,0.813515137568814
2473,all,4147,0.5932444255884097,0.6307900159136759,0.76578227501969
2474,all,6753,0.5017084324845287,0.41434594559555293,0.7088985078947745
2475,all,6503,0.5308730808420117,0.4327813732707242,0.7011867050257402
2476,all,6071,0.4997548014438139,0.3809658388894658,0.6843352642210283
2477,all,5643,0.6197544550838279,0.6186745208117541,0.8739802453713001
2478,all,5679,0.6177967159863968,0.7590935842000724,1.143259311511719
2479,all,5181,0.5662942651983154,0.5110102988656765,0.885284461101432
2480,all,5430,0.5194813245227472,0.6954474912915847,1.1761880079873235
2483,all,5363,0.670003424951241,0.6263460201886,0.9639835514629996
2484,all,6067,0.5132132750096688,0.3770037313045067,0.5568445348146008
2485,all,5761,0.66359370053925,0.796039658142791,0.9954576716923099
2486,all,4580,0.13799983022759088,0.41054710696159036,1.3964815323366857
2487,all,4957,0.36912109557821726,0.5491669402830299,1.2672174986512965
2488,all,5019,0.6682993871409424,0.764065178647136,0.9039779085848486
2489,all,5684,0.5173682605789285,0.7180878176616641,1.1638317160895457
2490,all,4515,0.709774754335491,0.7555502482617309,0.872445452194773
2491,all,5118,0.7251440679630959,0.8598741195181171,1.010833994756737
2492,all,5957,0.7044144835273214,0.8391829276727429,1.071513179630084
2493,all,4555,0.5378236452890804,0.7267072598420381,1.1659618146383164
2494,all,4875,-0.05062914159518028,0.31031609100139734,1.5094062066967437
2495,all,6066,0.21250581078990927,0.44557212385858835,1.411905779957422
2496,all,4952,0.5159634570448761,0.7614622563385923,1.0484163079485251
2497,all,4738,-0.46421294736999696,0.0668411562292579,1.735382259203018
2499,all,4150,0.35519245278035205,0.533947649291932,1.3757606550302155
2500,all,4834,0.6567900473785719,0.7264586965483066,1.0158570089496606
2501,all,4593,0.5453713420015491,0.7554467953061059,1.1064462711526413
2502,all,5074,0.6958866146977226,0.727038785814658,0.8863651557536634
2503,all,4797,0.646961412483814,0.7567533458174975,1.1773608286323687
2504,all,4811,0.6641666968908811,0.7767512237895249,1.052936454189627
2505,all,5003,0.7080053268958775,0.7085473573700043,0.944360252771475
2506,all,5539,0.7457326930781815,0.8161809241180025,0.9338227619534323
2507,all,4953,0.341500045759758,0.48296819196438345,1.4080042539110404
2508,all,4514,0.08758675000290228,0.2646904090965183,1.6295134458045308
2509,all,5768,0.5258487665948288,0.5333278502895631,0.7194923276845062
2510,all,4677,0.16580799730107076,0.4467182155902396,1.394769732076076
2511,all,4645,0.7709507657690765,0.8659411451882243,1.076448781835168
2512,all,3956,0.5150364340169362,0.613674578714384,0.8748983229467066
2513,all,4899,0.676878820300773,0.7831148777296989,0.969189141787866
2514,all,4061,0.521061655008503,0.5145994449168044,0.7584964785676356
2515,all,3220,0.6453460402267732,0.7617835928609242,1.096145887623229
2516,all,5132,0.7097286920510677,0.8355495926183866,1.0136998800205
2517,all,4168,0.7972035752182531,0.7832626269261405,0.9477906919428993
2518,all,5261,0.6337117977591448,0.7412724219258722,1.181983696255653
2519,all,5732,0.7003121806366106,0.8265595297847577,1.0280801703797957
2520,all,4547,0.570795662245047,0.5295820469066146,0.8086683645786749
2521,all,5464,0.7508344723541254,0.8238430551732323,0.960290537985398
2522,all,4985,0.6616474433500388,0.8254342044044912,1.0429160622136335
2523,all,3551,0.48988229099949754,0.7202653168060864,1.097034844108803
2524,all,3883,0.5008822317521572,0.5271918525457112,0.700725395596417
2525,all,5063,0.788346360091815,0.8085523380008607,1.02873287948904
2526,all,4610,0.2635582784014444,0.4480390193533217,1.4052160555966353
2527,all,5450,0.6977846496230781,0.8341109866169545,1.0765860706356079
2528,all,5553,0.5378212237035944,0.7204131702255923,1.1711529371194458
2529,all,4261,0.5881583206197274,0.7458417713614973,1.1647279532047776
2530,all,5001,0.6905560991788849,0.5597644616258574,0.7634331190862723
2531,all,4632,0.7551813970581952,0.7392775557151177,0.8793751812302215
2532,all,5141,0.786909174442994,0.7668497152585276,0.8758501248600511
2534,all,3752,0.5331571038588874,0.6977783738137466,1.1723223455766782
2535,all,3325,0.314207339488349,0.4018532164202294,1.534925604290219
2536,all,3499,0.23207503773018479,0.3841400650628777,1.3260012411772792
2537,all,4446,0.70606671323614,0.8451673744622848,1.0584553517426856
2539,all,4467,0.672411297843095,0.7942394108605465,0.9171751133702208
2541,all,5685,0.7499821898894141,0.8594977714350632,0.9658113017587893
2542,all,5249,0.074245793934826,0.32855704501888927,1.5373116768120096
2543,all,4421,0.7865766474533094,0.8791801912680198,0.9794124550590649
2544,all,5115,0.631921425683639,0.7862598944996508,1.0452755841643357
2545,all,5253,-0.7314313908923353,0.29704698464062607,1.4464458320317963
2546,all,5706,0.43762402380873666,0.5929052573545242,1.0534585401520802
2547,all,5390,-0.06766852134056012,0.4759438044502543,1.1682020122910952
2548,all,2919,0.32343592501928375,0.36183881251110606,1.0875365238635257
2550,all,5606,0.5890708251962802,0.5865062969807282,0.8273065289300914
2551,all,4969,0.6351537783538519,0.6933796454662261,1.2521071697494426
2552,all,5427,0.6283468386579085,0.6579239780463411,0.8737532285814206
2553,all,4648,0.6372271489020918,0.7952701676614523,1.0723638903914028
2554,all,3186,0.6637967825283795,0.7821637684665594,0.9707439649479588
2556,all,5530,0.8076774104066055,0.9004876791031811,0.9764607500890516
2557,all,4658,0.622501855655537,0.6938429631541185,1.1691169509113029
2558,all,5644,0.7307771131202159,0.7843248224823072,0.8737436750859762
2560,all,3842,0.6640765857143017,0.7584527633745706,1.1947600205684183
2561,all,4050,0.6223212990444033,0.7753663800138091,0.9590182719065152
2562,all,4837,0.5109749018447691,0.6787383681009327,1.2013816889225886
2564,all,4298,0.7096376303746181,0.8282962020823015,1.0631155290892504
2565,all,3536,0.6745889812185927,0.8080790982384946,1.1151298605152096
2566,all,6129,0.7131394369694541,0.8292943939865131,1.095511405960915
2567,all,4621,0.6374756383483947,0.8102457493359414,0.967882148737373
2569,all,6277,0.7018659230295681,0.695368391912032,0.8265854979227668
2570,all,4844,0.6742043153088693,0.8024985674011437,0.8840130645301777
2571,all,4802,0.6750244240280503,0.7580787848800892,0.9321754984993792
2572,all,3267,-0.5719794623285142,0.1115089536021282,1.6505164479318197
2573,all,5226,0.6711558189634512,0.7841016409568289,0.8695069938819849
2574,all,4516,0.11468221890755703,0.4784314286077259,1.2069308577715554
2575,all,3365,-0.7989133323014581,0.06116829943289781,1.3436748654648971
2576,all,4026,-0.09668101841577048,0.30285004613428956,1.5156055379794569
2577,all,6245,0.060343000916056266,0.33933294108936163,1.547018959265518
2579,all,4478,0.5602676039673122,0.4352776165913844,0.676239535816652
2581,all,5003,0.670472526970519,0.7146020387223451,0.8965802584032585
2582,all,6079,0.5588203832534101,0.7749634901185443,1.0710579095871648
2584,all,6714,0.5788064754814246,0.739297539496638,1.1122716873646152
2585,all,6624,0.6338239010282714,0.8129084194518297,1.0508641827775107
2586,all,5525,0.5007429294434629,0.6972189877085878,1.1654432419841652
2587,all,6423,0.4244462023574408,0.7093253526589834,1.0992452863569588
2588,all,4028,0.5077923746296387,0.4733840793123999,0.6849676331103403
2590,all,5106,-0.17380189120492617,0.3300565398967872,1.4517053590188609
2592,all,5275,0.7019699839649219,0.7704549917599903,0.9184331618443108
2593,all,6178,0.5820921096467906,0.779820442276552,1.0837738027877142
2595,all,5909,0.15948976628402778,0.3168268949952452,1.5857707520964928
2596,all,5323,0.4915324151450182,0.6449903997685571,0.9267738391582157
2597,all,6098,0.596588871158541,0.664303505855447,0.907322571057923
2598,all,5241,0.266363033611256,0.5808787330896353,1.1964126590046933
2599,all,4573,-0.2781359714708045,0.14907663196957066,1.502392773355606
2600,all,5703,-2.4863087897321594,-1.1235376515273536,2.801731078670405
2602,all,4811,0.22218440830343877,0.5395968276222509,1.3737529733899474
2603,all,6082,0.4909363741053051,0.5269277198934021,0.6912454870535086
2605,all,4133,-42.44684865327164,-5.023928560315988,4.758036278915151
2607,all,3910,0.40008980638512626,0.6634953451250009,0.9070194914134191
2609,all,6881,0.4825402136854986,0.33348959415541257,0.59922144007322
2610,all,4611,0.21005074467051188,0.3972773125124831,1.428656718391846
2611,all,5279,0.6541082573825779,0.8097107268260868,1.088998796464645
2612,all,5608,0.5532840637640153,0.7789797743456899,1.0322378826074114
2613,all,5049,0.5333683408039426,0.5793758050377233,0.8294829477442387
2615,all,3776,0.571316042359348,0.5373073202915117,0.78832917379776
2616,all,5253,0.34073051856439374,0.2645203200892141,0.6768195795377397
2617,all,5078,0.3415820574151709,0.1698650829143109,0.4988709226085942
2618,all,4549,0.2821839796901858,0.4544464748944852,1.4659709128306833
2619,all,3409,0.5263013646679355,0.6985034470897726,1.1931743994769461
2620,all,4910,0.4485190779550162,0.5825065279267982,1.3173809796419718
2621,all,4671,0.6169340706737341,0.6145558945232236,0.8935436501216268
2622,all,5688,0.5962279192283296,0.5526865078461992,0.765913741757643
2623,all,4158,0.6129194922147665,0.7492552405104389,1.1589420019121457
2624,all,4257,-1.244697642149013,-0.5359761532162512,2.3570764293605224
2625,all,3715,0.5601924155585539,0.5614687884532831,0.9886385745073741
2626,all,2848,0.5526198229741127,0.5746803333653746,0.8854565784651648
2628,all,5206,0.42637531314030086,0.43397911715963966,0.6762872905504133
2629,all,3399,0.5857874796981821,0.6480049183934058,1.079855554757889
2631,all,4741,0.29751449949162534,0.5575729351938793,1.183534683649733
2632,all,3948,-1.4429520262027418,-0.37476865737793785,2.017727384487367
2633,all,3640,0.5988592999647513,0.6678633458768339,0.9490540337822547
2635,all,5142,0.47715243405808083,0.4682578523202203,0.7055334004484402
2636,all,3254,0.36420275431561566,0.6315395904557779,1.165517114147546
2637,all,4436,0.35624180072082434,0.43424194726045706,1.4987118496730338
2638,all,5740,0.5882651937824226,0.7311505654255845,1.0099837616532594
2639,all,2595,-0.13013494981999973,-0.04796172610200511,1.9834280394894566
2640,all,4536,0.41370300172568986,0.32344033455804233,0.604422460421395
2641,all,5123,0.341164819290519,0.2431611177240377,0.5054263219658839
2642,all,4140,-0.633436456140305,0.0014487172884121158,1.7275108437411286
2644,all,4632,0.3491728633789253,0.3340783635517318,1.5294379987324014
2645,all,4269,-1.5780834511473203,-1.3279381107518025,3.255433112465766
2646,all,5603,0.5025314599238523,0.6444884616702877,1.1589111143555695
2647,all,4998,0.5552671400672978,0.6950436881087902,1.2207381106214543
2648,all,6271,-2.624482021523501,-1.2485903944698928,3.143025749689651
2649,all,5103,0.6204236000150792,0.8037088781045092,1.0458058831420396
2650,all,6752,0.4374103923151894,0.49353548884816256,0.7517921500410677
2657,all,4787,0.5517391950575605,0.7336020797893801,1.1480707578454656
2658,all,4449,0.31193353553372616,0.5438504692336756,1.358219214337354
2659,all,4920,0.6547514055274694,0.7962351293116402,0.927626940187814
2661,all,3372,0.30171442455567055,0.5945211483330692,1.2387070739211354
2663,all,5048,0.010248316987999329,0.3198631463037007,1.5381128117041478
2664,all,4479,0.5108375802826947,0.7173878934319631,1.1174014803810048
2665,all,3326,-0.07094521751428151,0.2902923590397116,1.595091435768286
2666,all,4419,0.5037594339929832,0.7149521315358821,1.1734070421705707
2667,all,4583,0.6295451152954488,0.7680574472277168,0.9980659726084012
2668,all,4777,0.4197836634252565,0.5730322287476096,1.3416862416642859
2669,all,4481,0.48782734012184215,0.7435641610516992,1.0721379855719964
2670,all,4592,0.5380880733504927,0.7235889965301758,1.169626942337891
2671,all,1306,-0.45084400174678096,0.23544300375964278,0.794162767427237
2672,all,4941,0.6108760740337367,0.7334459666588632,1.186443379801829
2673,all,4774,0.3972123564556691,0.5079232643530247,0.6519894536866339
2674,all,4645,0.24268561441578762,0.42816509288529603,1.4803677055176478
2675,all,4042,0.4926375001387646,0.7461768573948737,1.0710015407227718
2676,all,4569,0.6451678897102837,0.7781879304182593,0.9964078080353982
2678,all,4700,0.5983481458277746,0.6852073078889189,0.8091344130788994
2679,all,2095,0.09356277255539691,0.5418219923886509,1.3748176055041208
2680,all,1778,0.01598209947720275,0.552143641871615,1.1248285141611145
2681,all,2368,0.08392974065952774,0.54288736842709,0.943756336266086
2682,all,3488,0.4752287186586889,0.7354172445624421,1.1097200394791111
2683,all,3073,0.2608722516849705,0.6337500911949911,1.130997579224319
2684,all,1344,-0.13712540702324283,0.5000779117228293,0.989766911310504
2685,all,3839,0.30666604904839223,0.4629164238738963,1.4543346779215267
2686,all,2421,-0.45462693024407685,0.16796460513032518,1.6015333237894507
2687,all,3180,0.2610318173349897,0.5183414706155213,1.393014603196795
2688,all,3451,0.6020046899658146,0.7672623057247479,0.8680141917146644
2689,all,2125,0.5592373748486275,0.6964830225952325,0.9069029998743466
2690,all,1720,-0.1371856335548285,0.40802309419495664,0.5875009169126516
2691,all,2081,-0.19158886427919497,0.4657623912393052,1.3467706493598706
2692,all,2112,-1.1002066482536588,0.030430253835292853,1.8531887407804328
2693,all,2693,0.3466258028018566,0.6781154285845645,1.0917458902153239
2694,all,2590,0.27412269024458824,0.49042522823503054,1.3962764351410115
2695,all,2022,0.018636006813888217,0.41446421494133767,1.4588209234747425
2696,all,2720,0.4467444718058585,0.7338913464004132,0.9821872529147893
2697,all,2402,-0.49340690738087356,0.07052084671246561,1.6968494397250402
2698,all,546,0.5020113213209063,0.6880693620897094,1.0652710180799538
2699,all,3916,0.6574936208071915,0.803971920166739,0.9309352446511167
2700,all,640,-0.06995504711755562,0.48716045046791756,1.2583897197191125
2701,all,3057,0.5378160510225325,0.7724380955382714,1.0162284196139928
2702,all,2913,0.4839934672393893,0.6077974036865702,0.9421320171527884
2703,all,3065,0.5774354924762556,0.6797940112569469,0.8744628050756981
2705,all,3546,0.6017889907193493,0.7616051389895879,1.01897636589984
2706,all,3979,0.39818362310947397,0.5570467802143838,1.0891512843603546
2707,all,3637,0.5554093178072268,0.5723070178437055,0.8744083843390728
2708,all,3063,0.5898808124499095,0.7116409602733731,0.862650156339818
2709,all,4127,0.19876598800764256,0.5431887726065169,1.213022191453847
2710,all,1602,0.11267572853407637,0.473087195838207,0.726918090225686
2711,all,1058,0.2874733302581022,0.5047509849646579,0.8294847146902172
2712,all,2117,-1.4102776605371612,0.3614448909483957,1.592276940059442
2713,all,4564,0.542234399997663,0.6607006334567036,1.0583880562972627
2714,all,5720,0.1759546651301387,0.21434064769624428,0.4483726799432653
2715,all,5326,0.5461775593727728,0.6366707167542536,0.9490383728956725
2716,all,4710,0.4117657772380846,0.38653218126342304,0.5850928255176546
2717,all,2354,0.5726307299339342,0.6261817344594331,0.7613041260577079
2718,all,4587,0.08497374700929816,0.27170841704446447,0.4928551802414016
2719,all,3984,0.6231315679043281,0.7329613250161099,0.8261904212743262
2720,all,5413,0.6490456790297172,0.8105143128570956,0.9526573662730241
2721,all,4231,0.5433794333609249,0.7650554185585696,0.9921244957432492
2723,all,4564,0.5531652391079422,0.736056570957371,1.143847361933603
2724,all,3452,0.5728362896397223,0.6813906225240017,0.7820365967636815
2725,all,5054,0.5027416031779859,0.5501082328802395,0.7290232047467406
2726,all,3742,0.5442497084907767,0.7721118786301309,1.0627970215016156
2727,all,4421,0.7140002206000478,0.7855055730894525,0.8622189644122855
2728,all,3909,0.6390636313015984,0.8165411663141338,1.05199455675843
2729,all,5108,0.322120098056607,0.49845137410096274,1.3678823086909364
2730,all,3962,0.5675706579531565,0.7642870990235104,1.038279598760465
2731,all,3365,-0.08829238142511531,0.3820979053455643,1.4283545301619167
2732,all,5118,0.43276328345816073,0.4767458163097036,0.724111380684175
2733,all,4029,0.6973320071713309,0.703008099726118,0.8211184020429791
2734,all,5148,0.6319570615263974,0.8071926752565197,1.015701538333997
2735,all,5859,0.6617259643894653,0.7377548334771307,0.8730252640412525
2736,all,4581,0.6471154813712183,0.8155022446026844,1.0546184156474308
2737,all,4987,0.7018885393466691,0.8131084719581636,1.031834466954589
2738,all,5373,0.5118007748033099,0.4409868856093193,0.6209429042465198
2739,all,5947,0.6941303780364656,0.6917190654836032,0.7984977880038109
2740,all,5533,0.7122189357229707,0.8172968831353677,0.8906164930124515
2741,all,4075,0.618342456750244,0.7839049836975656,0.9682033978227667
2742,all,5697,0.7313841617419519,0.832405666037721,1.101190486496454
2743,all,5585,0.5747857191233876,0.7292996801084775,1.1928536264834961
2744,all,5256,0.47552088429791384,0.6755007263614048,1.1105771731782794
2745,all,4843,-2.4628015345818994,-0.35092425368558744,2.0255584489945666
2746,all,2490,0.4598829839582439,0.7221613920417134,1.1636234639956418
2747,all,4391,0.0663913293624635,0.3662526445188403,1.532601967297202
2748,all,5607,0.5010266351797041,0.6733604767257448,1.0241312350359053
2749,all,3602,0.4909085458171867,0.7414736830143176,1.0020341588845154
2750,all,4986,0.6233356266377527,0.7899980705986045,1.1083321134448718
2751,all,4230,0.45412737774847434,0.6420982644703362,1.2518160148792754
2752,all,5524,0.617299736849359,0.7778277688065854,1.1276436402761678
2753,all,4444,0.26881669764193594,0.5323911453411238,1.2350633592774218
2754,all,5844,0.6497420659753439,0.8085137005571048,1.080588121482885
2755,all,5413,0.6041502114576139,0.6931773046710579,0.8292764335919421
2756,all,3202,-0.3344728631165963,0.1581496610644304,1.658354972477911
2757,all,5270,-0.058356256319901156,0.3202338221085895,1.532204496866838
2758,all,4557,0.5505796029016539,0.7471578620933095,1.07625773359891
2759,all,4877,0.5649175512276753,0.7412954273316725,1.1430239173015022
2760,all,4133,-0.5446680463732518,0.01625254815504773,1.7268959791920417
2761,all,5269,0.42109382493512026,0.6506838289160579,1.228714923599776
2762,all,5273,0.4381395061633898,0.5714982453781786,1.2856114085151342
2763,all,5413,0.6001421339147746,0.7988451756763157,1.0492328777490556
2764,all,3863,0.16364600544916552,0.5337904681207739,1.2984883482062581
2765,all,5580,0.5240753179029889,0.758700298892341,1.037496773638254
2766,all,4755,0.5502242587338365,0.7697669308668184,0.9204553966585458
2767,all,4267,-0.17639401789114628,0.19045978234418104,1.6138172851159391
2768,all,4248,0.22226347547873815,0.5291622508315326,1.3349500293890257
2769,all,4624,0.24734270954002202,0.5418386666632815,1.2847348186121825
2770,all,4084,0.3704304433883756,0.46026974512434227,1.4606394285366726
2772,all,3958,0.5507621333378401,0.6244652394708271,1.0046309161435867
2773,all,4779,0.72633441626756,0.8399427350066561,1.0779333091832555
2774,all,4678,0.34917999631603147,0.5845966596119401,1.3656502937109476
2775,all,4481,0.49008084449306843,0.6858416360173829,1.2108584703836043
2776,all,4958,0.31203236820798774,0.47954595887538753,1.4241778778324727
2777,all,4537,0.36160993107339334,0.5519928872296535,1.351729698638656
2778,all,6176,0.36268467955849903,0.6284473215587985,0.9363223697452362
2779,all,7074,0.5084017849402045,0.748086262329666,0.9881806857677672
2780,all,6102,0.2537504223867708,0.5980529052903453,1.224977889642168
2781,all,7258,0.094896758854222,0.46520629020730064,1.4548248829009662
2782,all,6597,0.5553021164546301,0.6279318598671064,0.8275014229221965
2783,all,5978,0.6186208727741924,0.6879004206922807,0.922588889550681
2784,all,4804,0.4647651445102231,0.6992373671275333,1.1607418638316123
2785,all,3825,0.3634984511078737,0.6611968587515917,1.194359940989592
2786,all,4342,0.5896296020643987,0.7820111372376606,1.0985860477319993
2787,all,6485,0.16322176740230787,0.4731427254473638,1.4592092340954967
2788,all,5598,0.5649995513571269,0.7068835689101534,1.1936936768153859
2789,all,5118,0.2430175234337102,0.5322273769227417,1.3454556219871376
2790,all,7348,0.7029715757693508,0.8526615473298027,0.9991162938012811
2791,all,5684,0.13610208021406234,0.4055921182915293,1.4728646541192714
2792,all,6356,0.5878717489223002,0.6358745620442603,0.8379915283009128
2793,all,5946,0.3996284831716296,0.6246054325291839,1.2496983670652595
2794,all,6949,0.6507343312581949,0.7650028660007169,1.0433276818639103
2795,all,6548,-0.37669047620984797,-0.0038055181581675424,1.8340124149578643
2796,all,5848,0.6612735063159461,0.8137597698649977,0.9421858147904854
2797,all,6632,0.6431789728693873,0.7896108945723208,1.0981262289466986
2798,all,7418,0.5453987660166882,0.7757019007542586,0.9684558716422562
2799,all,6009,0.5595518932015586,0.7408400388587937,1.0187195192347247
2800,all,7199,0.5185281598492918,0.6993769286064725,1.1693091525699497
2801,all,3439,-0.20329873072700888,0.4347644362036961,0.8366844626765443
2802,all,6488,0.621864621097254,0.7374362049627403,1.1987215756322
2803,all,5649,0.5124893033532953,0.6799744151598515,1.2549788267235256
2804,all,6174,0.5627425722309387,0.7365312412627361,1.1877317945732262
2805,all,5793,0.45485561235857963,0.6467752299446392,1.2323696237469228
2807,all,5205,0.52316908755707,0.6692758083821082,1.2435518776290249
2808,all,6865,0.6659463842512336,0.7381804387832005,0.8538076148150825
2809,all,3721,-0.1566637966087645,0.2494016512867412,0.5155076686413512
2810,all,5180,0.6898610215007599,0.8403516524657332,0.9671746862787887
2811,all,4356,0.6685047092463869,0.7994322407589727,1.0326579979593538
2812,all,5181,0.5184402348593169,0.6872221092443059,1.2116996866535712
2813,all,6651,0.49702714370725154,0.6628080826307399,1.1988340220765423
2814,all,6479,0.5298295187792259,0.6589966606748943,1.1195127141889192
2815,all,2933,-0.7284300332749409,0.18833533621894227,1.7010700759031212
2816,all,3854,0.46239326543989123,0.6643057294127638,1.2434185080095297
2817,all,5487,0.5724766526237631,0.7654871001666765,1.0682780431613403
2818,all,5661,0.5000768305847604,0.4668225938236451,0.8477786213749351
2819,all,5565,0.39018409799681364,0.5581113616286831,1.3565296931977535
2820,all,3351,0.33796436233419247,0.5605376941495888,1.3596458273454166
2821,all,4819,0.5630303335541926,0.71630632392982,1.1635630535061907
2822,all,4879,0.4575197614295742,0.6708480866904173,1.2082953418608193
2823,all,3863,0.7341401598190724,0.7946139795697501,0.9957620688654832
2824,all,1994,0.34497476280689376,0.6522587113284042,1.2423686160042218
2825,all,5056,0.6260935170236228,0.8142852282067309,0.9658826120613445
2826,all,3386,0.06716406786489426,0.5821193394331328,1.2152381186401515
2827,all,4630,0.6002408794359269,0.7624669145180241,1.091121095509794
2828,all,4853,0.5881165792297187,0.5843758122021633,0.7765853534172302
2829,all,6094,0.3616130429127573,0.5402739202576723,1.0436604285892692
2830,all,5423,0.401822578877402,0.5571115865282849,1.3792422688695425
2831,all,4885,0.4506305317315443,0.5146482958668204,0.9554322376575317
2832,all,5435,0.4042228377986581,0.6536024643409938,0.8439150318099237
2833,all,4237,0.5844708796157314,0.7353296268129499,1.2124324156058264
2834,all,4481,0.36063408120833895,0.6225952471229408,1.3251711779377422
2835,all,4612,0.4569867043731952,0.6986345795662674,1.073620470738431
2836,all,6595,0.5301687302665024,0.5491852183180328,0.8446510399423088
2837,all,6446,0.507560796792653,0.6345088361675453,0.9750692423067236
2838,all,6938,0.5758892275240228,0.6981446382074814,1.099758651922092
2839,all,9346,0.6452778584644852,0.818621481734531,1.04637710478348
2840,all,8542,0.606059819441532,0.7717491303940966,1.0974510723452777
2841,all,6242,-2.506783769073904,-0.4754488070017009,2.303368526723882
2842,all,6575,0.5030576653498783,0.7234387367593726,1.13176830136656
2843,all,4989,0.6340329965836617,0.8188055437236043,1.009497928140359
2844,all,7873,0.705583532028349,0.7779821930096343,0.9004971527299317
2845,all,5983,0.5502306412640189,0.7543611584295755,1.1288749936984108
2846,all,6086,0.44551052632287813,0.5835160505534345,1.3417624568974973
2847,all,6900,0.5941226990651011,0.7538530934979053,1.1574772952558665
2848,all,5931,0.5528850305171227,0.7009982826726326,1.2513412445480392
2849,all,5874,0.4771554545550186,0.5978130427569017,0.8058977767171918
2850,all,5877,0.5012704213177746,0.7137670708539607,1.164733190657854
2851,all,6528,0.7562292858257629,0.8564501610051248,0.9955835689459723
2852,all,7861,0.4464580319867826,0.54185107528926,0.7893384809702618
2853,all,5498,0.7533224018215198,0.7563435605876005,0.8501455306739043
2854,all,5356,0.5076524829488864,0.6887089975290902,1.2167359326257419
2855,all,9294,0.6524969089263515,0.7678307490068246,0.9761631040697324
2856,all,8348,0.6848202058218971,0.6696623494634915,0.7794448851678973
2857,all,7896,0.6053282477620853,0.7499728148919297,0.9648084966111862
2858,all,7948,0.6023330123032234,0.7000050790442931,0.9932580946080296
2859,all,6917,0.4635798525341367,0.6192069144831599,1.1097365226179878
2860,all,6786,0.4787025555467549,0.652266298236337,1.2640767086247733
2861,all,6631,0.4691710879403531,0.7019451792361577,1.152900451461956
2862,all,6730,0.4592663192484101,0.6931899353600814,1.1573116433630024
2863,all,7335,0.6194620717527366,0.7797744898445493,1.12631642638318
2864,all,5354,-1.2308463529662044,-0.2216575668256877,1.8646642508306361
2865,all,6970,0.6656461308722255,0.8293132150367737,1.045931581065582
2866,all,5550,0.24305303915968213,0.5378510756056332,1.3781469030604263
2867,all,6734,0.5469169117100152,0.7298821548273915,1.1769491742378366
2868,all,5640,0.3343626772244672,0.521170267249162,1.2949312944525735
2869,all,4248,0.2948436359529998,0.65725491281997,0.9556579564374467
2870,all,5778,0.5374372287263687,0.729496653597872,1.16255817909656
2871,all,7181,0.6712870016321961,0.7869076136449805,1.1165450773144068
2872,all,7101,0.4787740521516377,0.7143935729731612,1.059766187810228
2873,all,6473,0.6199409445079547,0.7400194752168696,1.1551511308803077
2874,all,7581,0.31569895064626763,0.5653548060291052,1.2997137789043802
2875,all,7252,0.26253194363632415,0.5056024140397045,1.3887426408084986
2876,all,6002,0.24965576420454672,0.5203103321661751,1.302498153925409
2877,all,4608,0.5175043011514922,0.6085798150707143,1.1107131257736755
2878,all,4651,0.4891468283368552,0.7072539946898327,1.1674545585236935
2880,all,4563,0.538833941652157,0.6711707857414508,1.139739079430303
2881,all,5496,0.7218731133352874,0.6697582069287643,0.8380812532266035
2882,all,5473,-1.715121740232191,-0.5518245746983999,2.382967283725918
2883,all,2173,0.34485362561823285,0.6625198233017353,0.9945283658197446
2884,all,4840,0.5739261303418652,0.5543627887231728,0.8249005717183631
2887,all,5588,0.4987608450054841,0.7453625060488865,1.057304079693515
2888,all,4551,0.3991213816540087,0.6823828643949117,1.1401462919415084
2889,all,6483,0.5846121554207013,0.778801319965482,1.0787774182733547
2890,all,6105,0.6128875425222156,0.7487086273107466,0.8816742289915973
2891,all,5753,0.6048341692651749,0.7686104190709464,0.996495267837743
2892,all,6195,0.5755727903126269,0.7698656729444784,1.0473414179918643
2895,all,6340,0.6161726472060174,0.7748795026092732,0.9471523706141779
2896,all,7907,0.6656876344641414,0.7692475701193474,0.9822958782313667
2897,all,8179,0.09108051779939663,0.17170398626181993,0.4154503991477633
2898,all,2464,0.565410789859703,0.7420061753997692,0.8642982502474
2899,all,5845,0.608318671539417,0.7507744721721934,1.1519035471791936
2900,all,7168,0.512652158541306,0.71327277522017,1.1480209146715972
2901,all,5738,0.1647701830101741,0.5323563008151575,1.4036659120292678
2902,all,356,-0.20899592698425185,0.2159687202650996,0.8496165878573433
2903,all,3574,-0.44557040483278576,0.1768193088365968,1.5951154024240373
2905,all,1283,-33.11447007688779,-6.541630251244588,7.600750273459499
2906,all,1677,-0.1841374820306232,0.26354495028575675,1.4607218218376334
2907,all,799,-0.2841616351676095,0.22468964353726495,0.47485667385828895
2908,all,2487,0.009556032444116624,0.4198365666106255,1.2779670636043914
2909,all,5906,0.6066135190254671,0.737588492968086,0.9314334397665698
2910,all,1535,0.5730519337956881,0.5312685834322115,0.6483729102662462
2911,all,698,0.607448156503815,0.723891939943948,0.8172154010022518
2912,all,97,0.06004366040869291,0.468851696730448,1.2359304038828358
2913,all,1301,-0.12078742300532697,0.07694263440118843,0.5099029190060378
2914,all,1623,0.023060335469431648,0.19995973496931418,0.36326980236671313
2915,all,978,0.4738293736331767,0.6187164745520377,1.340472508868859
2916,all,463,0.10781832233834732,0.5532409535977654,0.9359939293021357
2917,all,592,-17.32355442127,-3.2319703998185734,5.0722102839972605
2918,all,501,-0.610010064443828,0.2031902492196257,1.6614165947623274
2919,all,459,-0.5608382868176973,0.1895409585263892,1.706510303882612
2920,all,1757,0.422337373303016,0.5042809801374051,1.029987601070847
2921,all,1818,-0.16678124547333306,0.461204083168525,1.221044180536488
2922,all,1599,-0.5707405784264079,0.2012419056904846,1.696320856287567
2923,all,1403,-2.0236292226874415,0.1045675444009645,1.6131534916809251
2924,all,982,0.15216584821505752,0.17632003242813843,0.8527648548056028
2926,all,1196,-0.06006850880878489,0.2478584514461596,0.6870988776529051
2928,all,1870,-0.4450582477437133,0.34823558066615157,1.2239440444116416
2929,all,1487,0.17651317906432074,0.128569240821921,0.7379266242961484
2930,all,815,-5.1702286385866,-0.4259443091201871,1.620172447088387
2933,all,6361,0.4785130123243928,0.46458956945796404,0.6088042853560622
2934,all,6822,0.4205706639237592,0.5822823435155718,0.733323545873016
2935,all,5581,0.47596189294490654,0.5705847867634727,0.741983831855138
2936,all,5553,0.6305393023423164,0.8066235171872111,1.0270041234626872
2937,all,8388,0.6673399433283271,0.7928067531998274,0.896581720428216
2938,all,6966,0.37975286114478957,0.5407498390080634,0.715911910562866
2939,all,6248,0.7196366140637026,0.8002357315513462,1.157803686986014
2940,all,8042,0.5264817057560611,0.6596526738725695,1.256529702467427
2941,all,5604,-0.03697540087273832,0.3180647278093034,1.5669827763646698
2942,all,4507,-0.13236245262338153,0.33550174575048397,1.5070504127821958
2943,all,5847,0.5708438737725304,0.749041858412519,0.8886237631352603
2945,all,6073,0.5101896288436228,0.6836863078691142,1.0866517268971365
2946,all,7667,0.48983041556843343,0.7413234435337519,0.9602804174641003
2948,all,5429,0.5238524588990955,0.7228735186515443,0.8294969755226008
2949,all,6498,-1.3542765704867517,-0.02991335097279535,1.7073619000717652
2950,all,5861,0.2585784693441564,0.4255598611968193,0.6994805738416591
2951,all,7703,0.691852862531652,0.7549707875680832,0.8343343331833964
2952,all,6129,0.681788079626042,0.8281541244361956,1.0184512659026188
2953,all,7045,0.4833696073948399,0.5291281333870402,0.781843090610342
2954,all,4308,0.6011634847613532,0.8002541256827667,1.0455789380824978
2955,all,7987,0.53000824800225,0.7578173533086918,0.9440191726669882
2956,all,7157,0.5398243148188536,0.5773451097316176,0.7845422064278892
2957,all,6079,0.34729431132248423,0.6889525258185059,0.9465946934565221
2958,all,5291,0.6841629191193491,0.7623879845166658,0.8354448727880129
2959,all,8551,0.6279510163797697,0.7593616099737157,1.1461744122757362
2960,all,5914,0.5011504122903665,0.7392057215432273,1.1178752050297633
2961,all,8374,0.486495081238817,0.7031253561828379,1.2024845640879882
2962,all,6360,0.4564683744375706,0.5742564509491832,0.7052755295084496
2963,all,193,-10.75105428099564,-4.990277898432235,6.778237174451815
2964,all,2550,-1.1375793394421971,0.09400062062701109,1.7999855798449562
2965,all,3802,0.27139587391332454,0.4810111884440452,1.2988511086105965
2966,all,2516,0.15130618061993506,0.49314729801868185,1.3573454576256208
2967,all,6196,0.3105766001067247,0.3485376218444258,0.8954022624836676
2968,all,5266,0.1235720860314905,0.46682521325023774,1.1235732916070438
2969,all,9510,0.050534339622781865,0.08208563453271456,0.8417738352721812
2970,all,1661,-0.5130446616334601,0.012231853394991443,1.9209212629426275
2971,all,940,0.473533731411364,0.5940370198802345,0.9446597277163302
2972,all,1584,0.05525622594504609,0.02608950720430092,0.33446312069064743
2973,all,1956,0.43650231016002183,0.6217269033662485,1.1489319672951692
2974,all,1002,0.3584585456705892,0.531511515325586,0.9369439894453095
2975,all,2946,-0.006726935429139491,0.2988333791236032,0.9958447640224102
2977,all,952,0.08371390037975313,0.011194840376148818,0.46265472298410043
2978,all,534,0.012697119253577527,-0.23859565640218472,0.631890451653453
2979,all,255,0.03821773872710943,-0.16655656940616104,0.6179469254177014
2980,all,1267,0.28336937181247934,0.45069888805176594,1.0372827476140845
2984,all,929,0.18763008116579616,0.29276778953007265,0.9925873766792676
2988,all,1055,0.16408292169390004,-0.023372558631234108,1.51917360370106
2990,all,78,0.16006492200180833,0.3466463223193229,0.9554468695485092
2991,all,67,-1.0296035535043844,0.132903832200153,0.7287826770994664
2992,all,52,0.6481331305455373,0.8182160831236487,1.0184277217570128
2993,all,109,0.22346646537456194,0.45554072359324327,1.2889138815686458
2994,all,126,0.5746301296822411,0.736895730544568,0.8095622466262113
2995,all,142,0.1374802909061973,0.26371238245157524,1.4711143651873275
2996,all,794,0.07380649194810274,0.13090702523394815,0.4001066985815536
2997,all,325,-2.1749002557948565,-0.3812681214986309,1.5328225134991438
2998,all,1488,0.1018118404668028,0.07077560799140836,0.40868147868859034
2999,all,3133,0.5897709971055536,0.47370675410485696,1.2439086897381062
3000,all,1590,0.4851420245322491,0.5816449067661715,0.7556961262399678
3001,all,1321,-0.42535616863611403,0.15021343447157298,0.4820105188595324
3002,all,456,0.05847968753607269,-0.06935054331836543,0.5022965703337143
3007,all,1413,-0.8448126997486021,-0.04281983650508492,1.7863035786440105
3008,all,576,0.26641105229780215,0.42302707940103046,0.8981350519271155
3009,all,712,-0.8401158670539495,0.24478515229222197,1.5123116012868905
3010,all,1144,-0.002724848648769651,0.47534454435010465,1.3946119921052653
3011,all,289,-4.089598012320542,-0.29285836212992034,1.9621167627966336
3012,all,3819,0.2557981748873993,0.574917066271728,1.0846049232744084
3013,all,2605,-0.48319048209708937,0.3176056170767221,1.37446016073291
3014,all,1562,-1.3184363267546404,0.02923921513279304,1.6477448338968457
3015,all,790,0.3963179889888728,0.6456490757718326,1.1811213365093678
3016,all,3069,-2.531873741451382,-0.647840184207813,2.067655194865617
3018,all,2155,-0.34130864236452507,0.24613605680104444,1.5477002022343895
3019,all,1938,0.020086012669181863,0.44937757866200023,0.8975204534517351
3020,all,999,-0.02221666563192981,-0.08879892800022993,0.5098526009480919
3021,all,824,-0.3120222189745909,0.10498812697197091,1.7036065678314065
3022,all,3073,0.1418904252927422,0.2657061380633876,1.61777004643689
3023,all,3535,-0.22249149218556918,0.012949232505790387,0.8456753154734339
3024,all,2828,-0.2386586211328816,-0.26954321694508243,0.25933062244828636
3025,all,2206,-0.012747093887921723,0.35146422801592536,1.4108099679518686
3032,all,3685,0.16340306948838723,0.5166850060365613,0.7735293358149766
3033,all,1576,0.07772579521325618,0.5407557844323796,0.9924617977064252
3034,all,2178,-0.10934550916173724,-0.0893287462306751,0.25526919772679246
3035,all,938,-68.65656411753085,-12.197974642905109,11.851122913376175
3036,all,3185,-2.215755211578633,-0.9078705838379033,2.6735917329083905
3037,all,2741,0.45333923898340167,0.6268730156711557,1.0488705645397063
3038,all,2713,0.3979616146194671,0.47042558159471903,0.940677223223165
3039,all,2540,0.037604250361444436,0.038791209261912485,1.6773317704791086
3040,all,3185,0.25276027427945236,0.5069498087557558,1.1315707931074324
3041,all,4721,0.14713915662187638,0.11763158331773726,0.5137550974323425
3042,all,5113,0.173623800956469,0.2966966116056119,1.4248105832823323
3043,all,4908,0.384996598546972,0.4584564414408332,0.986564842890665
3044,all,3822,0.24569568562300048,0.5445290474704128,1.06884797941061
3045,all,2212,0.32355763909672686,0.48980682082638927,1.22083579105425
3046,all,513,0.5081332845067724,0.47666659794902055,0.829419957350476
3047,all,1916,0.33247352354183424,0.28612105085841877,0.5490211669351137
3048,all,2196,0.7867446117416409,0.8380082861478585,0.9717646836875892
3049,all,2216,-2.590073235298464,-2.458078167256108,4.430357709365054
3050,all,3222,0.31478911877800253,0.1672287748109189,0.6002388178793413
3051,all,2846,0.5385785795373441,0.6176807462079428,0.9251093251814068
3052,all,2654,-0.3304290394154754,-0.03465662290229066,1.7707164478160569
3053,all,3941,0.2535367167459317,0.23268948117794908,0.6122013569996156
3054,all,6623,0.26971315882762625,0.3385571218026101,1.515891707209441
3055,all,6650,0.3259594729274802,0.4211789947026008,1.4105881086656131
3056,all,6290,0.21951985752761727,0.42430688389995774,1.4537332135069203
3057,all,5689,0.30601525003046925,0.3626379510747151,1.1307003404790645
3058,all,5444,0.23555559937199155,0.35982056407133456,0.7189174131377227
3059,all,4409,0.16890599828869468,0.37308582357257947,1.5571686067685784
3060,all,6657,0.26819632736383003,0.3321400009563925,0.5366886279496412
3061,all,2098,0.4781099642112231,0.6736879451642521,1.0808046304799517
3062,all,3637,0.16733930054499813,0.09663092913074467,1.1424801041755714
3063,all,5457,-2.3022390253252887,-0.7188809692310263,2.64360900215891
3064,all,3667,0.14667310138252765,0.2698886199952083,1.3535575054334386
3065,all,3921,0.0480473086248534,-0.0018638229030181197,0.46882198021869204
3066,all,2240,-0.08970984466258103,0.10773435292286748,0.4045315209406262
3067,all,3187,-0.450553592872329,0.3159432196035469,1.274716123644474
3070,all,1754,-2.282090456381686,-0.33013560446600954,2.0592826500902994
3071,all,1957,0.17507898982222758,0.4446842039520974,1.2872196495348154
3072,all,1197,-2.0263203525832,-0.09732041450817053,0.290491177099914
3073,all,1129,-0.18348715318360753,0.18590587876486553,0.9629217905303581
3075,all,4423,0.51353273860029,0.5292523916491394,1.0249164613264794
3076,all,1169,-0.7462314136248283,0.36132041768128687,1.3725260200181433
3078,all,3864,-0.37465850898029984,0.35258010595206823,1.4446453530598606
3080,all,2588,0.30939660907886324,0.42857944146333204,0.9839515987664372
3081,all,2890,-5.277936474653363,-1.0354691131596363,2.691372819576625
3082,all,2189,0.11373569044165555,0.05558844857623979,0.9176688957549322
3084,all,2484,0.2894958750452149,0.5570686025303173,0.8459537412958114
3085,all,2203,0.4100365505421011,0.6202940154726198,1.2797240101570793
3086,all,645,0.3972333025143078,0.4007175065567413,0.8402860424246013
3087,all,1966,0.2815752945499981,0.17706492423610887,0.6275545399792305
3088,all,1612,0.22120953076845573,0.4649243297961143,1.4109506415622963
3089,all,921,0.4544334460352819,0.6840973902561076,1.1245977344675582
3090,all,1670,-0.24027435239960782,0.0075985333472975425,1.878965775825069
3091,all,983,-2.3851298493441155,-0.9893997988733305,2.856118253763552
3092,all,2345,-0.03826585269708205,-0.13712071087180244,0.4099144239932386
3093,all,808,0.272554106394858,0.5758661417633046,0.8655617198473099
3094,all,610,0.26139424347670337,0.41705514973056246,0.8054205507640045
3095,all,895,-1.0131278202977185,-0.03511537439097623,1.859904078997649
3096,all,616,0.2659280538774742,0.5785418372409834,1.0990393723757959
3097,all,3651,0.1385128228057192,0.518114006528215,1.1369814384829475
3098,all,7477,0.1726877167105253,0.23980674951287617,0.6621445204391438
3099,all,12602,0.34898417726208397,0.47035956708660787,0.8948779106909264
3100,all,4171,-0.02806770077049303,0.4800639806871331,1.0370167601389513
3101,all,12967,0.08775561358733208,0.17979244545514728,0.5625638008900998
3102,all,4794,0.14782418035229739,-0.023170709320615712,0.30889923069717984
3103,all,5477,-0.8501622859395233,0.4404108461494969,0.6578639258307145
3104,all,9472,-16.11146900863373,-2.6497412935586167,4.385053865752853
3105,all,9122,0.24489159846991737,0.4334754227323573,0.8032478828678481
3106,all,7043,-0.5746392949434513,0.0017711596249287975,0.32873636170787873
3107,all,7273,-1.5726987534144339,-0.3000059065690541,0.17683084355257536
3108,all,8634,0.40564705065228246,0.6686170715221799,1.1340037027488328
3109,all,9751,-0.0437493557384494,0.3936842285921711,1.4056098669883494
3110,all,8486,-1.1004920303042245,0.13465024487848398,1.6230432871051939
3111,all,1820,0.18495940328747096,0.2806474886450525,0.780845203260261
3113,all,5117,0.2963343437456363,0.5005193820026806,1.3226899083617663
3114,all,8145,0.21605296702988008,0.48046102904345245,1.3057779164865158
3115,all,9751,0.48995955804791025,0.6428366117602813,0.9310697937456454
3116,all,3037,0.4966780865294683,0.5581702433990785,0.7826080039447243
3117,all,3229,0.6338920766483648,0.6498299699296793,0.8603322131924893
3118,all,3098,0.31097003112075194,0.3311318922175084,0.641132009272359
3119,all,3867,0.2794792444979246,0.4653004217755663,0.8035536268487129
3120,all,2339,-0.5436273702687935,0.032934765980062175,1.8855145238311353
3121,all,4272,-3.6026036848570104,-0.7496026569895786,2.5395465072193337
3122,all,2580,0.2961253696040108,0.4150630082936695,0.9259447102800977
3124,all,1672,-3.2095225662065845,-0.43189110032458977,2.157206725712609
3125,all,2625,-1.0580291236750017,0.23343510914220444,1.5268868458159714
3126,all,5626,0.18828523281041598,0.14064928352897033,1.2108274372279386
3127,all,6024,0.10144606874021933,0.12091932669356953,1.3290247983228394
3128,all,6906,0.13113524231159934,0.3175620431104801,1.4383742099481631
3129,all,5089,0.21446372882820164,0.3776899860388624,0.9969799680701107
3130,all,5901,0.17452530360781782,0.12532040075155926,0.5357446473021337
3132,all,333,0.08423715297522161,0.5156876047312489,1.23905662350055
3133,all,303,-0.34901447383457085,0.3044547462008199,1.4257318145459887
3134,all,2201,-2.37660793637389,-0.26713883843434494,1.80415805051687
3135,all,4505,0.5819675024692383,0.7672649238228445,0.9178549099923251
3136,all,2973,0.7978019180332807,0.8803562196978458,0.9665411932277074
3137,all,3095,0.3025989236628922,0.66235053946928,0.9517646250045934
3138,all,3914,0.3936763034781495,0.4670403547549862,0.704679676979252
3139,all,6428,0.5462429401807037,0.6522393989350801,1.0918192212615243
3140,all,6771,-0.3723446245600115,-0.0968081722707923,0.24852596886853479
3141,all,3185,-0.4123029592461638,0.06662279211460254,0.3834977465018786
3142,all,4765,-2.3227931470749263,-0.2543689193643166,2.177785876869554
3143,all,3803,0.35343437126681443,0.6201534850090791,1.179837977771593
3144,all,1015,-0.2995263342405019,0.2166273410739885,1.3832110935205355
3145,all,186,-0.2114581194440175,-0.16592769105068128,0.6103866946018262
3146,all,197,-0.39950103446898266,0.04713347885016228,0.6552524099571906
3147,all,181,-0.9855838983652658,-0.060446525949019225,1.6759399995974908
3148,all,241,0.08201718615263065,0.017274384019068112,1.125426618985627
3149,all,814,-0.03257819541629403,0.3393631302982457,0.8966636023618567
3150,all,1174,0.1366909647639305,0.3557698382749602,0.9111973977438642
3151,all,998,-0.11513666653908361,0.21456725887619854,0.6583119670131434
3152,all,1833,-0.6838753430105013,0.25485720273609247,1.3858246134672316
3154,all,1027,0.3780256378180312,0.46298975661936825,1.4812686678848819
3155,all,2161,-0.38716734784242246,0.23955396760193104,1.694359360252224
3156,all,467,0.163666040308744,0.4231787836058879,0.6340594727466875
3157,all,1111,0.28402047656436835,0.4699318039739069,1.157014392726768
3158,all,3458,-0.6161823824902937,0.05894606738377295,1.6105365251925814
3159,all,1899,0.6942840335590188,0.830916038946821,0.9688040828468313
3160,all,1572,0.7174260314320131,0.7635646851184004,0.9601573548681944
3161,all,722,0.682145713457577,0.8040517983345912,1.131542880962682
3162,all,2069,-124.13183754083632,-11.288248314413655,11.08412846711458
3163,all,869,-0.6286027994233745,0.2628939292578718,1.6078564869711907
3165,all,1771,-1.2035901913039302,-0.17023095240558783,1.8133938616848595
3166,all,1259,-1.2548284339550562,-0.14651269095460306,1.9157511806502414
3167,all,1044,0.2287696323123135,0.18962759599440404,0.896762795096088
3168,all,794,0.3549519420768902,0.452261488188043,1.227726585705416
3169,all,840,0.3759375182973178,0.602535983571445,1.1007723890088326
3170,all,1556,0.5200522018296692,0.6307070183461965,1.1307819714630545
3171,all,945,-8.385732309839959,-2.3811396344246685,3.8791930928192753
3172,all,959,0.3636287461463268,0.3209035609553321,0.7543788736364514
3173,all,1561,0.2231375246405667,0.19678557071263358,0.5844475161778727
3174,all,826,0.1016872577106176,0.04832325422142103,0.4818041708358621
3175,all,890,0.22557555624208137,0.4858963464776329,1.3330682751118916
3176,all,1745,0.46919480013102777,0.5533834565159731,0.8448692535536317
3177,all,1556,0.11292365078695421,0.2569833866042257,1.5752431407704675
3178,all,204,-3.75271668947988,-0.45839680846491593,2.0610748554452036
3179,all,442,-0.9287550148188568,0.01603066331523284,0.3920233300989358
3180,all,472,0.3191838526129679,0.6060915853328717,0.87172331744936
3181,all,1142,-0.023519826485912,0.32999153775689627,1.130062811648838
3182,all,1528,-1.488488821887123,-0.07654163076582332,1.8614517437561955
3183,all,1133,-0.2741309240921028,-0.03233608597714199,1.741124425835418
3184,all,2232,-0.5363349533584982,-0.1144859671069014,1.8650151997834714
3185,all,552,-1.5106006956680087,0.0472143310596248,1.3576389163214702
3186,all,1790,-5.43056459959159,-0.9651158172127123,2.6636460075061796
3187,all,1855,0.1978020876486003,0.23455437979276506,0.6171658127210766
3188,all,1439,-0.1434153278373811,0.06189343433705752,1.3758595705401457
3189,all,1816,0.5317697023047212,0.7339754579923474,1.1074889954523233
3190,all,2107,0.02372308590888772,0.5300308041648891,1.1758044968797368
3191,all,2150,0.49777445488123784,0.634328803526962,0.9606087675884877
3192,all,1553,-3.875861357474103,-0.5483895414193671,1.9105261941555796
3193,all,1073,-8.134371750717124,-0.652644807206487,2.1982239757291877
3194,all,1285,-36.48804688669871,-6.384449939482909,7.928768506343985
3195,all,1045,-42.36883712759532,-6.433844094849178,7.512211905487106
3196,all,1296,0.10670154333540105,0.4256527666273656,1.1389655145632802
3197,all,719,0.4610353151199251,0.7221504980752409,1.0914560169483278
3198,all,2180,-0.6291296340847021,0.24058121400421983,1.451344115413342
3199,all,837,-0.5903944033795199,-0.2879703230267927,0.2626541618064522
3200,all,938,0.07935604635236171,0.21538947973717026,0.6472840506413526
3201,all,1205,-3.0262946470080934,-0.050428630516572426,1.8795282706264513
3202,all,851,0.016264468922656095,0.20318004705781512,0.6008692804262384
3203,all,930,-0.35707985531313624,0.42589784651063156,1.4272728342371952
3204,all,2841,-1.5552792353736629,-0.4369316488912709,2.2505330557430367
3205,all,199,-64.4234755528962,-3.378240130656036,4.383069239882019
3206,all,1758,-0.8389041663580299,-0.45631835716566105,0.142693549886873
3207,all,175,-31.05068734341137,-3.3788484694609258,5.192662163952786
3208,all,1274,-6.1664226857218365,-1.0897429320718297,2.436908057917563
3209,all,444,-0.049407745029415695,0.11541489992209308,0.773334603212267
3210,all,695,-3.1586282283846048,-0.6605954892610499,2.4420616165807942
3211,all,2038,-0.4227091475266729,-0.3615429637660217,0.21785083882918796
3212,all,1541,-3.4425378788922414,-0.48476001802030977,2.213369040368082
3213,all,628,-6.049766868648334,-5.820714349093927,7.769057884323596
3214,all,2970,-0.3076447835950833,0.36222509919875845,1.4506395267694927
3215,all,3398,-1.849585107257579,-0.5000377590778402,2.088976052107356
3216,all,2246,0.3305827650541594,0.42617918001579536,0.9434996670863683
3217,all,1742,-0.026191883431259333,0.21433970961317517,0.6671033358621441
3218,all,1621,-0.5034157747938679,-0.2939404642969048,0.22477287562045364
3219,all,1302,-1.0991808751743393,0.035575855998341455,1.8202294789953544
3220,all,595,0.30765458417121383,0.45651384301442843,1.0086643545833602
3221,all,482,-0.01770417595694873,0.1425066741500054,1.0218402672208824
3222,all,1079,0.07415839524468781,0.3629079877037795,0.7323385742305922
3223,all,2113,-0.49558964313137555,0.1906802183372186,1.6849541712546001
3224,all,1254,0.19863679800692147,0.36217558634722724,0.7738932153192593
3495,all,3960,0.46703665983902776,0.5900720529154271,0.8926242198816055
3500,all,4893,0.5254134750360758,0.7373190827886134,0.8894149402745253
3501,all,1701,0.08276609895293197,0.3920235251618136,1.4658153271451457
3502,all,4917,0.23619685745766572,0.5768396302249506,1.299648312625907
3503,all,4435,0.4938563587901771,0.696782637082459,1.07067971142523
3504,all,5902,0.2574219732149571,0.5443462603351417,1.3259370128982213
3505,all,5324,0.4674425536189276,0.7164574448804222,0.8763881400794592
3506,all,5286,0.227430820138956,0.1228308441328434,0.42375449384937114
3507,all,5103,-0.554104744239647,-0.2501205333455676,2.149099246293577
3508,all,4272,0.1406488364695614,0.014795453277959836,0.36154944488902363
3511,all,2953,0.06374402504718724,0.3492186809577299,1.5186637046556388
3512,all,4364,0.10955450920983334,0.43221075048345325,1.3565059368864012
3515,all,1923,0.31618769284049564,0.15377103170034356,0.4846436601720629
3519,all,4924,0.20489462554131832,0.009494828642378828,0.38819273157021644
3520,all,4652,0.2694583748210082,0.3381892596316216,0.6177679271917098
3521,all,1021,0.26811209015853166,0.3052694989910607,0.7903427793812402
3522,all,3521,0.2256894487619776,0.5967447536627032,1.0399437610984363
3523,all,3482,0.22226705642342404,0.3455089004819454,0.9358402549164949
3524,all,5192,0.34627367673899645,0.42223001963434925,0.7605458351669923
3525,all,2361,0.40691797451341294,0.4976149799335371,1.1954264106601618
3527,all,5447,0.24354071910561226,0.45623808923767517,1.3081507321029155
3530,all,5254,0.21328893569020257,0.6107822855935009,1.2752970874201168
3531,all,3734,0.3972357191056952,0.6687363088208972,1.1125518762067796
3533,all,5948,0.290301319389619,0.6224982314333828,1.192091174295821
3536,all,6131,0.24412071953175718,0.26153008674091405,0.8416027272268202
3537,all,5925,0.4216064744106517,0.6730966783255166,1.1635775413003842
3539,all,1971,0.3378598678738921,0.6452493467099127,1.1023166290953306
3541,all,4530,0.4729609125798261,0.5684995446406257,0.918393093210118
3545,all,2316,0.15132350809737805,0.10537345749888372,0.7903922348534619
3546,all,5973,0.2435585303530179,0.2859020654689697,0.7866710888328239
3547,all,5812,0.3421251256559379,0.377330364764912,0.8566246871606854
3551,all,1853,-0.15120525109736738,0.3896955415675146,1.3982099395149838
3552,all,6221,-0.04964259161115381,0.2738442538218515,1.464322305311054
3556,all,5385,0.2896418761431103,0.5897874897386468,1.294462579443506
3559,all,5928,0.19317485304598225,0.44714146136377086,1.3934327860494455
3560,all,5540,0.5327405696829046,0.6661408210422501,1.011199537508527
3564,all,5547,0.32868219766564855,0.2977102893505381,0.6758126472354473
3567,all,6786,0.4109924253076257,0.31010516593043436,0.5742586051405126
3571,all,6275,0.4411319494477949,0.612878930564442,1.100167101991204
3576,all,951,0.4461805893177795,0.6873763647058462,1.101697343028527
3577,all,724,0.5589628499367147,0.6992361477296986,1.041908295745411
3579,all,6273,0.4331038211639915,0.713296851315196,1.1051094703334765
3581,all,5679,0.3752018176257975,0.6504234091686801,1.202103795386359
3582,all,5685,0.28491566454886497,0.5245261272680439,1.287649778150843
3583,all,6057,0.21633326950157628,0.18551422089422398,1.497083534518936
3585,all,372,0.345934995880936,0.48275765551611327,1.2109927345904854
3586,all,2734,0.4657267300370931,0.5612959491289593,1.0364569429061241
3587,all,2991,0.3459529874045042,0.6080584680639676,1.2278630020173398
3588,all,1515,0.20801361944074181,0.23445081646203225,0.7198994503521431
3590,all,4266,0.24623612782787985,0.5908761748175,1.270656129793948
3592,all,715,0.5047944152392783,0.3686763679406402,0.6341955066815992
3593,all,4338,0.4190305243844452,0.5505390000574311,1.1456267071409572
3594,all,6626,0.35611299414558384,0.6132208326092246,1.1257305251272038
3595,all,6158,0.46870337028455167,0.5504379339119688,0.9097343876000477
3597,all,5748,0.5232112879156192,0.6618675069081258,0.9849036184808547
3598,all,4923,0.4577997283368136,0.551190102653225,1.1085064947794439
3602,all,5082,0.49146873961016857,0.6444375651377275,0.8429846716185703
3604,all,5545,0.5066409871794162,0.6143664836349108,0.8650213591002718
3608,all,1425,0.5660265840061789,0.6922636628788011,1.0678047275702889
3609,all,6541,0.5776407431272288,0.7456444945700573,1.0452209483170602
3612,all,6368,0.33689869861749533,0.4868009559272367,0.9259826938632036
3614,all,5808,0.2871277135957494,0.5300891714488347,1.2226766091280774
3615,all,3399,0.24290963019167044,0.3444363226423196,1.1917430749016291
3616,all,4751,0.4230472095416207,0.4211828369969173,0.9237365333272491
3617,all,5208,0.5404166024278014,0.5902371570961044,0.9672254783748672
3620,all,5451,0.021216436377523018,0.2784944386268656,1.635194679824141
3621,all,6097,0.35054767028098766,0.5342873046914125,1.110601164959054
3622,all,5428,0.31767672136289593,0.6174098150563717,1.1781226856955263
3623,all,5006,0.5318925967801118,0.6363251720138593,0.9380227093415645
3624,all,5985,0.42487296124005836,0.5215003214641638,1.0524534145147297
3625,all,5759,0.38415270437560944,0.46976103675127034,0.9793926484766987
3626,all,3044,0.2680893645728234,0.1796817841844487,0.5978367925739952
3629,all,5142,0.4475352867571847,0.4721171139898359,0.824057585342519
3630,all,5368,0.4382367782315759,0.41626930509339655,0.7626866569149089
3631,all,5055,0.1583821820020116,0.19694376551874426,1.4925618166732744
3633,all,5625,0.414120378475361,0.44532315998345573,0.9274107533006986
3634,all,4815,0.3160823573989553,0.1916912285650858,0.5837765966703042
3636,all,2877,0.31109575498919606,0.27388546456330387,1.0981633924944851
3637,all,5412,0.1844973412897577,0.26038002485802647,1.2609383664247598
3640,all,5342,0.22837070748482036,0.5176598017069358,1.3107592083795283
3643,all,5244,0.22749068963777974,0.5670495279603744,1.2315973688351873
3644,all,5099,0.3733254052811994,0.6846202676584481,1.1072606729358596
3645,all,807,0.19611663797469248,0.458523170635186,1.4059362225787777
3647,all,5410,0.41184941591228985,0.6444518634294465,0.8613945393319054
3648,all,3082,0.24995473531974688,0.5520106388919486,1.2990516403310255
3649,all,5327,0.16964211880707036,0.5096042310995381,1.3023539906349408
3650,all,759,-1.0862301006974802,-0.08231624648474312,1.8382637412163059
3651,all,4411,0.14507259217775081,0.5689224448053017,1.1313812207203977
3654,all,2272,0.326328095013836,0.62332529526333,1.1677937513733538
3656,all,5526,0.03322261346306521,0.4326651416336674,1.3842549817080563
3657,all,5622,0.3934596845443159,0.6463537748229433,1.122165855987659
3659,all,433,0.4435443994524281,0.5973789769138491,1.2915647514035866
3661,all,5601,0.433680767660621,0.3060450061637333,0.583376426131256
3662,all,5932,0.3620908331820045,0.6022417257028612,1.2068128573651595
3663,all,6177,0.5703356681811865,0.672510519715473,0.9255088764701803
3664,all,5722,0.4003003363766553,0.68139386597115,1.1047881461708324
3665,all,6235,0.31404214587071955,0.31454765579824595,0.5821274771765197
3666,all,2946,-2.4560246998670583,-0.5427994663560365,2.2682592377488384
3667,all,5296,0.44616100819049076,0.4916666368640349,0.7825697998261426
3669,all,5185,0.32284247956876944,0.4866102905111894,1.1729776014256486
3670,all,540,0.32286383073269775,0.5576565970292506,0.8191005727283799
3671,all,4605,0.4124933348662252,0.41996080787749346,0.6525333595917236
3672,all,2681,0.25516858139022136,0.47962498606935866,1.413271708200066
3673,all,5806,0.37388173660422686,0.6311415561987583,1.2280889819852208
3674,all,6430,0.23487975947330364,0.4861497644138095,1.4049245281444125
3675,all,6547,0.09489118362022764,0.33754353459146647,1.5768214197643229
3676,all,1806,0.3921364239534687,0.620996654691716,1.1912628271386727
3677,all,5908,0.4097292021085581,0.4832899635693201,0.7874530916574957
3678,all,5441,0.45703295813829325,0.6009861390693797,0.9396509622118686
3681,all,5520,0.26521923317452956,0.5478507688724317,1.3299012205209388
3682,all,3575,0.6030436198220143,0.774473208074558,0.9595139903358897
3685,all,2052,0.5222753983008273,0.6981846491353261,1.1989346502852076
3686,all,4749,0.4594039160632075,0.512606363096618,0.8725498249646699
3687,all,2834,0.48361149195587816,0.6910037814614627,0.9712263378669068
3688,all,1993,0.5745344564710693,0.7148678792055374,1.049780188400858
3693,all,4283,0.17642680004588784,0.06878905049323047,0.6066717299896897
3694,all,1158,0.3593052202697369,0.5485072982882325,1.2759967109876484
3696,all,4774,0.10566160233814448,0.13650455624843094,0.47833585912906673
3697,all,4076,0.140836516257698,0.07162739966289433,0.7156694219545275
3699,all,3668,-0.6285792349690502,-0.05977785811765157,1.8815813435513409
3701,all,3270,0.23484246177661994,0.4507914582684397,1.1264575897854168
3702,all,4089,0.10047193768210994,0.19695234238474701,1.091110787678488
3703,all,4314,0.08301511984312915,-0.004149863775827045,0.7541879070026809
3704,all,1389,-1.041728812633778,0.15828749815787957,1.29025401566313
3705,all,3906,0.2584224024142864,0.48465365756197387,0.9242744882776472
3706,all,4572,0.19997898893532728,0.1551050286954978,0.6308351971136019
3707,all,4857,0.2215175325585398,0.16147203956469636,0.7006392091056042
3708,all,5436,0.2178098261178506,0.19755662085904468,0.6094959029179815
3709,all,2041,0.008955914136062004,0.14092520432756506,1.1884808587180502
3710,all,392,-0.03184601377685259,-0.27111117432420584,0.6111685869453809
3711,all,1237,-53.30288769449303,-4.233156186656405,4.661302673090518
3712,all,3002,-1.4518924602939056,0.04663584021550682,1.2630194295973343
3713,all,1079,-1.0375546361918286,-0.10479417501010446,1.8212004285021584
3714,all,4187,0.06032769710088781,0.3540008029836835,0.7474049210556766
3715,all,4973,0.18003211836980826,0.12583298539983778,0.6936112370660532
3716,all,3422,0.1436254258663422,0.09392678272048538,0.7728356962379732
3717,all,1227,0.0009366853813947973,0.08208195418762831,1.7434813287382849
3718,all,4710,0.12969574593927446,0.33990972303040257,1.0177354029870427
3719,all,5087,0.29238574826941577,0.3884833747627391,1.006881639917739
3720,all,569,-0.04391559874567874,0.009460102889160549,0.6566761653467459
3721,all,5527,0.33755035311984594,0.37663665086517095,0.8350464032896995
3722,all,1624,-0.7641231754747226,-0.3055368100729958,2.1526020187492727
3727,all,5547,0.29100925467337957,0.4078423205758269,1.29460139931682
3730,all,6097,-0.08319549962818273,0.21594731786734922,1.5893329393959
3733,all,4449,0.2771942643451165,0.329610685821622,0.6830755132087183
3736,all,1106,-5.343525299000978,-2.265617193512778,3.8948252843808655
3737,all,1140,0.035946825656530956,-0.24828478905622453,0.3030792424496743
3738,all,3409,-0.06666460199674673,-0.5617714067021129,0.07221765779027256
3739,all,1886,0.34726142930985193,0.3147338702852933,0.7634764564756837
3740,all,269,0.12311451660587058,-2.1408878030224683,4.048218326909761
3742,all,1418,-0.4574282504379168,-0.037443384395448476,1.8701447067612391
3744,all,5957,0.45483486380894445,0.47223554152770886,0.8686830119339037
3746,all,6061,0.29763905803495383,0.4237903022873084,1.2034479768620976
3747,all,6066,0.4640791451460716,0.4665019025843242,0.7859644035454434
3753,all,4956,0.20764699303350864,0.20289709654680677,0.9782775116570537
3754,all,6272,-0.020394975988391906,0.09569822788575144,1.6834880321180197
3759,all,1997,0.08400768737042186,0.4098990939916265,1.3942195888300692
3761,all,5599,0.47738407042692466,0.4798622807342605,1.0040867363247803
3765,all,1452,0.4305859477841254,0.3812416472533622,0.8364078699188547
3766,all,2874,-1.3062177854322412,-0.33370578631498304,2.0014151410889185
3767,all,2890,-0.18554612360832134,0.4212111999664757,1.086201727507635
3768,all,2128,0.22254937951955445,0.21880104704315495,0.6094585956942107
3769,all,3518,0.14502795661022894,0.1311586373344351,0.5996466828941125
3770,all,2664,-0.35795526562007507,0.38615092359699144,1.1856586079531055
3771,all,3401,-0.0559540169224364,0.3394265308982001,0.6839623327559243
3772,all,3047,0.3112807984277748,0.4256008335523588,1.3682076717378682
3778,all,501,0.12983691428719635,0.3060619495545718,1.4640720114284813
3785,all,1370,0.16597542312124558,0.060025778748678316,0.4711291265020647
3786,all,691,-0.24646003026849828,0.007869725046867004,1.6442979791060937
3787,all,5428,0.397183363965006,0.3245375798972254,0.7767605143845641
3788,all,640,-0.055714752217203234,0.1242690362635831,0.8916097870844272
3789,all,2650,0.21469249997667927,0.3254844247272076,0.780822034404561
3791,all,6545,0.43046220810758673,0.5085469337818853,0.9057932403252448
3792,all,7423,0.2117182918681355,0.5607986507972538,1.1459769555213901
3796,all,5939,-0.018275459821424977,-0.08345020992123464,1.7876941326528208
3797,all,2426,-2.0624119047459777,-0.8937826621939053,2.712378068912086
3798,all,3096,0.3558310171469661,0.44174795341804707,0.8597608574141704
3799,all,4944,0.23443879426141623,0.6066351480409617,1.0176827081254636
3800,all,1387,0.2571353071934902,0.5610491755026266,1.1297886825435106
3802,all,5080,-0.0217067438451497,-0.07669111644641302,1.8221156034584236
3803,all,4974,0.11100755303314769,0.05271607584762916,0.8933227108170727
3804,all,4487,0.3506189881669175,0.4064971573654885,0.7747387299649077
3805,all,117,0.16275373879411825,0.002371985738181537,0.6136872847861806
3806,all,632,0.12900936933219742,-0.13370784501806954,0.35669017931188907
3807,all,3397,0.2877008190524102,0.28843666853905503,0.9604344425508525
3808,all,1047,0.30968033468989975,0.4660747992490245,1.2155613831454113
3809,all,1258,-0.9255490376351208,-1.2447173601715171,3.133275126840969
3810,all,1782,0.2522808967729848,0.4482154527878137,1.2562297413177943
3811,all,2105,-0.6194818084220342,0.006035977061290998,1.8015687772599294
3812,all,816,0.49255116885914507,0.47172912525926014,0.7516972236661943
3813,all,879,0.3529240960558053,0.5725123563908548,1.0297156804756495
3814,all,5941,0.27844625454303673,0.3330366493565261,1.0559377745575873
3815,all,5202,0.12762696772040782,-0.014942512909105865,0.5733689710921275
3816,all,4387,0.2556571343178917,0.32436217015366786,0.9949861806301791
3819,all,571,0.03387067775287056,0.09596655040677493,0.9141707295081367
3821,all,550,0.05209735976642771,0.18688851164762987,0.8849970125586306
3823,all,513,0.01742620949200646,-0.14366921913047226,0.8141434471916469
3824,all,5001,0.3831826688622664,0.40912094698082435,0.9432952885492137
3825,all,4422,0.24030278247066772,0.1784947523824193,0.6457181761057379
3827,all,4506,0.3331601894098781,0.3549346010284067,0.8850581447844058
3828,all,4106,0.3671907852097379,0.570815823184287,0.9579561638598154
3831,all,3153,0.24399004338929975,0.11741131122667547,0.41924063017781404
3833,all,1014,0.24030666172103554,0.14364018493027497,0.7585106068440232
3835,all,4797,0.14799054886114227,0.05166901894254461,1.2069624300839903
3836,all,1144,0.3463718191428017,0.6814027418674005,0.9899435643504819
3837,all,3829,0.3873500503856647,0.40388387740598775,0.8678081880122033
3838,all,5962,0.193522611312267,0.08376917939306772,0.7025874490976587
3839,all,4778,0.09436416255591162,0.03237028688158805,1.35246434541743
3840,all,3796,0.18129948155912345,0.26051185895927487,1.2339985864378828
3842,all,4595,0.2675179620302245,0.2607608282003653,1.3120622391275396
3843,all,5121,0.23207314111595856,0.20252361647675154,0.9640000752274587
3844,all,4679,0.15137811196778372,-0.0780253469303569,1.787406963574095
3847,all,5119,0.2157277903562329,0.16617560052052283,0.8765159347653804
3848,all,546,0.17771607875128026,0.1916243474100887,0.8298479697689396
3849,all,588,0.24497050553685074,0.33041566466953975,1.312384756312277
3850,all,589,0.232609944297115,0.1342042963101956,0.7817413152356408
3851,all,1678,-1.1292339142964396,-0.8374623225665763,2.65680085544055
3853,all,805,-1.123655545013555,-0.015176529611937939,1.6323538955656445
3854,all,3637,0.04379290642874678,-0.26036006873381323,0.353888019809099
3856,all,720,0.010800327302335044,0.20241285885263716,1.5834781678181427
3857,all,586,-0.2491006980117485,-0.03979666677346971,1.7163581494706368
3858,all,526,-1.431078978636608,-0.9144854387227281,2.7282366759635295
3859,all,4373,0.37900578645275074,0.5205953963855043,0.8654155195952478
3860,all,4772,0.4163548546460504,0.424532272143035,0.6745500814060135
3861,all,4710,0.32306873418413296,0.2876430413901522,0.6356527000027634
3862,all,1701,0.19709958251062232,0.05333225638661876,0.2787344101117175
3863,all,1335,0.11702116782987271,0.039723923844515174,0.9674908581316294
3864,all,1782,0.2916443430167147,0.47420435041931497,0.6826970536689337
3865,all,3290,0.3802274386522515,0.347690623197347,1.5635753477755987
3866,all,1241,0.2967395835045872,0.5655159510387828,1.1665377159516648
3867,all,4984,0.18054302541550216,0.017570122133590438,0.5470428844424065
3868,all,3912,0.26170637351649617,0.17889186738582863,0.6336442309772854
3869,all,4702,0.2093402380845064,0.0789160581590922,0.6007071583574242
3870,all,4284,0.24134314735260465,0.2005290535819747,0.7993467732818303
3871,all,4322,0.21342122038065314,0.19197776213352014,1.3272510498812222
3872,all,5445,0.1638806085046478,-0.013445997571199797,0.4663647568953983
3873,all,1594,-1.4557147587840649,-2.4504045436507886,4.3529658425286355
3874,all,503,-0.0851458398557885,0.12050398362861814,0.774799050111134
3875,all,721,-4.494312734176967,-0.6028181266381534,0.7532268025178483
3876,all,385,-26.92851400164251,-3.8271580328263592,4.19454457270885
3878,all,249,0.04017300263633916,-0.24816512367639265,0.47941919056366605
3879,all,1455,-0.04588891548329643,-0.009158282020513386,1.775032960461822
3881,all,1623,0.04834826952955662,-0.11594499577028516,1.6511874254003436
3882,all,2016,-0.38606199088983906,0.3308757086307571,1.309198739588143
3883,all,204,-23.750274323970338,-9.556179666138071,10.887351595480084
3885,all,2827,0.09469672205814728,-0.020760127389594096,0.7875959798579889
3886,all,3377,0.18477538728149678,0.2853474151646932,1.284706878608954
3887,all,4489,0.07536521707274135,-0.1279136330758317,0.3366122960972026
3888,all,3720,0.18194658499282845,-0.13418862576467405,0.21163171982448106
3889,all,3385,0.42829256909928326,0.6870438281645,1.04907203737702
3890,all,3728,0.4398095194741861,0.49065909966103827,0.7489482150189237
3892,all,3334,-0.8075485652873993,-1.236127111151104,3.141589063337511
3893,all,4590,0.11074591067725092,0.0172265961954301,0.7181456610682123
3894,all,1691,-0.09263130069928494,-0.14545637278759904,1.4942610817870998
3896,all,5032,0.16083073626246525,0.13412282684608268,0.6479912065588165
3897,all,5610,0.08573369092338301,-0.1558387209347687,0.4468697481796686
3899,all,4405,0.16492740360901015,-0.00933473820577091,0.5703054142512344
3900,all,2030,0.07387101870491031,0.31191040132184655,1.4036423434410708
3901,all,1654,0.25089848267259873,0.2921736633437504,0.9133306546784512
3902,all,1844,-0.35905153769788645,0.3902869538864767,1.263588533793199
3904,all,4049,0.36595568685758206,0.5267038804916713,1.0720424714792285
3905,all,4671,0.42297624583470805,0.32803606302047184,0.6735899769347208
3906,all,1102,-0.16286316983411786,-0.19658244315046036,0.2922941427011167
3908,all,3620,0.278867772256975,0.1646113569155334,0.4745584618150128
3910,all,4221,-0.046471675585465944,-0.09501393640054268,0.29077443423610316
3911,all,4399,0.24958162425167907,0.10908086814201201,0.5693370204119522
3912,all,3884,0.23507144092388188,0.19612908404113105,0.7134447886175085
3913,all,2488,0.2305879913758726,0.1395270712262876,0.8371367105814156
3914,all,1423,-0.04287827420697887,0.016724942271465815,1.4196481295634864
3915,all,269,-0.13667625327453536,0.0543795611100526,1.6079744222986565
3916,all,1276,0.31997439804129757,0.4045886952437797,1.2268483651141964
3918,all,1843,0.20704944820670135,0.12404165441685167,0.768803052258484
3919,all,724,0.3142767395653908,-0.06783420701241671,1.9568174535871796
3921,all,3898,-0.042712939692278074,-0.11683183981688683,1.9857631573828085
3922,all,2330,-0.15667223924457585,0.1174229271126932,1.3135702368623623
3923,all,3204,-0.002356646748679969,-0.3685421992467435,0.15641382247405589
3925,all,3553,0.15298389654957012,0.1283238895785216,1.3048693511889982
3926,all,905,0.0446260397181486,-0.039423040826818356,0.9559642684140536
3927,all,2536,0.058055622454291966,0.024852346028523153,0.29298093668434533
3928,all,2949,-0.016227795165117964,-0.10029513580774818,0.25496839546503314
3929,all,4228,0.011095486769544749,-0.4159483481476187,0.12667393279385655
3930,all,1001,-0.247974498276889,-0.15592371382618042,2.0221196642126817
3931,all,2977,0.3882956261936106,0.509077624413615,0.7932938530252575
3932,all,348,-0.41499486418022036,-0.6707780849941527,2.6216230734655923
3934,all,2577,0.5504460162340592,0.5350481922659157,0.8156191344229011
3936,all,2442,-1.8557198049970598,-0.7475002693120392,2.451992778543869
3937,all,3742,-0.4875728616209616,0.10774032337131378,1.6548816362261858
3940,all,4450,0.06383004707890494,0.18619356120062358,1.0170467866975248
3941,all,3625,0.18461781908805097,0.0969797149546976,0.8043403458711935
3942,all,439,-1.128972064121168,-0.027204437269262804,1.596828027785614
3943,all,877,0.034096707004168336,-0.0285552729915024,0.9271805664876924
3945,all,1885,0.17718722514347363,0.12264353806796813,0.28810046400182837
3946,all,1846,0.1448669370136242,0.08486946641105686,0.5209506607431771
3947,all,1031,-0.6729924723074745,0.22901243765794443,1.2958650596756434
3948,all,859,-3.813321869181647,-0.6256764697850152,1.7981759250095937
3952,all,1508,-0.38547394808179325,-0.001956050651709118,1.6656264561356269
3954,all,2097,-3.883837204892016,-2.5484067176441867,4.282685562443861
3955,all,899,-0.26511370168408765,0.18238549850158092,0.8797025455904747
3956,all,1832,0.21004777363258043,0.316605986328519,1.437872837327306
3957,all,316,-2.052769809870578,0.0391995839937217,1.475400913078377
3959,all,1374,-0.07749967547697012,-0.1733684663680184,0.6825278119551869
3962,all,1757,0.05915508544876458,0.09182555876896203,1.684724241936264
3963,all,1114,0.3512460355875492,0.3682554819096866,0.4690345767575474
3964,all,487,0.5324857967994573,0.179779383134265,0.3593936941052518
3966,all,2572,0.35822933809716084,0.2412628757313081,0.6531391190030307
3967,all,2929,0.39053790260924226,0.2732754809134379,0.7637432738766977
3968,all,2013,0.2524627095299852,0.09903856746674355,1.3568094980565615
3970,all,1161,0.13964705979435876,-1.2843451053287387,3.2311135287903032
3971,all,1974,-0.14127645048566495,-0.43117202763620677,2.3077372962445604
3974,all,908,0.14412108245978184,-0.18019251574324047,2.0229495241302935
3975,all,1934,-0.0022268027243663724,-0.22509320189188786,0.275352292308896
3977,all,3280,0.19070429916753273,-0.11148483996311875,0.21304804517163506
3978,all,2466,0.4295869339515552,0.4056547457751578,1.5323372259371304
3979,all,3311,0.5015221576206237,0.2468006352905493,0.4948665690636182
3982,all,4551,-0.5399774723782338,0.11361365078883368,1.7912950667552194
3983,all,5578,0.04869820637289368,-0.03891366413908548,0.5806303497198914
3985,all,298,-0.024324670311635765,-0.23238924271338357,0.3268428227014162
3986,all,888,0.13882754838232436,0.023146560171028008,0.5449120514267156
3987,all,271,-9.809013458416802,-0.9762577090343605,2.4600545835127177
3988,all,488,-1.0298215053048372,-0.13933607173266882,0.4477057780312369
3989,all,532,-1.7304969590206847,-0.04833855722289715,1.3684972301261313
3990,all,844,0.1840181078633566,0.2410601318527522,0.548005867614754
3991,all,757,0.03753493521598039,0.38419937145512206,1.5780396045349006
3992,all,882,0.48665481475994277,0.7397384382460721,0.9325832261588164
3993,all,999,-0.0412069338251877,-0.25443206876502944,0.39567815868818434
3994,all,786,-0.007532795008371895,-0.06695207706605277,1.6562321584806665
3995,all,2761,-0.12785355781927787,0.1634700773575244,0.6551162732806063
3996,all,782,-0.045973488856923206,0.4818713499053482,1.0049516392669195
3997,all,776,-4.477164266198283,-1.143969689688598,2.6244740965031985
3998,all,1302,-1.7410115338018826,-0.12263961444897409,1.6135100292868725
3999,all,8067,0.2325124544804429,0.26785092549597744,0.5402429475535526
4000,all,5710,-0.8396246097848601,0.1879723005973779,1.437701875492374
4001,all,5675,-0.06248065864393082,0.39399977801812924,0.9725292588427493
4002,all,3676,0.22663937429995673,0.31805845011025224,1.1009643438673165
4003,all,1226,-1.1585588344691886,-0.07679509076406421,1.667010413724403
4004,all,8119,-0.014693783922544279,-0.06608404778215493,1.8081810453681424
4005,all,5047,0.30181050999960146,0.34406219092109136,0.8172413746035362
4006,all,1098,0.25001622941275004,0.3835694836600708,0.6812505328668786
4007,all,1846,0.3146302255316864,0.3851437656685358,0.7932352649482965
4008,all,5583,-1.1941222628760322,-0.00377558093669772,1.5644673318680025
4009,all,2253,0.02812412162918554,-0.17094643226479267,0.25869974945951224
4010,all,5561,0.250002014142945,0.3300476253698158,0.6457088929401106
4011,all,4345,-0.3235186230380751,-0.33585405279707525,0.09267468450704794
4012,all,5613,-0.4337316985412023,-0.46448807187117747,2.388126005292632
4013,all,5635,0.30491174703934776,0.5413398941006333,1.326398363122006
4014,all,1052,-0.028036912835296635,-0.3684366393715659,0.708459320142822
4015,all,3861,-7.14407416972232,-2.311632566845646,3.7655439051021586
4016,all,1284,-4.235282108942501,-1.5160367497159517,3.0071685123356797
4017,all,7930,0.1845834468148908,0.15513822832876878,0.4861431545091572
4018,all,4561,0.1598523661940232,0.18595650679926157,0.43717529016830237
4019,all,7575,0.25233844828041996,0.17496193477390098,0.4441667302099466
4020,all,1805,-14.44956610731082,-4.960689166297066,6.739201106433698
4021,all,1249,-0.503743097938296,-1.0990443404724286,3.025181943401512
4022,all,2398,0.49574643492116377,0.5806188137994184,1.1169087096252797
4023,all,1254,0.09412812866390285,0.556067100609978,1.2107370094548267
4024,all,3525,0.33945110589660976,0.3188276367731361,0.6934977445920651
4025,all,2093,0.20590485281454107,0.23494555064115064,0.6186401279187757
4026,all,3830,0.44251538497716325,0.5886708230046671,1.1141037574144803
4027,all,5550,-0.2520688676721645,0.2780836109774135,1.5718863754752241
4028,all,6824,0.04945098899826983,0.4272572314975318,1.4308705873269691
4029,all,4533,0.2573221899461331,0.5051825782554191,1.287356787780973
4030,all,11811,0.2950330705570099,0.24236877749636587,0.7573310595300321
4031,all,2710,0.13628628322310699,0.18199192906758543,0.6189242626833703
4032,all,97,-0.4849645969502545,-0.3410949192902437,1.9918110138296867
4033,all,737,0.038645554903856794,0.3230598317975035,1.464275205222555
4034,all,2669,-1.8886724962467745,-1.1311648302754147,3.044378520697939
4035,all,3035,-0.3833930101462424,0.3773188236508247,0.7502241666301742
4036,all,4241,0.39926281477354375,0.47758685630890874,0.733024753454922
4037,all,660,-3.7472889164990555,-2.4783117189579658,4.335135093766562
4038,all,374,0.055239907554754164,0.38628831984853795,0.9593698918496777
4039,all,241,-7.030551298261946,-1.1593336534163385,2.153873103287618
4040,all,293,-2.042651787735185,-0.48545979132082673,2.138801073753737
4041,all,7068,0.4574214837992965,0.5402058517740913,1.2012372936007125
4042,all,2366,-3.672635514748979,-1.0148187107686293,2.8842258038394166
4043,all,1490,0.04489874814723216,-0.048678394801074276,0.7489278084599588
4044,all,2640,-1.7544591157500178,-1.3586555756190344,3.2244086198105824
4045,all,1424,0.08919720043070245,0.5148208163606995,1.0214282632622815
4046,all,1413,-1.2023962595753863,-0.09202658762124716,1.7177096233562168
4047,all,7038,0.32443168931732613,0.45414232307737934,1.1178017936691758
4048,all,2235,0.03833516683317417,0.2535478487489986,1.6242573047984623
4049,all,1174,-0.22069408280285274,0.04395103967126157,0.9139416509230216
4050,all,1926,0.4561302494313254,0.39062103370586876,0.7253402467187918
4051,all,1991,0.06785918952215764,0.4012859397526236,0.9390511000689314
4052,all,2464,-1.3863717534444349,-1.616251107608781,3.4915600318398545
4053,all,5465,-0.12892310369176352,0.07415530638092527,0.4985356625500606
4054,all,5228,0.40605662146895904,0.639910327761738,0.9741582244669237
4055,all,2283,0.3599484319840661,0.4460142029370602,0.6237869773534955
4056,all,7357,0.1371350331138509,-0.09933527179193069,0.28132321784018594
4057,all,9017,0.1671919356131344,0.05306073292014335,0.511558117567279
4058,all,4129,-0.18620916854394354,-0.2534140221152763,0.20840350732133184
4059,all,7852,0.2770049304579465,0.3926227344985005,1.0742812811717029
4060,all,7027,0.5319454820679268,0.49450977029810883,1.2461108611630833
4061,all,8698,0.24701925059739716,0.24433278343084597,0.7866907118799693
4062,all,9608,0.16205076659290907,0.05697778736587644,1.8010469077440732
4063,all,2745,0.18969361398689089,0.2819106568180909,0.5506674071273094
4064,all,5468,-0.19116507875093314,-0.803622834248789,2.745658458267074
4065,all,4727,0.1126860528248409,-0.20129135778929585,0.1525458326609721
4066,all,10418,0.15550515717709634,0.1405434760003177,0.6275154086120592
4067,all,7679,0.10297355459368729,-0.05854082094512436,0.48608433984096155
4068,all,671,-0.11622520136336023,-2.4341718558580525,4.411638759859288
4069,all,510,-0.6632877216056405,-0.3009555191442961,0.2965799576315026
4070,all,2028,-215.1617425534718,-41.00107180815684,42.33341533740367
4071,all,2439,-1.6734362292313651,-0.6941053908337274,0.018540744748115928
4073,all,1762,-19.02171316406819,-8.087688429996845,9.546545919343085
4074,all,482,0.3982874335414851,0.7073259529862641,1.0336815049448096
4075,all,4924,0.17334038759660853,0.06137746237194719,1.864078859474652
4076,all,2227,-6.618083137528967,-3.4044383935839333,5.119011037675807
4077,all,7003,0.2863794851010846,0.3444726875557633,0.7194132553502574
4078,all,4176,-0.08117750551034209,-0.03954841990472446,0.45356448555991485
4079,all,4549,-0.3661236638132366,0.29742924510197544,1.3291629053036957
4080,all,1319,-14.573204952238475,-2.519612132509852,3.3386556763837194
4081,all,1261,-2.576688132130309,-0.35895615293983063,1.90726937774613
4082,all,7468,0.16600255645285222,0.33943837885106876,1.425935297846338
4083,all,3511,0.18710919327187947,0.4507520125152298,0.9255235126694511
4084,all,3955,0.051546359346160364,-0.0693436459557295,0.35837810693335603
4085,all,5694,-0.34663637166897154,-0.0588441586994819,1.8500086570283198
4086,all,1999,-0.27480151395730257,0.2515663155170371,0.7881746620837321
4087,all,9216,0.07638914619612902,-0.0834322996049317,0.5845870135477967
4088,all,2527,-2.24470987852667,-1.1522233642044637,2.8901701471128627
4089,all,4298,-0.28497159062985444,0.2444696364703327,1.3710832695254547
4091,all,5599,-1.0528584948270447,-0.3163778930918968,2.1389770976605593
4092,all,8592,0.15232647035978475,0.11823452016973368,0.449400636974872
4093,all,8687,0.3346257539105011,0.44352665420735526,1.1354150754812906
4094,all,3522,-0.7800653871034493,-0.47289001294634847,2.333614190495107
4095,all,5972,-0.6158068506382808,-0.027596867210005094,1.8241096026646095
4096,all,8675,0.39866524893242916,0.4066816721082446,0.7158447893999942
4097,all,6469,0.39606650223142303,0.36622457418559784,0.715947652515622
4098,all,4663,0.1614456964090607,0.39195219434606887,0.9706742731549308
4099,all,6018,-0.10514436871487032,0.41500481470157546,1.4034917082196507
4100,all,3660,0.16559189061312063,0.17366513607353296,0.5403537070973421
4101,all,8667,0.5058122829642622,0.5647164664177398,0.9562688781434334
4102,all,6227,0.47581071583826706,0.5757278960704171,0.833872325154487
4103,all,4234,-0.03908917691941394,0.28968163720317375,1.5757443153069082
4104,all,191,-0.9030936791632007,-0.10910790761882905,0.29876050560320755
4105,all,33,-1.1458849905977697,-0.06947469556324637,1.2308297337810252
4106,all,5037,0.2442097433932694,0.4844144271945787,0.8153079653013959
4108,all,6148,0.32118676900987675,0.5540215845350309,1.3254089458912415
4109,all,7113,0.25786794487547127,0.21648132677829468,0.6631525250405504
4110,all,6644,-0.5609882084728197,0.005798494234671825,1.7565845563000786
4111,all,7412,0.42837599377731295,0.546351956002287,1.1460910679906726
4112,all,3250,0.22086033238734737,0.41736139730462596,1.3070986829018747
4113,all,1945,0.11198711045551157,0.4989604226910236,1.2287704680511058
4114,all,2065,-0.40255720785436333,-0.04199107976332184,1.7075156364326114
4115,all,7137,0.292987581838981,0.3208772579575563,0.734663028008547
4116,all,5847,0.5066233643824984,0.5391894561047252,0.7441412284432047
4117,all,5110,0.21813541826212612,0.4256832214705316,0.6893145162342935
4118,all,4875,0.3928024749027341,0.43212434536795397,0.7815761775132322
4119,all,7621,0.3554503022421509,0.43273554938212777,1.0257899436186666
4120,all,7600,-0.21583626051622073,0.13284811427571064,1.7355434191501788
4121,all,6956,0.20371879923730596,0.1709248209900811,0.505445220793544
4122,all,4823,0.4201101259639686,0.4922037540459032,1.2737885864967835
4123,all,7529,0.15380858592938373,0.5425082748852738,1.1067173170892664
4124,all,5555,-2.6994173935711965,-0.6517022571823265,2.3793962668904722
4125,all,3194,-0.27562460960453516,-0.4971489329073544,0.0914693074340201
4126,all,3642,-1.4519056570756361,-0.13151129044028553,1.6805973383457173
4127,all,2156,-0.010574136155091951,0.3793879423791596,0.8608238568364736
4128,all,4645,0.10914924022225547,0.18528918644344783,0.9431895687502176
4129,all,6540,0.1692398725203701,0.39257499377703786,1.2095210125968723
4130,all,8167,-0.010795426157128807,0.1588946073204831,1.7208086589783844
4131,all,7461,0.21572654372112232,0.1783688026960477,0.6517794087324144
4132,all,6192,0.15706732844693783,0.3218132708522927,1.4921170756453395
4133,all,3107,-0.3838251907888661,0.13426862183473154,1.703508770799119
4134,all,5565,0.13109337393277487,0.28370665444668597,0.7794141411741543
4135,all,5324,0.39019282880113826,0.4425614104180522,0.7469263619898041
4136,all,2681,-4.937985015681634,-1.7877306896926939,3.334745882425477
4137,all,1435,0.3166360114751964,0.3107344292264861,0.8641463595091303
4138,all,5791,-0.2623423245767482,-0.7221852220973461,2.4537459896006157
4139,all,887,-2.954804203841853,-1.2555021517774683,3.1072537985264552
4140,all,5393,0.5214828970605528,0.522638419639133,0.8379290932617502
4141,all,1456,0.2950021261755862,0.5480880582026266,1.2735258290792877
4142,all,880,-1.0263685956909363,0.21678473234958495,0.9699040112436139
4143,all,5571,0.014101072593702968,-0.16372647331860013,0.8005217388405094
4144,all,4673,-5.905350191721601,-1.171338808197941,2.0820032467646263
4145,all,4047,-0.06353437407001139,-0.34876345273217124,0.1507575295616936
4146,all,4468,0.14429568747774113,-0.04666045333252655,0.4984861227372754
4147,all,9365,0.08786061080501684,0.2219416597308269,0.6634872266068443
4148,all,6452,0.21493500146740274,0.11992394703423881,0.6953185936744635
4149,all,6311,0.29715141058648586,0.30765031798789577,0.8605127790345246
4150,all,3006,0.14557178958433625,-0.0027187454767174657,0.3877132919161056
4151,all,3251,-0.16121449074709715,0.37784688298967795,1.335374032636624
4152,all,277,-63.360662268121246,-6.78626635127287,7.269977577096322
4153,all,4921,0.08003777156272984,0.24473262028346565,0.9423877219468059
4154,all,1702,0.32829094817096593,0.15272244587490091,0.5130478351030042
4155,all,6665,0.1984104321924972,0.4987104370418938,1.1352271659940079
4156,all,4394,-1.3041465924250142,-0.46771896041629835,2.3604168718233485
4157,all,5621,-0.027032207459658064,0.038398063438193075,0.4186339370784149
4158,all,7642,0.18018715916079986,0.15839946795412063,0.5399374556869979
4159,all,925,-0.3095810003394093,0.022310163754859946,1.3874658467065255
4160,all,4214,-0.4530726966465699,0.34968090928132,1.2329313223874685
4161,all,6274,0.3422878863060351,0.5551164402582932,1.2961284412107603
4162,all,5069,-4.656846717276967,-1.3884156400786982,2.8433860519578005
4163,all,5145,-10.175800974635989,-1.7539288479754167,2.3166974935328417
4164,all,4088,-0.2620337375288484,0.33218302949806056,0.8935905512789039
4165,all,2301,0.34978765345536256,0.2564880223852982,0.5607632551366736
4166,all,3229,0.32954056619101857,0.3570498811630749,0.6539026792878864
4167,all,2146,0.14712288356679726,0.1024624862423843,0.5723612159358206
4168,all,1795,-0.47862583003530257,-0.1435238400313601,1.706485202853978
4169,all,1033,-1.0647717745783294,0.10619167129065132,1.450470733176404
4170,all,2108,-0.09050639501725555,0.37596335708754003,1.428312519228981
4171,all,4130,-0.060404017809059685,0.016642828308671143,1.9039836692401915
4172,all,1173,-0.15549326709801203,0.3878947797876884,1.4338007840511902
4173,all,1214,-2.3482467754705065,-0.2774282674582913,1.592410407282471
4174,all,1578,0.1710791073372716,0.18208453622477416,0.8338437113841994
4175,all,7310,0.18787158443734375,0.25638199068370326,0.7222403729444256
4176,all,8121,-4.005437141021001,-1.0844361753109437,2.9318774386330544
4177,all,743,-0.6071200851644394,0.19978412042072802,0.9305399029604209
4178,all,1339,-33.02544358438726,-9.266064165891192,10.31066370791022
4179,all,6841,0.25067852656101186,0.5498420548028068,1.3425033169455307
4180,all,6538,-0.4763219788647062,0.1382357447336332,1.6671825842252248
4181,all,4586,0.20423374276684647,0.2918669520097804,0.7389774417454597
4182,all,5243,-0.7345424788617227,-0.5084868227094013,2.328593279982934
4183,all,5493,0.3866701076767032,0.590042706438602,1.0896240342129226
4184,all,2555,0.486735224244198,0.4579493915114278,0.888707979813618
4185,all,2002,0.3431558480306809,0.6445181915127043,1.2048334181977554
4186,all,2788,0.5173609775118121,0.5952372359159693,1.1173587684827417
4187,all,973,-1.0870301862834877,0.056178768396248246,1.7540833773076927
4188,all,6032,-1.0240433500113397,0.03269509567452966,1.7031612930631976
4189,all,5230,-1.5173970170798272,-0.2943889423237809,2.0459379161603577
4190,all,2168,0.10590640082918557,0.5720740183185071,1.1153193818191092
4191,all,7080,0.20815783378707142,0.4872830964275885,0.896377682110859
4192,all,4800,-0.5514600083723402,0.18450741269873627,1.5777701669976472
4193,all,6867,0.47164181514931924,0.6506629213092453,0.916914218392067
4194,all,4524,-0.665580648588828,0.08009633518796955,1.8294493445602733
4195,all,2165,-0.6222894146420668,0.28801506274420585,0.7363200628990157
4196,all,6717,-0.16770560922116262,0.03331621227446313,0.39898451512069305
4197,all,5721,0.14737478899477063,-0.045463806780669636,0.5677062557618944
4198,all,6397,0.07112850801384207,0.16916955965560732,1.707820570297039
4199,all,1569,-1.352863780818514,-0.006688723739880498,1.6641385349014293
4200,all,8177,0.11076792271515523,0.5294100765890946,1.2694702618945917
4201,all,5094,-0.32289956717316337,0.38926875899740354,0.9669822361309404
4202,all,3718,-0.008651184704177695,0.3396177855773177,1.060371115560736
4203,all,8188,0.29661690113066363,0.4362707331006901,0.6818470466169388
4204,all,1341,0.035284903961629754,-0.19095127264009526,0.8279612435817073
4205,all,3916,0.5136395202480843,0.6231928196802853,0.6948808111034486
4206,all,1862,-0.004094618391202065,-0.28203552590478775,0.3026690025327439
4207,all,2920,-15.919657969483772,-1.2282251064947518,3.0237267025104257
4208,all,3400,-0.05412388205338581,0.5140104597906696,1.4318995892226003
4209,all,908,-3.6691327152813704,0.09894713741996874,1.386889685416491
4210,all,1629,-0.07326775381114348,-0.13302216039580084,0.4581706531443985
4211,all,785,-4.037186838374608,-1.4544124654729016,2.9513372322159794
4212,all,1352,-50.61620731343593,-9.779715192987924,10.217281910169502
4213,all,765,0.1271170134781371,-0.03264356192555251,0.47336121364319944
4214,all,1944,-1.3675686546959147,-0.6089399919201126,2.3683467164845844
4215,all,2071,0.2943965802187176,0.35839155367198416,0.9807631483435206
4216,all,2955,-0.23254726634630396,0.3524894253719334,1.3444390512180067
4217,all,1563,-0.2502156739882435,0.33447193855613877,1.3739528566563608
4218,all,1237,0.5397343111430997,0.6964628877942798,1.154750926564589
4219,all,573,0.07512487054483075,0.12818423752117525,1.2868900526195404
4220,all,1413,0.3706642156539429,0.5938309168407787,1.0452843389591062
4221,all,1061,0.22454068703817776,0.21099834443239718,0.7088971897363192
4222,all,3026,0.36758677561899433,0.5360874416331103,0.7745443121786789
4223,all,1315,0.5263894912059341,0.4347711881514379,0.7892901858900718
4224,all,547,0.3532594463748415,0.4746118611216841,1.3782308055691814
4225,all,725,-0.015057036303238736,-0.32177024299082824,0.7058378406411944
4226,all,1342,0.018580159707280663,-0.043745428086105154,0.43558893626106415
4227,all,1994,-34.31806468680471,-6.357532063854597,7.680978092110965
4228,all,1237,-0.16135597407901314,0.02024244343398618,0.3841993008330358
4229,all,814,-20.20843302822201,-5.483046030745458,6.867574095835694
4230,all,1575,-1.2211585081744065,-0.10660224307671018,2.0320950518861274
4231,all,786,0.15247884188492666,0.08877321458024567,0.4073862432083082
4232,all,480,-17.234285088196764,-3.1098106389890576,4.3170280808337225
4233,all,1806,0.05979052625700698,-0.11177783018898713,0.5391447838177057
4234,all,1723,-0.510784435716241,-0.16189569591401742,1.9443149911144124
4235,all,2735,0.4789446423814844,0.6758374609702229,0.9165884231557689
4236,all,2453,0.36638336802467364,0.5920795290687793,0.7902118141297005
4237,all,2831,0.19945106306582816,0.22428568649460146,0.4468335565666729
4238,all,1217,0.18993212917758928,0.3666260092421686,1.5365292757106042
4239,all,949,0.25582038012808916,0.6189398393508465,1.1430036330707225
4240,all,1456,0.25020144656203824,0.364918292489549,0.6929694784909607
4241,all,1009,0.08353116154934126,0.3577135511494025,1.498098864645137
4242,all,835,-20.541753444462916,-5.205463168381097,6.34891368489136
4243,all,706,0.035793906694818745,-0.2478319598609675,1.8575869753580105
4244,all,1736,0.10073975006460767,0.4143612933370451,1.4293039880034066
4245,all,2838,0.11676834866193586,-0.042691003923591486,0.2929441564201203
